portfolio_key,horizon_years,expected_return_pct,lower_return_pct,upper_return_pct
1nvest_alsi_40_fund,1,0.065691784,-0.195130196,0.32600519
1nvest_alsi_40_fund,2,0.063679684,-0.129425108,0.246032771
1nvest_alsi_40_fund,3,0.063389116,-0.096980205,0.20768074
1nvest_alsi_40_fund,4,0.062422201,-0.077990004,0.184707334
1nvest_alsi_40_fund,5,0.062523827,-0.06301579,0.170868415
1nvest_alsi_40_fund,6,0.062806362,-0.054110104,0.160725399
1nvest_alsi_40_fund,7,0.062645001,-0.045381962,0.153579614
1nvest_alsi_40_fund,8,0.063081113,-0.038428474,0.146710671
1nvest_alsi_40_fund,9,0.063270439,-0.035352152,0.141496194
1nvest_alsi_40_fund,10,0.063519365,-0.030077736,0.137782184
1nvest_alsi_40_fund,11,0.063546641,-0.026799789,0.132873112
1nvest_alsi_40_fund,12,0.063602299,-0.023380982,0.129232491
1nvest_alsi_40_fund,13,0.063626189,-0.021219141,0.126523925
1nvest_alsi_40_fund,14,0.063577289,-0.018597365,0.123879341
1nvest_alsi_40_fund,15,0.063746354,-0.015783047,0.121249163
1nvest_alsi_40_fund,16,0.063741866,-0.014191418,0.119631164
1nvest_alsi_40_fund,17,0.063388402,-0.012092223,0.117555791
1nvest_alsi_40_fund,18,0.063457487,-0.00972484,0.11579523
1nvest_alsi_40_fund,19,0.063436487,-0.007751602,0.11282057
1nvest_alsi_40_fund,20,0.063433571,-0.006284835,0.110952572
1nvest_alsi_40_fund,21,0.063309414,-0.004058365,0.110181306
1nvest_alsi_40_fund,22,0.063199883,-0.003634575,0.108134183
1nvest_alsi_40_fund,23,0.063156564,-0.002639541,0.107153283
1nvest_alsi_40_fund,24,0.063127875,-0.001967411,0.105149079
1nvest_alsi_40_fund,25,0.063223775,-0.000796979,0.103958722
1nvest_alsi_40_fund,26,0.06317289,-0.000594434,0.10285412
1nvest_alsi_40_fund,27,0.063221694,0.000586476,0.102241539
1nvest_alsi_40_fund,28,0.063310033,0.001683122,0.101402097
1nvest_alsi_40_fund,29,0.063267303,0.002681596,0.101281735
1nvest_alsi_40_fund,30,0.063340965,0.003361722,0.100209894
1nvest_alsi_40_fund,31,0.063167806,0.004388743,0.0986869
1nvest_alsi_40_fund,32,0.063124624,0.004785186,0.09811696
1nvest_alsi_40_fund,33,0.063121869,0.00538828,0.096957744
1nvest_alsi_40_fund,34,0.063108649,0.005987839,0.096156529
1nvest_alsi_40_fund,35,0.063048732,0.006459371,0.095720415
1nvest_alsi_40_fund,36,0.063124961,0.007145028,0.094963674
1nvest_alsi_40_fund,37,0.06304906,0.007799789,0.093597868
1nvest_alsi_40_fund,38,0.063052929,0.008179231,0.093375243
1nvest_alsi_40_fund,39,0.063119911,0.008499472,0.092464386
1nvest_alsi_40_fund,40,0.063141173,0.009261301,0.092241701
1nvest_alsi_40_fund,41,0.063179933,0.00981173,0.091713602
1nvest_alsi_40_fund,42,0.063288053,0.010360625,0.091688697
1nvest_alsi_40_fund,43,0.06329437,0.0111494,0.091535706
1nvest_alsi_40_fund,44,0.063232149,0.011547616,0.091347234
1nvest_alsi_40_fund,45,0.063206336,0.011878702,0.090477789
1nvest_alsi_40_fund,46,0.063148374,0.012021177,0.089442487
1nvest_alsi_40_fund,47,0.063179788,0.012541951,0.088918064
1nvest_alsi_40_fund,48,0.063229089,0.012940847,0.089120707
1nvest_alsi_40_fund,49,0.06327869,0.012845658,0.088554156
1nvest_alsi_40_fund,50,0.06329473,0.013524969,0.088404479
1nvest_alsi_40_fund,51,0.06332492,0.013973822,0.087988813
1nvest_alsi_40_fund,52,0.063332469,0.014405942,0.087757905
1nvest_alsi_40_fund,53,0.063375579,0.014486204,0.087274289
1nvest_alsi_40_fund,54,0.063311722,0.01489045,0.087202592
1nvest_alsi_40_fund,55,0.063347253,0.014904421,0.086931573
1nvest_alsi_40_fund,56,0.063382284,0.015357748,0.087106637
1nvest_alsi_40_fund,57,0.063383437,0.015489783,0.086765637
1nvest_alsi_40_fund,58,0.063351794,0.015707921,0.086208582
1nvest_alsi_40_fund,59,0.063312043,0.016159831,0.085876302
1nvest_alsi_40_fund,60,0.063342086,0.016391907,0.085430678
1nvest_alsi_40_fund,61,0.063450411,0.016899678,0.085472053
1nvest_alsi_40_fund,62,0.063397553,0.016992898,0.085115322
1nvest_alsi_40_fund,63,0.063430777,0.017391171,0.084823603
1nvest_alsi_40_fund,64,0.063438038,0.017184756,0.084543038
1nvest_alsi_40_fund,65,0.063462348,0.017708165,0.084731022
1nvest_alsi_40_fund,66,0.063498483,0.018107347,0.08443132
1nvest_alsi_40_fund,67,0.063528069,0.01809345,0.083946829
1nvest_alsi_40_fund,68,0.063567552,0.018660316,0.083893052
1nvest_alsi_40_fund,69,0.063565166,0.018896617,0.083582929
1nvest_alsi_40_fund,70,0.063549438,0.018888293,0.083269351
1nvest_alsi_40_fund,71,0.063635649,0.019142169,0.083033753
1nvest_alsi_40_fund,72,0.063710673,0.019312756,0.08280603
1nvest_alsi_40_fund,73,0.063692729,0.019364036,0.082492199
1nvest_alsi_40_fund,74,0.063649745,0.019639812,0.082361109
1nvest_alsi_40_fund,75,0.063719702,0.020156184,0.082140695
1nvest_alsi_40_fund,76,0.063623388,0.020295545,0.081898649
1nvest_alsi_40_fund,77,0.063508514,0.020734932,0.081548181
1nvest_alsi_40_fund,78,0.063498793,0.020889198,0.081325642
1nvest_alsi_40_fund,79,0.063522798,0.021111273,0.081158342
1nvest_alsi_40_fund,80,0.063509995,0.02135127,0.081088575
1nvest_alsi_40_fund,81,0.063516642,0.021481936,0.080698067
1nvest_alsi_40_fund,82,0.063604067,0.021671092,0.08061548
1nvest_alsi_40_fund,83,0.063646116,0.021583176,0.080537588
1nvest_alsi_40_fund,84,0.063627027,0.021811567,0.080469119
1nvest_alsi_40_fund,85,0.063604833,0.021971122,0.080279861
1nvest_alsi_40_fund,86,0.063651077,0.022093905,0.080211463
1nvest_alsi_40_fund,87,0.063674804,0.022192467,0.080163614
1nvest_alsi_40_fund,88,0.063611212,0.02251834,0.07987186
1nvest_alsi_40_fund,89,0.063620317,0.022627182,0.079682984
1nvest_alsi_40_fund,90,0.063652914,0.022642338,0.079803453
1nvest_alsi_40_fund,91,0.063652069,0.022902657,0.079615389
1nvest_alsi_40_fund,92,0.063633304,0.023184219,0.079290553
1nvest_alsi_40_fund,93,0.063686546,0.023296202,0.07896298
1nvest_alsi_40_fund,94,0.063632222,0.023453527,0.07895328
1nvest_alsi_40_fund,95,0.063639684,0.023895373,0.078580104
1nvest_alsi_40_fund,96,0.063632886,0.024034057,0.078335719
1nvest_alsi_40_fund,97,0.063605379,0.024070683,0.078203681
1nvest_alsi_40_fund,98,0.063657566,0.024247045,0.078238614
1nvest_alsi_40_fund,99,0.063665967,0.024362605,0.078063333
1nvest_alsi_40_fund,100,0.063666683,0.024304506,0.077880059
1nvest_global_government_bond_index_feeder_fund,1,0.009459431,-0.087777662,0.10818201
1nvest_global_government_bond_index_feeder_fund,2,0.010646246,-0.060096067,0.079901065
1nvest_global_government_bond_index_feeder_fund,3,0.010676241,-0.046994153,0.066738486
1nvest_global_government_bond_index_feeder_fund,4,0.010997351,-0.03919326,0.059623487
1nvest_global_government_bond_index_feeder_fund,5,0.011113778,-0.034455132,0.053877504
1nvest_global_government_bond_index_feeder_fund,6,0.011226066,-0.030804865,0.050095274
1nvest_global_government_bond_index_feeder_fund,7,0.01117966,-0.027968726,0.046762631
1nvest_global_government_bond_index_feeder_fund,8,0.011182713,-0.026071333,0.044408832
1nvest_global_government_bond_index_feeder_fund,9,0.011217752,-0.023862105,0.042273131
1nvest_global_government_bond_index_feeder_fund,10,0.011288346,-0.02194063,0.041043405
1nvest_global_government_bond_index_feeder_fund,11,0.011351034,-0.020574401,0.039649021
1nvest_global_government_bond_index_feeder_fund,12,0.011374871,-0.018873556,0.038450456
1nvest_global_government_bond_index_feeder_fund,13,0.011294069,-0.017957208,0.03674973
1nvest_global_government_bond_index_feeder_fund,14,0.011282431,-0.017060367,0.036057884
1nvest_global_government_bond_index_feeder_fund,15,0.011360837,-0.016230121,0.035182571
1nvest_global_government_bond_index_feeder_fund,16,0.011323738,-0.015242163,0.03479324
1nvest_global_government_bond_index_feeder_fund,17,0.011368413,-0.014622835,0.034056797
1nvest_global_government_bond_index_feeder_fund,18,0.011390388,-0.014116917,0.033276925
1nvest_global_government_bond_index_feeder_fund,19,0.011443127,-0.013076919,0.032499981
1nvest_global_government_bond_index_feeder_fund,20,0.01148171,-0.012432767,0.03208382
1nvest_global_government_bond_index_feeder_fund,21,0.011456404,-0.012041408,0.031389591
1nvest_global_government_bond_index_feeder_fund,22,0.011438481,-0.011454632,0.030925737
1nvest_global_government_bond_index_feeder_fund,23,0.0114297,-0.011019656,0.030529757
1nvest_global_government_bond_index_feeder_fund,24,0.011444864,-0.010888085,0.029971312
1nvest_global_government_bond_index_feeder_fund,25,0.011417578,-0.010341108,0.029634294
1nvest_global_government_bond_index_feeder_fund,26,0.011400331,-0.009945134,0.02919298
1nvest_global_government_bond_index_feeder_fund,27,0.01136397,-0.009628331,0.02881694
1nvest_global_government_bond_index_feeder_fund,28,0.0113884,-0.009259182,0.028544603
1nvest_global_government_bond_index_feeder_fund,29,0.011367476,-0.008875503,0.028158161
1nvest_global_government_bond_index_feeder_fund,30,0.011389726,-0.008698379,0.02794461
1nvest_global_government_bond_index_feeder_fund,31,0.011419123,-0.008337982,0.027810695
1nvest_global_government_bond_index_feeder_fund,32,0.01139593,-0.008066223,0.027333419
1nvest_global_government_bond_index_feeder_fund,33,0.011392814,-0.007735053,0.02728087
1nvest_global_government_bond_index_feeder_fund,34,0.011391834,-0.007334623,0.026794935
1nvest_global_government_bond_index_feeder_fund,35,0.011393848,-0.007062869,0.026773008
1nvest_global_government_bond_index_feeder_fund,36,0.011380443,-0.006810588,0.026289773
1nvest_global_government_bond_index_feeder_fund,37,0.011417531,-0.006771173,0.026048577
1nvest_global_government_bond_index_feeder_fund,38,0.011420683,-0.006571543,0.025848971
1nvest_global_government_bond_index_feeder_fund,39,0.01142625,-0.006353975,0.025620169
1nvest_global_government_bond_index_feeder_fund,40,0.011429479,-0.006275347,0.025598351
1nvest_global_government_bond_index_feeder_fund,41,0.011444768,-0.00603876,0.025361073
1nvest_global_government_bond_index_feeder_fund,42,0.011437873,-0.005964585,0.025021357
1nvest_global_government_bond_index_feeder_fund,43,0.011447653,-0.005706369,0.024711873
1nvest_global_government_bond_index_feeder_fund,44,0.011445119,-0.00555565,0.024489109
1nvest_global_government_bond_index_feeder_fund,45,0.011430481,-0.005348671,0.024368551
1nvest_global_government_bond_index_feeder_fund,46,0.0114297,-0.005415998,0.024261364
1nvest_global_government_bond_index_feeder_fund,47,0.011420461,-0.005272326,0.024135832
1nvest_global_government_bond_index_feeder_fund,48,0.011427359,-0.005028314,0.023959929
1nvest_global_government_bond_index_feeder_fund,49,0.011399842,-0.004850173,0.023719416
1nvest_global_government_bond_index_feeder_fund,50,0.011417008,-0.004687726,0.023625058
1nvest_global_government_bond_index_feeder_fund,51,0.011393107,-0.004401012,0.023463814
1nvest_global_government_bond_index_feeder_fund,52,0.011394069,-0.004355215,0.023367701
1nvest_global_government_bond_index_feeder_fund,53,0.011402774,-0.004224358,0.02337163
1nvest_global_government_bond_index_feeder_fund,54,0.011428269,-0.003992046,0.02317653
1nvest_global_government_bond_index_feeder_fund,55,0.011420748,-0.003977736,0.023048009
1nvest_global_government_bond_index_feeder_fund,56,0.011414567,-0.003870991,0.022941718
1nvest_global_government_bond_index_feeder_fund,57,0.011419482,-0.003810923,0.022878739
1nvest_global_government_bond_index_feeder_fund,58,0.011406873,-0.003637685,0.022749714
1nvest_global_government_bond_index_feeder_fund,59,0.011394033,-0.003514431,0.022618559
1nvest_global_government_bond_index_feeder_fund,60,0.011391187,-0.00343058,0.022450909
1nvest_global_government_bond_index_feeder_fund,61,0.011417322,-0.003311713,0.022343949
1nvest_global_government_bond_index_feeder_fund,62,0.011418961,-0.003234078,0.022264333
1nvest_global_government_bond_index_feeder_fund,63,0.011419201,-0.003106282,0.022165499
1nvest_global_government_bond_index_feeder_fund,64,0.011420349,-0.003035898,0.022002784
1nvest_global_government_bond_index_feeder_fund,65,0.011424577,-0.002834235,0.021913176
1nvest_global_government_bond_index_feeder_fund,66,0.011420417,-0.002703568,0.021742199
1nvest_global_government_bond_index_feeder_fund,67,0.011407994,-0.0027096,0.021668253
1nvest_global_government_bond_index_feeder_fund,68,0.011413094,-0.002680975,0.021542685
1nvest_global_government_bond_index_feeder_fund,69,0.011413363,-0.002469483,0.02144315
1nvest_global_government_bond_index_feeder_fund,70,0.011433803,-0.002343629,0.021396764
1nvest_global_government_bond_index_feeder_fund,71,0.011432203,-0.002202548,0.02135845
1nvest_global_government_bond_index_feeder_fund,72,0.011430383,-0.002156656,0.021295419
1nvest_global_government_bond_index_feeder_fund,73,0.011440396,-0.002097296,0.021201466
1nvest_global_government_bond_index_feeder_fund,74,0.011442389,-0.001934932,0.021280023
1nvest_global_government_bond_index_feeder_fund,75,0.011455177,-0.001823914,0.021139162
1nvest_global_government_bond_index_feeder_fund,76,0.011457196,-0.001834352,0.021094455
1nvest_global_government_bond_index_feeder_fund,77,0.011456974,-0.001660813,0.020953467
1nvest_global_government_bond_index_feeder_fund,78,0.011460141,-0.001739521,0.020916562
1nvest_global_government_bond_index_feeder_fund,79,0.01144672,-0.001711926,0.020901702
1nvest_global_government_bond_index_feeder_fund,80,0.011452222,-0.001515134,0.020750577
1nvest_global_government_bond_index_feeder_fund,81,0.011447666,-0.001445416,0.02074676
1nvest_global_government_bond_index_feeder_fund,82,0.011444147,-0.001327522,0.020641558
1nvest_global_government_bond_index_feeder_fund,83,0.011444058,-0.001242715,0.020561147
1nvest_global_government_bond_index_feeder_fund,84,0.011452911,-0.001233252,0.02060261
1nvest_global_government_bond_index_feeder_fund,85,0.011456023,-0.001202279,0.020547349
1nvest_global_government_bond_index_feeder_fund,86,0.011464132,-0.000996334,0.020523245
1nvest_global_government_bond_index_feeder_fund,87,0.011460231,-0.001004975,0.020485097
1nvest_global_government_bond_index_feeder_fund,88,0.011460846,-0.000916273,0.020413246
1nvest_global_government_bond_index_feeder_fund,89,0.011466465,-0.000826655,0.020431456
1nvest_global_government_bond_index_feeder_fund,90,0.011456864,-0.000879487,0.020291519
1nvest_global_government_bond_index_feeder_fund,91,0.011451516,-0.000791765,0.020249891
1nvest_global_government_bond_index_feeder_fund,92,0.011444314,-0.000710393,0.020248493
1nvest_global_government_bond_index_feeder_fund,93,0.011448852,-0.000642552,0.020095608
1nvest_global_government_bond_index_feeder_fund,94,0.011444971,-0.000646884,0.020008822
1nvest_global_government_bond_index_feeder_fund,95,0.011449602,-0.000594098,0.019979384
1nvest_global_government_bond_index_feeder_fund,96,0.011452849,-0.000643924,0.019907578
1nvest_global_government_bond_index_feeder_fund,97,0.011450046,-0.000613289,0.019855026
1nvest_global_government_bond_index_feeder_fund,98,0.011455565,-0.000584005,0.019692129
1nvest_global_government_bond_index_feeder_fund,99,0.011461506,-0.000391229,0.019636975
1nvest_global_government_bond_index_feeder_fund,100,0.011462172,-0.000404222,0.019583329
1nvest_high_equity_balanced_fund,1,0.063100885,-0.173140045,0.299723106
1nvest_high_equity_balanced_fund,2,0.061538894,-0.112764163,0.226926088
1nvest_high_equity_balanced_fund,3,0.061327819,-0.083351068,0.1926459
1nvest_high_equity_balanced_fund,4,0.060548174,-0.066522294,0.1720818
1nvest_high_equity_balanced_fund,5,0.060632565,-0.053023483,0.159186742
1nvest_high_equity_balanced_fund,6,0.060851381,-0.044855314,0.150000567
1nvest_high_equity_balanced_fund,7,0.060724532,-0.036928579,0.143067118
1nvest_high_equity_balanced_fund,8,0.061073634,-0.030813818,0.136966455
1nvest_high_equity_balanced_fund,9,0.061184751,-0.027733713,0.132361127
1nvest_high_equity_balanced_fund,10,0.061366635,-0.023057307,0.128750175
1nvest_high_equity_balanced_fund,11,0.06138165,-0.019941226,0.124554521
1nvest_high_equity_balanced_fund,12,0.061412318,-0.016878566,0.121242612
1nvest_high_equity_balanced_fund,13,0.061439477,-0.014758481,0.118848221
1nvest_high_equity_balanced_fund,14,0.061404582,-0.012353963,0.116350213
1nvest_high_equity_balanced_fund,15,0.061499599,-0.009878254,0.114034039
1nvest_high_equity_balanced_fund,16,0.061495091,-0.00824402,0.112544372
1nvest_high_equity_balanced_fund,17,0.061221387,-0.006550368,0.110617415
1nvest_high_equity_balanced_fund,18,0.061270179,-0.00447372,0.108942367
1nvest_high_equity_balanced_fund,19,0.061272181,-0.002791783,0.106501878
1nvest_high_equity_balanced_fund,20,0.061268237,-0.001346436,0.104806033
1nvest_high_equity_balanced_fund,21,0.061190509,0.00056642,0.104044937
1nvest_high_equity_balanced_fund,22,0.061101147,0.001099441,0.102347033
1nvest_high_equity_balanced_fund,23,0.061063163,0.002101456,0.101246263
1nvest_high_equity_balanced_fund,24,0.061036723,0.002697598,0.099629567
1nvest_high_equity_balanced_fund,25,0.061121014,0.003812996,0.098645667
1nvest_high_equity_balanced_fund,26,0.061065496,0.004061837,0.097570473
1nvest_high_equity_balanced_fund,27,0.061108351,0.005130521,0.097022554
1nvest_high_equity_balanced_fund,28,0.061180257,0.006063875,0.096275809
1nvest_high_equity_balanced_fund,29,0.061163887,0.006945845,0.09609128
1nvest_high_equity_balanced_fund,30,0.061205282,0.007563423,0.095119405
1nvest_high_equity_balanced_fund,31,0.061086069,0.008442633,0.093853131
1nvest_high_equity_balanced_fund,32,0.061061025,0.008771587,0.093366431
1nvest_high_equity_balanced_fund,33,0.061057311,0.009342318,0.09236112
1nvest_high_equity_balanced_fund,34,0.061052783,0.009866828,0.091708545
1nvest_high_equity_balanced_fund,35,0.061018135,0.010289033,0.09120725
1nvest_high_equity_balanced_fund,36,0.061084699,0.010913206,0.090557959
1nvest_high_equity_balanced_fund,37,0.061025882,0.011482908,0.089358038
1nvest_high_equity_balanced_fund,38,0.061033038,0.011842651,0.089082525
1nvest_high_equity_balanced_fund,39,0.061091909,0.012261653,0.088289322
1nvest_high_equity_balanced_fund,40,0.061113829,0.012902329,0.088054544
1nvest_high_equity_balanced_fund,41,0.061138936,0.013414744,0.087619976
1nvest_high_equity_balanced_fund,42,0.06122121,0.013859123,0.087527642
1nvest_high_equity_balanced_fund,43,0.061229305,0.014564863,0.087328427
1nvest_high_equity_balanced_fund,44,0.061187973,0.014885835,0.087109947
1nvest_high_equity_balanced_fund,45,0.061166226,0.015222128,0.086376035
1nvest_high_equity_balanced_fund,46,0.061130313,0.015367898,0.08554994
1nvest_high_equity_balanced_fund,47,0.061151001,0.015834927,0.085118893
1nvest_high_equity_balanced_fund,48,0.061192687,0.016152202,0.085255014
1nvest_high_equity_balanced_fund,49,0.061221483,0.016138056,0.084695609
1nvest_high_equity_balanced_fund,50,0.061240443,0.016621796,0.08458745
1nvest_high_equity_balanced_fund,51,0.061257929,0.017016444,0.084224514
1nvest_high_equity_balanced_fund,52,0.061265204,0.01744932,0.083939751
1nvest_high_equity_balanced_fund,53,0.061295179,0.01757866,0.083546379
1nvest_high_equity_balanced_fund,54,0.061245077,0.017889027,0.08345701
1nvest_high_equity_balanced_fund,55,0.061268118,0.017984778,0.083164786
1nvest_high_equity_balanced_fund,56,0.061289167,0.018418233,0.083296232
1nvest_high_equity_balanced_fund,57,0.061292019,0.018564358,0.082944263
1nvest_high_equity_balanced_fund,58,0.061271636,0.018778928,0.082517426
1nvest_high_equity_balanced_fund,59,0.06123434,0.019126207,0.082230694
1nvest_high_equity_balanced_fund,60,0.061257301,0.019349334,0.081783279
1nvest_high_equity_balanced_fund,61,0.061335449,0.019791816,0.081761761
1nvest_high_equity_balanced_fund,62,0.061300398,0.019923638,0.08144443
1nvest_high_equity_balanced_fund,63,0.061323991,0.020219961,0.081234107
1nvest_high_equity_balanced_fund,64,0.061331718,0.020089699,0.080983272
1nvest_high_equity_balanced_fund,65,0.061348421,0.020492597,0.081059838
1nvest_high_equity_balanced_fund,66,0.061379648,0.020837647,0.080813727
1nvest_high_equity_balanced_fund,67,0.061398804,0.020892477,0.080417952
1nvest_high_equity_balanced_fund,68,0.061420592,0.021369004,0.080310533
1nvest_high_equity_balanced_fund,69,0.061418497,0.021599932,0.080048908
1nvest_high_equity_balanced_fund,70,0.061412103,0.021597133,0.079772106
1nvest_high_equity_balanced_fund,71,0.06148321,0.021871992,0.079570292
1nvest_high_equity_balanced_fund,72,0.061536837,0.022020075,0.079370205
1nvest_high_equity_balanced_fund,73,0.061519826,0.022060321,0.079116576
1nvest_high_equity_balanced_fund,74,0.061486042,0.022295422,0.078974305
1nvest_high_equity_balanced_fund,75,0.061533051,0.022717687,0.078752072
1nvest_high_equity_balanced_fund,76,0.061460673,0.022873458,0.078560089
1nvest_high_equity_balanced_fund,77,0.06137915,0.02323278,0.078285651
1nvest_high_equity_balanced_fund,78,0.061370346,0.023353637,0.078099604
1nvest_high_equity_balanced_fund,79,0.061384907,0.023537065,0.077919818
1nvest_high_equity_balanced_fund,80,0.061376323,0.023781619,0.077843891
1nvest_high_equity_balanced_fund,81,0.061383945,0.02388084,0.077519267
1nvest_high_equity_balanced_fund,82,0.061454379,0.024041506,0.077395589
1nvest_high_equity_balanced_fund,83,0.061485761,0.024033159,0.077317716
1nvest_high_equity_balanced_fund,84,0.061471358,0.024195547,0.077247468
1nvest_high_equity_balanced_fund,85,0.061448625,0.024366327,0.077069922
1nvest_high_equity_balanced_fund,86,0.061485353,0.024495136,0.077003393
1nvest_high_equity_balanced_fund,87,0.061508639,0.024623627,0.076999967
1nvest_high_equity_balanced_fund,88,0.061465965,0.02490121,0.076747758
1nvest_high_equity_balanced_fund,89,0.061473321,0.025015244,0.076565485
1nvest_high_equity_balanced_fund,90,0.061496311,0.025059984,0.076627906
1nvest_high_equity_balanced_fund,91,0.061495453,0.025269269,0.076466125
1nvest_high_equity_balanced_fund,92,0.061480051,0.025489063,0.076177604
1nvest_high_equity_balanced_fund,93,0.061515409,0.025564182,0.075900377
1nvest_high_equity_balanced_fund,94,0.061474994,0.025692116,0.075883295
1nvest_high_equity_balanced_fund,95,0.061480818,0.026029517,0.075575076
1nvest_high_equity_balanced_fund,96,0.061477111,0.026164244,0.07537505
1nvest_high_equity_balanced_fund,97,0.06145723,0.026210887,0.075247992
1nvest_high_equity_balanced_fund,98,0.061496618,0.026342824,0.07524221
1nvest_high_equity_balanced_fund,99,0.061510202,0.02646341,0.075118711
1nvest_high_equity_balanced_fund,100,0.061513014,0.026460941,0.074956737
1nvest_index_fund,1,0.063942365,-0.197616935,0.325187853
1nvest_index_fund,2,0.061974032,-0.131678027,0.244872623
1nvest_index_fund,3,0.061695955,-0.09919881,0.206412262
1nvest_index_fund,4,0.060760978,-0.080225457,0.183492927
1nvest_index_fund,5,0.060873802,-0.065264801,0.169610847
1nvest_index_fund,6,0.061148297,-0.056266486,0.159377258
1nvest_index_fund,7,0.060986607,-0.047531503,0.152066353
1nvest_index_fund,8,0.061412882,-0.040608748,0.145264529
1nvest_index_fund,9,0.061587224,-0.037479025,0.14003052
1nvest_index_fund,10,0.061839504,-0.032205375,0.136251677
1nvest_index_fund,11,0.061859275,-0.028893814,0.131366063
1nvest_index_fund,12,0.061918521,-0.025475367,0.127686273
1nvest_index_fund,13,0.061939963,-0.023274836,0.124983571
1nvest_index_fund,14,0.061885966,-0.020654885,0.122301735
1nvest_index_fund,15,0.062054805,-0.017805227,0.119679036
1nvest_index_fund,16,0.062053503,-0.016168575,0.118043685
1nvest_index_fund,17,0.061712648,-0.014078266,0.115972823
1nvest_index_fund,18,0.061782222,-0.011743157,0.11421441
1nvest_index_fund,19,0.061759948,-0.009770226,0.111269799
1nvest_index_fund,20,0.061751796,-0.008309326,0.109381074
1nvest_index_fund,21,0.061634439,-0.006095604,0.108603389
1nvest_index_fund,22,0.061525192,-0.005638034,0.106560996
1nvest_index_fund,23,0.061478244,-0.00464572,0.105534539
1nvest_index_fund,24,0.061457957,-0.00397114,0.103558066
1nvest_index_fund,25,0.061554238,-0.002800737,0.102377716
1nvest_index_fund,26,0.061504721,-0.002544084,0.101275963
1nvest_index_fund,27,0.061551359,-0.00137075,0.100652148
1nvest_index_fund,28,0.061637473,-0.000286096,0.099791232
1nvest_index_fund,29,0.061598628,0.000728459,0.099662847
1nvest_index_fund,30,0.061668739,0.00140282,0.098592586
1nvest_index_fund,31,0.061501069,0.002409916,0.097089315
1nvest_index_fund,32,0.061459716,0.002814725,0.096518533
1nvest_index_fund,33,0.061458345,0.003419146,0.095366733
1nvest_index_fund,34,0.061447463,0.004021986,0.094568414
1nvest_index_fund,35,0.061394089,0.004507198,0.094127321
1nvest_index_fund,36,0.061464798,0.005178438,0.093372828
1nvest_index_fund,37,0.061389576,0.005828612,0.092016252
1nvest_index_fund,38,0.061390464,0.006222712,0.091792476
1nvest_index_fund,39,0.0614551,0.006553822,0.090888108
1nvest_index_fund,40,0.061476308,0.007324831,0.090661816
1nvest_index_fund,41,0.061511652,0.007879656,0.090132243
1nvest_index_fund,42,0.061618753,0.008440841,0.090093345
1nvest_index_fund,43,0.061621725,0.009224833,0.089924472
1nvest_index_fund,44,0.061564533,0.009619892,0.089716583
1nvest_index_fund,45,0.061537983,0.009949028,0.088848312
1nvest_index_fund,46,0.061478233,0.010098458,0.087832437
1nvest_index_fund,47,0.061508929,0.010626729,0.087315711
1nvest_index_fund,48,0.061559252,0.011011172,0.087502075
1nvest_index_fund,49,0.061603181,0.010922391,0.086943985
1nvest_index_fund,50,0.061618528,0.011585934,0.086785146
1nvest_index_fund,51,0.061646075,0.012040075,0.086376207
1nvest_index_fund,52,0.061654309,0.012466012,0.086125124
1nvest_index_fund,53,0.061698177,0.012550464,0.085639516
1nvest_index_fund,54,0.061635868,0.012955744,0.085560068
1nvest_index_fund,55,0.061666863,0.012987799,0.085280607
1nvest_index_fund,56,0.061701626,0.013441215,0.085445011
1nvest_index_fund,57,0.061702235,0.013581358,0.085099154
1nvest_index_fund,58,0.061671351,0.013799093,0.08455631
1nvest_index_fund,59,0.061635078,0.014242921,0.084218266
1nvest_index_fund,60,0.061664,0.014480926,0.08378223
1nvest_index_fund,61,0.061766652,0.014982287,0.083804104
1nvest_index_fund,62,0.061715513,0.015093157,0.083445426
1nvest_index_fund,63,0.061747058,0.015486958,0.0831626
1nvest_index_fund,64,0.061751883,0.01530439,0.08287451
1nvest_index_fund,65,0.061775077,0.015814889,0.083050708
1nvest_index_fund,66,0.061814685,0.016208947,0.082748429
1nvest_index_fund,67,0.061844007,0.016205236,0.082275076
1nvest_index_fund,68,0.061881549,0.016762721,0.082211794
1nvest_index_fund,69,0.061878218,0.017000128,0.081898308
1nvest_index_fund,70,0.061863247,0.016989531,0.081581613
1nvest_index_fund,71,0.061949974,0.01724102,0.081344077
1nvest_index_fund,72,0.062019887,0.017427456,0.08112044
1nvest_index_fund,73,0.062003754,0.017474253,0.080819172
1nvest_index_fund,74,0.061962128,0.017755566,0.080678021
1nvest_index_fund,75,0.062031691,0.018269413,0.080457328
1nvest_index_fund,76,0.061936474,0.01840558,0.08021684
1nvest_index_fund,77,0.061826213,0.018839774,0.079871664
1nvest_index_fund,78,0.061814255,0.019000785,0.079653062
1nvest_index_fund,79,0.061836432,0.019212949,0.079485307
1nvest_index_fund,80,0.061824467,0.019449255,0.07941358
1nvest_index_fund,81,0.061829647,0.019589814,0.079018818
1nvest_index_fund,82,0.061917395,0.01978459,0.07892696
1nvest_index_fund,83,0.061959522,0.01970671,0.078839852
1nvest_index_fund,84,0.061943153,0.01993332,0.078769825
1nvest_index_fund,85,0.061920891,0.020083859,0.078586398
1nvest_index_fund,86,0.061964195,0.020214829,0.078522005
1nvest_index_fund,87,0.0619877,0.020312109,0.078465161
1nvest_index_fund,88,0.061927432,0.020624514,0.078176079
1nvest_index_fund,89,0.061934406,0.020732494,0.077980898
1nvest_index_fund,90,0.06196377,0.020761054,0.07809083
1nvest_index_fund,91,0.061962205,0.021014529,0.077919926
1nvest_index_fund,92,0.061943684,0.021296751,0.077589647
1nvest_index_fund,93,0.061994603,0.021401968,0.077262548
1nvest_index_fund,94,0.061940816,0.021565679,0.077258565
1nvest_index_fund,95,0.061946879,0.021997574,0.076890669
1nvest_index_fund,96,0.061940071,0.022135497,0.07664812
1nvest_index_fund,97,0.061914684,0.022180849,0.076519202
1nvest_index_fund,98,0.061963975,0.0223601,0.076543134
1nvest_index_fund,99,0.061971001,0.022464549,0.076372363
1nvest_index_fund,100,0.061975632,0.022422835,0.076185362
1nvest_low_equity_balanced_fund,1,0.057509571,-0.13857324,0.255999555
1nvest_low_equity_balanced_fund,2,0.056912129,-0.087646502,0.194687523
1nvest_low_equity_balanced_fund,3,0.05710951,-0.062858639,0.167315543
1nvest_low_equity_balanced_fund,4,0.056857377,-0.049055753,0.151189237
1nvest_low_equity_balanced_fund,5,0.056897209,-0.037991614,0.139569259
1nvest_low_equity_balanced_fund,6,0.057016862,-0.030859772,0.131828881
1nvest_low_equity_balanced_fund,7,0.056946646,-0.02468006,0.12510304
1nvest_low_equity_balanced_fund,8,0.057124998,-0.019907428,0.120474037
1nvest_low_equity_balanced_fund,9,0.057077266,-0.016612644,0.116853334
1nvest_low_equity_balanced_fund,10,0.057095838,-0.013027145,0.113138726
1nvest_low_equity_balanced_fund,11,0.057133974,-0.010156104,0.110204471
1nvest_low_equity_balanced_fund,12,0.05707,-0.007715642,0.107344674
1nvest_low_equity_balanced_fund,13,0.057107216,-0.005385279,0.105422702
1nvest_low_equity_balanced_fund,14,0.057099677,-0.003467408,0.103109492
1nvest_low_equity_balanced_fund,15,0.057056062,-0.001519161,0.101527731
1nvest_low_equity_balanced_fund,16,0.056976646,0.000259841,0.099989803
1nvest_low_equity_balanced_fund,17,0.056914369,0.001418433,0.098302334
1nvest_low_equity_balanced_fund,18,0.056958111,0.002897157,0.096811518
1nvest_low_equity_balanced_fund,19,0.057019579,0.004073863,0.095429202
1nvest_low_equity_balanced_fund,20,0.056988575,0.005384292,0.094216578
1nvest_low_equity_balanced_fund,21,0.056983805,0.006864541,0.0932349
1nvest_low_equity_balanced_fund,22,0.056942917,0.007532088,0.092040331
1nvest_low_equity_balanced_fund,23,0.056945535,0.00854641,0.091019221
1nvest_low_equity_balanced_fund,24,0.056950427,0.009045237,0.09015748
1nvest_low_equity_balanced_fund,25,0.056998842,0.0100299,0.089472797
1nvest_low_equity_balanced_fund,26,0.056959613,0.010571852,0.088342681
1nvest_low_equity_balanced_fund,27,0.056977265,0.011354476,0.087726265
1nvest_low_equity_balanced_fund,28,0.056984914,0.012043689,0.087178483
1nvest_low_equity_balanced_fund,29,0.056990603,0.012732914,0.086828502
1nvest_low_equity_balanced_fund,30,0.056970554,0.013333393,0.086123323
1nvest_low_equity_balanced_fund,31,0.056968654,0.013779057,0.085396483
1nvest_low_equity_balanced_fund,32,0.056992014,0.014064045,0.08499274
1nvest_low_equity_balanced_fund,33,0.056983951,0.014676367,0.084330733
1nvest_low_equity_balanced_fund,34,0.056999791,0.01504007,0.083849314
1nvest_low_equity_balanced_fund,35,0.05703176,0.015505401,0.083228033
1nvest_low_equity_balanced_fund,36,0.057080014,0.016028423,0.082803775
1nvest_low_equity_balanced_fund,37,0.057061352,0.016434345,0.081987016
1nvest_low_equity_balanced_fund,38,0.057074308,0.016817933,0.081573835
1nvest_low_equity_balanced_fund,39,0.057113105,0.017340779,0.081083663
1nvest_low_equity_balanced_fund,40,0.057137182,0.017731344,0.080772074
1nvest_low_equity_balanced_fund,41,0.057123588,0.018223242,0.080454172
1nvest_low_equity_balanced_fund,42,0.057134354,0.018397869,0.080173074
1nvest_low_equity_balanced_fund,43,0.057140869,0.019045595,0.079896124
1nvest_low_equity_balanced_fund,44,0.057105754,0.019259096,0.079482765
1nvest_low_equity_balanced_fund,45,0.057101087,0.01947504,0.079030437
1nvest_low_equity_balanced_fund,46,0.057104426,0.019703479,0.078652644
1nvest_low_equity_balanced_fund,47,0.057109719,0.020076654,0.078387109
1nvest_low_equity_balanced_fund,48,0.057128343,0.020396163,0.078343559
1nvest_low_equity_balanced_fund,49,0.057104729,0.020611039,0.077911911
1nvest_low_equity_balanced_fund,50,0.057143669,0.020792099,0.077802864
1nvest_low_equity_balanced_fund,51,0.057132667,0.02105692,0.077549735
1nvest_low_equity_balanced_fund,52,0.057139643,0.021481708,0.077158225
1nvest_low_equity_balanced_fund,53,0.057135162,0.021737647,0.076885414
1nvest_low_equity_balanced_fund,54,0.05711728,0.021901422,0.076683651
1nvest_low_equity_balanced_fund,55,0.057114531,0.022017834,0.076307728
1nvest_low_equity_balanced_fund,56,0.057112962,0.02241429,0.076287954
1nvest_low_equity_balanced_fund,57,0.05712296,0.022629226,0.075973549
1nvest_low_equity_balanced_fund,58,0.057111132,0.02281521,0.075789897
1nvest_low_equity_balanced_fund,59,0.057080002,0.022984885,0.07551409
1nvest_low_equity_balanced_fund,60,0.057078008,0.023270921,0.075106035
1nvest_low_equity_balanced_fund,61,0.057106584,0.023539849,0.075027408
1nvest_low_equity_balanced_fund,62,0.057110008,0.023664963,0.074771389
1nvest_low_equity_balanced_fund,63,0.057126849,0.023776045,0.074635262
1nvest_low_equity_balanced_fund,64,0.057128619,0.023875381,0.074442552
1nvest_low_equity_balanced_fund,65,0.057151324,0.024084955,0.074317213
1nvest_low_equity_balanced_fund,66,0.057184064,0.024290455,0.074173746
1nvest_low_equity_balanced_fund,67,0.057180243,0.024557178,0.073932848
1nvest_low_equity_balanced_fund,68,0.057171962,0.024795323,0.073753142
1nvest_low_equity_balanced_fund,69,0.05717452,0.025043717,0.073559398
1nvest_low_equity_balanced_fund,70,0.057189862,0.025105838,0.073367352
1nvest_low_equity_balanced_fund,71,0.057223975,0.025433774,0.073229956
1nvest_low_equity_balanced_fund,72,0.057233964,0.025551295,0.073017448
1nvest_low_equity_balanced_fund,73,0.05723057,0.025592124,0.072891731
1nvest_low_equity_balanced_fund,74,0.057216687,0.025742903,0.072814868
1nvest_low_equity_balanced_fund,75,0.057225524,0.025979724,0.07259326
1nvest_low_equity_balanced_fund,76,0.057218615,0.026132117,0.072469031
1nvest_low_equity_balanced_fund,77,0.057195892,0.026376842,0.072251052
1nvest_low_equity_balanced_fund,78,0.057196282,0.026398289,0.072159434
1nvest_low_equity_balanced_fund,79,0.05719537,0.026536179,0.071935433
1nvest_low_equity_balanced_fund,80,0.057201942,0.026744706,0.071788951
1nvest_low_equity_balanced_fund,81,0.057204198,0.026848552,0.071618635
1nvest_low_equity_balanced_fund,82,0.057231882,0.026947389,0.071426993
1nvest_low_equity_balanced_fund,83,0.057223319,0.02711841,0.071292735
1nvest_low_equity_balanced_fund,84,0.057205809,0.027167752,0.071204739
1nvest_low_equity_balanced_fund,85,0.05719191,0.027360874,0.071050791
1nvest_low_equity_balanced_fund,86,0.057206993,0.027527834,0.070964439
1nvest_low_equity_balanced_fund,87,0.057227619,0.027727592,0.071000632
1nvest_low_equity_balanced_fund,88,0.057220505,0.027876812,0.070855586
1nvest_low_equity_balanced_fund,89,0.05721802,0.028011385,0.070684516
1nvest_low_equity_balanced_fund,90,0.057216237,0.028096659,0.070614327
1nvest_low_equity_balanced_fund,91,0.05720063,0.028227432,0.070494428
1nvest_low_equity_balanced_fund,92,0.057197532,0.028368125,0.070292812
1nvest_low_equity_balanced_fund,93,0.057212727,0.028388848,0.070101388
1nvest_low_equity_balanced_fund,94,0.057180563,0.028442317,0.069989019
1nvest_low_equity_balanced_fund,95,0.057200271,0.028574426,0.06982794
1nvest_low_equity_balanced_fund,96,0.057193849,0.028667541,0.069726177
1nvest_low_equity_balanced_fund,97,0.057191599,0.028749561,0.06963274
1nvest_low_equity_balanced_fund,98,0.057234732,0.028837486,0.069546744
1nvest_low_equity_balanced_fund,99,0.057263385,0.028981345,0.069533085
1nvest_low_equity_balanced_fund,100,0.057259418,0.029076709,0.069390491
1nvest_msci_world_index_feeder_fund,1,0.087955838,-0.148974821,0.324006129
1nvest_msci_world_index_feeder_fund,2,0.089213301,-0.081110074,0.2510966
1nvest_msci_world_index_feeder_fund,3,0.089287473,-0.052746771,0.218620281
1nvest_msci_world_index_feeder_fund,4,0.08889553,-0.034869015,0.199132828
1nvest_msci_world_index_feeder_fund,5,0.088408656,-0.023857435,0.186808841
1nvest_msci_world_index_feeder_fund,6,0.088056221,-0.014210537,0.176269628
1nvest_msci_world_index_feeder_fund,7,0.088129969,-0.008098541,0.169146455
1nvest_msci_world_index_feeder_fund,8,0.088045768,-0.001565811,0.162384234
1nvest_msci_world_index_feeder_fund,9,0.088284711,0.003748618,0.15799346
1nvest_msci_world_index_feeder_fund,10,0.088283773,0.007926949,0.153545017
1nvest_msci_world_index_feeder_fund,11,0.088438742,0.011776131,0.150326835
1nvest_msci_world_index_feeder_fund,12,0.088515268,0.014190712,0.147603892
1nvest_msci_world_index_feeder_fund,13,0.088533249,0.016817778,0.144860767
1nvest_msci_world_index_feeder_fund,14,0.088721026,0.018838836,0.142971823
1nvest_msci_world_index_feeder_fund,15,0.088584792,0.020586995,0.140548966
1nvest_msci_world_index_feeder_fund,16,0.08864557,0.022370637,0.138425319
1nvest_msci_world_index_feeder_fund,17,0.088554402,0.023094356,0.13631293
1nvest_msci_world_index_feeder_fund,18,0.088435414,0.025169079,0.134767219
1nvest_msci_world_index_feeder_fund,19,0.0884684,0.026783495,0.132833822
1nvest_msci_world_index_feeder_fund,20,0.088419636,0.027935514,0.131806288
1nvest_msci_world_index_feeder_fund,21,0.088458262,0.029146503,0.130876869
1nvest_msci_world_index_feeder_fund,22,0.088565043,0.030338121,0.129483499
1nvest_msci_world_index_feeder_fund,23,0.088548852,0.031163702,0.127905584
1nvest_msci_world_index_feeder_fund,24,0.088596142,0.031830377,0.127435468
1nvest_msci_world_index_feeder_fund,25,0.088640466,0.033417912,0.126509668
1nvest_msci_world_index_feeder_fund,26,0.088589529,0.033883811,0.125797122
1nvest_msci_world_index_feeder_fund,27,0.088614927,0.034976448,0.124883153
1nvest_msci_world_index_feeder_fund,28,0.088587236,0.035546692,0.123376891
1nvest_msci_world_index_feeder_fund,29,0.088610674,0.036231376,0.122534449
1nvest_msci_world_index_feeder_fund,30,0.088690918,0.03715341,0.122282549
1nvest_msci_world_index_feeder_fund,31,0.088665159,0.03794145,0.121191203
1nvest_msci_world_index_feeder_fund,32,0.088635043,0.038617376,0.120327851
1nvest_msci_world_index_feeder_fund,33,0.088642165,0.039267377,0.119687256
1nvest_msci_world_index_feeder_fund,34,0.088635757,0.039847852,0.119566279
1nvest_msci_world_index_feeder_fund,35,0.088647231,0.040554494,0.118636503
1nvest_msci_world_index_feeder_fund,36,0.088726745,0.041245452,0.11835892
1nvest_msci_world_index_feeder_fund,37,0.088758165,0.041585287,0.117756715
1nvest_msci_world_index_feeder_fund,38,0.08870433,0.042221921,0.117245919
1nvest_msci_world_index_feeder_fund,39,0.088649439,0.04262037,0.116596595
1nvest_msci_world_index_feeder_fund,40,0.08864166,0.042656763,0.116171889
1nvest_msci_world_index_feeder_fund,41,0.088655303,0.04347875,0.115827082
1nvest_msci_world_index_feeder_fund,42,0.088610493,0.043784838,0.115421024
1nvest_msci_world_index_feeder_fund,43,0.088677946,0.044040828,0.114885719
1nvest_msci_world_index_feeder_fund,44,0.088647875,0.044627901,0.114839553
1nvest_msci_world_index_feeder_fund,45,0.088610195,0.044783531,0.114625106
1nvest_msci_world_index_feeder_fund,46,0.088617021,0.045276373,0.114436735
1nvest_msci_world_index_feeder_fund,47,0.088611649,0.045569373,0.114157645
1nvest_msci_world_index_feeder_fund,48,0.08857935,0.04597578,0.113589957
1nvest_msci_world_index_feeder_fund,49,0.088594839,0.046081913,0.113445581
1nvest_msci_world_index_feeder_fund,50,0.08863103,0.046535103,0.113058936
1nvest_msci_world_index_feeder_fund,51,0.088631647,0.046793024,0.112802961
1nvest_msci_world_index_feeder_fund,52,0.088645981,0.04731542,0.112365573
1nvest_msci_world_index_feeder_fund,53,0.088697184,0.047437974,0.11205298
1nvest_msci_world_index_feeder_fund,54,0.088639592,0.047777562,0.111515395
1nvest_msci_world_index_feeder_fund,55,0.088645539,0.048167545,0.111386172
1nvest_msci_world_index_feeder_fund,56,0.088657008,0.048315265,0.110807053
1nvest_msci_world_index_feeder_fund,57,0.088679464,0.048472888,0.110728036
1nvest_msci_world_index_feeder_fund,58,0.088677314,0.04862544,0.110384943
1nvest_msci_world_index_feeder_fund,59,0.088669457,0.049170537,0.109719302
1nvest_msci_world_index_feeder_fund,60,0.088713804,0.049263651,0.10964885
1nvest_msci_world_index_feeder_fund,61,0.088715154,0.049376822,0.109642421
1nvest_msci_world_index_feeder_fund,62,0.088731241,0.04979187,0.109223075
1nvest_msci_world_index_feeder_fund,63,0.088714684,0.049940902,0.108694059
1nvest_msci_world_index_feeder_fund,64,0.088694292,0.050182503,0.108395113
1nvest_msci_world_index_feeder_fund,65,0.088698036,0.050197087,0.108341989
1nvest_msci_world_index_feeder_fund,66,0.088695527,0.050183986,0.107930481
1nvest_msci_world_index_feeder_fund,67,0.088720856,0.050657897,0.107581109
1nvest_msci_world_index_feeder_fund,68,0.088701597,0.050724154,0.107585483
1nvest_msci_world_index_feeder_fund,69,0.08868481,0.050910516,0.107394284
1nvest_msci_world_index_feeder_fund,70,0.088689682,0.051199887,0.107417948
1nvest_msci_world_index_feeder_fund,71,0.08870296,0.051440661,0.107007338
1nvest_msci_world_index_feeder_fund,72,0.08875731,0.051798309,0.106998489
1nvest_msci_world_index_feeder_fund,73,0.08869179,0.052129033,0.106909638
1nvest_msci_world_index_feeder_fund,74,0.088668446,0.05228222,0.106595377
1nvest_msci_world_index_feeder_fund,75,0.088619923,0.052377941,0.106288448
1nvest_msci_world_index_feeder_fund,76,0.088627396,0.052767246,0.106025582
1nvest_msci_world_index_feeder_fund,77,0.088613861,0.052773318,0.105815769
1nvest_msci_world_index_feeder_fund,78,0.088531531,0.053039139,0.105506338
1nvest_msci_world_index_feeder_fund,79,0.0884814,0.052843419,0.105441181
1nvest_msci_world_index_feeder_fund,80,0.08847258,0.052815011,0.105516715
1nvest_msci_world_index_feeder_fund,81,0.088478441,0.053019836,0.105223234
1nvest_msci_world_index_feeder_fund,82,0.088532471,0.053467445,0.10533825
1nvest_msci_world_index_feeder_fund,83,0.088504686,0.053443752,0.105084535
1nvest_msci_world_index_feeder_fund,84,0.088534273,0.053561259,0.104983706
1nvest_msci_world_index_feeder_fund,85,0.088527456,0.053801416,0.10476296
1nvest_msci_world_index_feeder_fund,86,0.088531629,0.053869356,0.104577641
1nvest_msci_world_index_feeder_fund,87,0.088551876,0.054389879,0.104636139
1nvest_msci_world_index_feeder_fund,88,0.088650677,0.05434851,0.104566011
1nvest_msci_world_index_feeder_fund,89,0.088647335,0.054543814,0.104191688
1nvest_msci_world_index_feeder_fund,90,0.088698442,0.054689537,0.104101768
1nvest_msci_world_index_feeder_fund,91,0.088752679,0.054859054,0.104076028
1nvest_msci_world_index_feeder_fund,92,0.088747762,0.05481627,0.103852177
1nvest_msci_world_index_feeder_fund,93,0.088715207,0.054994653,0.103752206
1nvest_msci_world_index_feeder_fund,94,0.088698391,0.055137764,0.103521333
1nvest_msci_world_index_feeder_fund,95,0.088694016,0.055229263,0.103323375
1nvest_msci_world_index_feeder_fund,96,0.088720767,0.055178634,0.103318809
1nvest_msci_world_index_feeder_fund,97,0.088758387,0.055279631,0.103039714
1nvest_msci_world_index_feeder_fund,98,0.088764314,0.055552165,0.103003285
1nvest_msci_world_index_feeder_fund,99,0.088754629,0.055867109,0.102807053
1nvest_msci_world_index_feeder_fund,100,0.088752652,0.055960134,0.10281239
1nvest_s_and_p500_index_feeder_fund,1,0.088127594,-0.149840126,0.325211152
1nvest_s_and_p500_index_feeder_fund,2,0.089391085,-0.081678048,0.251981755
1nvest_s_and_p500_index_feeder_fund,3,0.08946569,-0.053191446,0.219363495
1nvest_s_and_p500_index_feeder_fund,4,0.08907199,-0.035235231,0.199790503
1nvest_s_and_p500_index_feeder_fund,5,0.0885829,-0.024175611,0.187412313
1nvest_s_and_p500_index_feeder_fund,6,0.088228811,-0.014486316,0.176826678
1nvest_s_and_p500_index_feeder_fund,7,0.088302893,-0.008347679,0.169672442
1nvest_s_and_p500_index_feeder_fund,8,0.088218288,-0.00178619,0.162880349
1nvest_s_and_p500_index_feeder_fund,9,0.088458301,0.003551621,0.158470508
1nvest_s_and_p500_index_feeder_fund,10,0.088457355,0.007748038,0.154002667
1nvest_s_and_p500_index_feeder_fund,11,0.08861304,0.011614191,0.150770424
1nvest_s_and_p500_index_feeder_fund,12,0.088689919,0.014039333,0.148035708
1nvest_s_and_p500_index_feeder_fund,13,0.088707957,0.016677602,0.14528057
1nvest_s_and_p500_index_feeder_fund,14,0.088896576,0.018707576,0.14338351
1nvest_s_and_p500_index_feeder_fund,15,0.088759707,0.020463279,0.140949902
1nvest_s_and_p500_index_feeder_fund,16,0.08882076,0.022254698,0.138817058
1nvest_s_and_p500_index_feeder_fund,17,0.088729178,0.022981448,0.13669535
1nvest_s_and_p500_index_feeder_fund,18,0.088609645,0.025065318,0.135142929
1nvest_s_and_p500_index_feeder_fund,19,0.08864277,0.026686866,0.133200951
1nvest_s_and_p500_index_feeder_fund,20,0.0885938,0.027843914,0.132168917
1nvest_s_and_p500_index_feeder_fund,21,0.088632617,0.029060213,0.131235519
1nvest_s_and_p500_index_feeder_fund,22,0.088739916,0.030256988,0.129836035
1nvest_s_and_p500_index_feeder_fund,23,0.088723661,0.031086187,0.128251222
1nvest_s_and_p500_index_feeder_fund,24,0.088771165,0.031755657,0.127779016
1nvest_s_and_p500_index_feeder_fund,25,0.088815683,0.03335023,0.126849136
1nvest_s_and_p500_index_feeder_fund,26,0.088764517,0.033818193,0.126133546
1nvest_s_and_p500_index_feeder_fund,27,0.088790023,0.034915573,0.125215562
1nvest_s_and_p500_index_feeder_fund,28,0.088762211,0.035488303,0.123702621
1nvest_s_and_p500_index_feeder_fund,29,0.088785746,0.036176032,0.122856419
1nvest_s_and_p500_index_feeder_fund,30,0.088866344,0.037102058,0.122603517
1nvest_s_and_p500_index_feeder_fund,31,0.088840484,0.037893582,0.121507372
1nvest_s_and_p500_index_feeder_fund,32,0.088810244,0.038572448,0.120640238
1nvest_s_and_p500_index_feeder_fund,33,0.088817401,0.03922529,0.119996841
1nvest_s_and_p500_index_feeder_fund,34,0.088810959,0.039808317,0.119875332
1nvest_s_and_p500_index_feeder_fund,35,0.088822484,0.04051805,0.118941432
1nvest_s_and_p500_index_feeder_fund,36,0.088902369,0.04121209,0.11866269
1nvest_s_and_p500_index_feeder_fund,37,0.088933928,0.041553381,0.118057864
1nvest_s_and_p500_index_feeder_fund,38,0.088879844,0.0421929,0.117544858
1nvest_s_and_p500_index_feeder_fund,39,0.088824713,0.042593014,0.116892683
1nvest_s_and_p500_index_feeder_fund,40,0.088816894,0.042629588,0.116466137
1nvest_s_and_p500_index_feeder_fund,41,0.088830595,0.043455182,0.116119791
1nvest_s_and_p500_index_feeder_fund,42,0.088785577,0.043762648,0.115711946
1nvest_s_and_p500_index_feeder_fund,43,0.088853337,0.044019682,0.115174298
1nvest_s_and_p500_index_feeder_fund,44,0.088823132,0.044609313,0.115127942
1nvest_s_and_p500_index_feeder_fund,45,0.088785282,0.044765624,0.114912582
1nvest_s_and_p500_index_feeder_fund,46,0.088792141,0.045260648,0.114723441
1nvest_s_and_p500_index_feeder_fund,47,0.088786743,0.045554922,0.114443148
1nvest_s_and_p500_index_feeder_fund,48,0.088754288,0.045963054,0.113872932
1nvest_s_and_p500_index_feeder_fund,49,0.088769845,0.046069612,0.113727904
1nvest_s_and_p500_index_feeder_fund,50,0.088806194,0.046524796,0.113339543
1nvest_s_and_p500_index_feeder_fund,51,0.08880681,0.046783855,0.113082457
1nvest_s_and_p500_index_feeder_fund,52,0.088821207,0.047308562,0.112643135
1nvest_s_and_p500_index_feeder_fund,53,0.088872638,0.047431694,0.112329183
1nvest_s_and_p500_index_feeder_fund,54,0.088814788,0.047772714,0.111789226
1nvest_s_and_p500_index_feeder_fund,55,0.088820762,0.048164382,0.111659449
1nvest_s_and_p500_index_feeder_fund,56,0.088832292,0.048312737,0.11107779
1nvest_s_and_p500_index_feeder_fund,57,0.08885485,0.048471037,0.110998457
1nvest_s_and_p500_index_feeder_fund,58,0.088852689,0.048624314,0.11065387
1nvest_s_and_p500_index_feeder_fund,59,0.088844791,0.049171767,0.109985302
1nvest_s_and_p500_index_feeder_fund,60,0.088889339,0.049265285,0.109914554
1nvest_s_and_p500_index_feeder_fund,61,0.088890696,0.049378944,0.109908113
1nvest_s_and_p500_index_feeder_fund,62,0.088906855,0.049795834,0.109486897
1nvest_s_and_p500_index_feeder_fund,63,0.088890225,0.049945531,0.108955529
1nvest_s_and_p500_index_feeder_fund,64,0.088869743,0.050188166,0.10865527
1nvest_s_and_p500_index_feeder_fund,65,0.088873508,0.050202804,0.108601946
1nvest_s_and_p500_index_feeder_fund,66,0.088870984,0.050189573,0.108188579
1nvest_s_and_p500_index_feeder_fund,67,0.088896429,0.050665577,0.10783771
1nvest_s_and_p500_index_feeder_fund,68,0.08887708,0.050732109,0.10784213
1nvest_s_and_p500_index_feeder_fund,69,0.088860217,0.050919237,0.107650057
1nvest_s_and_p500_index_feeder_fund,70,0.088865113,0.05120991,0.10767387
1nvest_s_and_p500_index_feeder_fund,71,0.088878446,0.051451705,0.107261412
1nvest_s_and_p500_index_feeder_fund,72,0.088933044,0.05181095,0.107252549
1nvest_s_and_p500_index_feeder_fund,73,0.08886722,0.052143162,0.107163321
1nvest_s_and_p500_index_feeder_fund,74,0.08884377,0.052297013,0.106847704
1nvest_s_and_p500_index_feeder_fund,75,0.08879503,0.052393148,0.106539412
1nvest_s_and_p500_index_feeder_fund,76,0.088802536,0.052784178,0.10627539
1nvest_s_and_p500_index_feeder_fund,77,0.088788941,0.052790275,0.106064634
1nvest_s_and_p500_index_feeder_fund,78,0.08870624,0.053057248,0.105753847
1nvest_s_and_p500_index_feeder_fund,79,0.088655886,0.052860597,0.105688447
1nvest_s_and_p500_index_feeder_fund,80,0.088647028,0.052832047,0.10576435
1nvest_s_and_p500_index_feeder_fund,81,0.088652917,0.053037786,0.105469557
1nvest_s_and_p500_index_feeder_fund,82,0.088707192,0.053487428,0.105585152
1nvest_s_and_p500_index_feeder_fund,83,0.088679282,0.053463569,0.105330295
1nvest_s_and_p500_index_feeder_fund,84,0.088709002,0.053581574,0.105229046
1nvest_s_and_p500_index_feeder_fund,85,0.088702149,0.053822733,0.105007342
1nvest_s_and_p500_index_feeder_fund,86,0.088706343,0.053890982,0.104821234
1nvest_s_and_p500_index_feeder_fund,87,0.08872668,0.054413842,0.104879946
1nvest_s_and_p500_index_feeder_fund,88,0.088825925,0.054372297,0.104809539
1nvest_s_and_p500_index_feeder_fund,89,0.088822567,0.05456845,0.104433517
1nvest_s_and_p500_index_feeder_fund,90,0.088873902,0.054714818,0.104343206
1nvest_s_and_p500_index_feeder_fund,91,0.088928388,0.05488508,0.10431741
1nvest_s_and_p500_index_feeder_fund,92,0.088923452,0.054842098,0.104092545
1nvest_s_and_p500_index_feeder_fund,93,0.088890747,0.055021251,0.103992118
1nvest_s_and_p500_index_feeder_fund,94,0.088873859,0.055164978,0.103760237
1nvest_s_and_p500_index_feeder_fund,95,0.088869462,0.055256859,0.103561394
1nvest_s_and_p500_index_feeder_fund,96,0.088896334,0.055206016,0.103556818
1nvest_s_and_p500_index_feeder_fund,97,0.088934124,0.055307448,0.103276425
1nvest_s_and_p500_index_feeder_fund,98,0.088940078,0.055581174,0.103239876
1nvest_s_and_p500_index_feeder_fund,99,0.088930357,0.055897529,0.103042766
1nvest_s_and_p500_index_feeder_fund,100,0.088928372,0.055990976,0.103048184
allan_gray_balanced_fund,1,0.059078935,-0.146473364,0.266020919
allan_gray_balanced_fund,2,0.058189508,-0.094667002,0.202224431
allan_gray_balanced_fund,3,0.058452356,-0.068547034,0.173022918
allan_gray_balanced_fund,4,0.058140953,-0.053339987,0.156005572
allan_gray_balanced_fund,5,0.058167641,-0.041663041,0.144202659
allan_gray_balanced_fund,6,0.058344403,-0.034275007,0.136031328
allan_gray_balanced_fund,7,0.058254178,-0.027946862,0.129654634
allan_gray_balanced_fund,8,0.058489304,-0.022686918,0.124706772
allan_gray_balanced_fund,9,0.058514903,-0.019566845,0.120694164
allan_gray_balanced_fund,10,0.058566764,-0.015736083,0.117029059
allan_gray_balanced_fund,11,0.058631441,-0.012923488,0.113610851
allan_gray_balanced_fund,12,0.058566387,-0.010362818,0.110628767
allan_gray_balanced_fund,13,0.058608627,-0.008005459,0.108514472
allan_gray_balanced_fund,14,0.058591431,-0.006114249,0.106208343
allan_gray_balanced_fund,15,0.058616966,-0.003952845,0.104580974
allan_gray_balanced_fund,16,0.058495363,-0.002351178,0.102851666
allan_gray_balanced_fund,17,0.05839881,-0.000765381,0.101136392
allan_gray_balanced_fund,18,0.058476228,0.000831152,0.099719825
allan_gray_balanced_fund,19,0.058521816,0.002201414,0.097997938
allan_gray_balanced_fund,20,0.058481529,0.003338117,0.096829386
allan_gray_balanced_fund,21,0.058430474,0.005060396,0.095767974
allan_gray_balanced_fund,22,0.058380783,0.005545271,0.094295007
allan_gray_balanced_fund,23,0.058396187,0.006459056,0.093651321
allan_gray_balanced_fund,24,0.05841209,0.007060291,0.092515713
allan_gray_balanced_fund,25,0.058459551,0.007975786,0.091645796
allan_gray_balanced_fund,26,0.058445512,0.008516757,0.090533256
allan_gray_balanced_fund,27,0.058455693,0.009308401,0.089791001
allan_gray_balanced_fund,28,0.058454884,0.010127387,0.089219849
allan_gray_balanced_fund,29,0.058421131,0.010874683,0.088920935
allan_gray_balanced_fund,30,0.05843211,0.011554352,0.088223809
allan_gray_balanced_fund,31,0.05838543,0.012000292,0.087354374
allan_gray_balanced_fund,32,0.058397136,0.012374242,0.086872953
allan_gray_balanced_fund,33,0.058386312,0.013024368,0.086145356
allan_gray_balanced_fund,34,0.058395835,0.013421271,0.085541858
allan_gray_balanced_fund,35,0.05841057,0.013961588,0.085002511
allan_gray_balanced_fund,36,0.058462364,0.014502426,0.084548482
allan_gray_balanced_fund,37,0.058431267,0.014954933,0.083691708
allan_gray_balanced_fund,38,0.058440146,0.015365617,0.083334373
allan_gray_balanced_fund,39,0.058480675,0.015709904,0.082832742
allan_gray_balanced_fund,40,0.058501327,0.0161633,0.082501461
allan_gray_balanced_fund,41,0.058493427,0.016672934,0.082084895
allan_gray_balanced_fund,42,0.058510597,0.016895331,0.08187303
allan_gray_balanced_fund,43,0.058510464,0.017606266,0.081657459
allan_gray_balanced_fund,44,0.058437978,0.017912288,0.081219757
allan_gray_balanced_fund,45,0.058436309,0.018035657,0.080704267
allan_gray_balanced_fund,46,0.058422001,0.018281411,0.080212369
allan_gray_balanced_fund,47,0.058441088,0.018668331,0.07987128
allan_gray_balanced_fund,48,0.058455814,0.019141417,0.079856333
allan_gray_balanced_fund,49,0.058446286,0.019309034,0.079522119
allan_gray_balanced_fund,50,0.058488122,0.01970117,0.079330616
allan_gray_balanced_fund,51,0.058486985,0.019970752,0.079048417
allan_gray_balanced_fund,52,0.058490495,0.020357467,0.078743415
allan_gray_balanced_fund,53,0.05849439,0.020554515,0.078386951
allan_gray_balanced_fund,54,0.058472872,0.020812512,0.078183753
allan_gray_balanced_fund,55,0.058484385,0.020768575,0.07783932
allan_gray_balanced_fund,56,0.058498301,0.021142748,0.077813303
allan_gray_balanced_fund,57,0.058507634,0.021351861,0.07756849
allan_gray_balanced_fund,58,0.058480139,0.021524013,0.077270997
allan_gray_balanced_fund,59,0.058449847,0.02179666,0.076947134
allan_gray_balanced_fund,60,0.058450048,0.022109528,0.076604636
allan_gray_balanced_fund,61,0.05850728,0.022382082,0.076622864
allan_gray_balanced_fund,62,0.058495859,0.022413429,0.076352736
allan_gray_balanced_fund,63,0.058525254,0.022611569,0.076101671
allan_gray_balanced_fund,64,0.058521842,0.022683613,0.075901549
allan_gray_balanced_fund,65,0.058560822,0.022993142,0.075894822
allan_gray_balanced_fund,66,0.058597858,0.023209214,0.075712477
allan_gray_balanced_fund,67,0.058604157,0.02343493,0.075407781
allan_gray_balanced_fund,68,0.05861426,0.023701728,0.075300264
allan_gray_balanced_fund,69,0.058620092,0.023945094,0.075068223
allan_gray_balanced_fund,70,0.05862639,0.024027623,0.074873548
allan_gray_balanced_fund,71,0.058664809,0.024313626,0.074722321
allan_gray_balanced_fund,72,0.058693027,0.024448661,0.074462967
allan_gray_balanced_fund,73,0.058697867,0.024511431,0.074293629
allan_gray_balanced_fund,74,0.058679896,0.024681248,0.0742689
allan_gray_balanced_fund,75,0.058710113,0.02497806,0.074090514
allan_gray_balanced_fund,76,0.058695656,0.025072893,0.073911482
allan_gray_balanced_fund,77,0.058639323,0.025390836,0.073590343
allan_gray_balanced_fund,78,0.058644962,0.025420209,0.073485978
allan_gray_balanced_fund,79,0.058653631,0.02560249,0.073274624
allan_gray_balanced_fund,80,0.058660191,0.025754583,0.073124595
allan_gray_balanced_fund,81,0.058660756,0.025918424,0.072929984
allan_gray_balanced_fund,82,0.058693245,0.026018149,0.072798731
allan_gray_balanced_fund,83,0.058684483,0.026118584,0.072639966
allan_gray_balanced_fund,84,0.058655749,0.026235281,0.07254909
allan_gray_balanced_fund,85,0.058649628,0.026401549,0.072400549
allan_gray_balanced_fund,86,0.058671576,0.026559744,0.072300954
allan_gray_balanced_fund,87,0.05868895,0.02671818,0.072260872
allan_gray_balanced_fund,88,0.058662088,0.02688068,0.072112895
allan_gray_balanced_fund,89,0.058658785,0.027008969,0.07193984
allan_gray_balanced_fund,90,0.058665065,0.027045814,0.071922336
allan_gray_balanced_fund,91,0.058640865,0.027225075,0.071782401
allan_gray_balanced_fund,92,0.058636653,0.027431225,0.071573315
allan_gray_balanced_fund,93,0.058675887,0.027494547,0.071349923
allan_gray_balanced_fund,94,0.058625786,0.027564665,0.071211036
allan_gray_balanced_fund,95,0.0586527,0.027777042,0.071016889
allan_gray_balanced_fund,96,0.058643137,0.027848131,0.07089431
allan_gray_balanced_fund,97,0.058636556,0.02792278,0.070816262
allan_gray_balanced_fund,98,0.058699303,0.028066666,0.070788471
allan_gray_balanced_fund,99,0.058723494,0.028204283,0.070725496
allan_gray_balanced_fund,100,0.058711366,0.028239638,0.07057285
allan_gray_equity_fund,1,0.066047777,-0.187285108,0.320862084
allan_gray_equity_fund,2,0.064662297,-0.124524804,0.24208216
allan_gray_equity_fund,3,0.065033671,-0.092394228,0.205757581
allan_gray_equity_fund,4,0.064609329,-0.073347823,0.184663728
allan_gray_equity_fund,5,0.064654149,-0.058840847,0.170314777
allan_gray_equity_fund,6,0.064895903,-0.049738363,0.160191739
allan_gray_equity_fund,7,0.064760769,-0.042137418,0.152507176
allan_gray_equity_fund,8,0.065087556,-0.035453518,0.146431056
allan_gray_equity_fund,9,0.06513946,-0.031807995,0.141485015
allan_gray_equity_fund,10,0.065218836,-0.027045399,0.136985872
allan_gray_equity_fund,11,0.065320107,-0.023670992,0.132650773
allan_gray_equity_fund,12,0.065235298,-0.020531674,0.128893337
allan_gray_equity_fund,13,0.06528612,-0.017651035,0.126322095
allan_gray_equity_fund,14,0.065256875,-0.015355502,0.123481467
allan_gray_equity_fund,15,0.065317101,-0.01261254,0.121477099
allan_gray_equity_fund,16,0.065152494,-0.010734666,0.119281793
allan_gray_equity_fund,17,0.065018986,-0.008622271,0.117204933
allan_gray_equity_fund,18,0.06513314,-0.006628539,0.115524029
allan_gray_equity_fund,19,0.065176115,-0.004927034,0.113285022
allan_gray_equity_fund,20,0.065110855,-0.003612586,0.11187237
allan_gray_equity_fund,21,0.065021338,-0.001342286,0.110581719
allan_gray_equity_fund,22,0.06495714,-0.000905774,0.108587522
allan_gray_equity_fund,23,0.06498456,0.000161543,0.108002374
allan_gray_equity_fund,24,0.065015243,0.000880751,0.10652096
allan_gray_equity_fund,25,0.06507607,0.001971217,0.105373659
allan_gray_equity_fund,26,0.065069283,0.00268411,0.104001845
allan_gray_equity_fund,27,0.065086729,0.003619557,0.103047561
allan_gray_equity_fund,28,0.065081835,0.004671027,0.102341689
allan_gray_equity_fund,29,0.065020217,0.005612285,0.10204704
allan_gray_equity_fund,30,0.065045035,0.006469882,0.101209275
allan_gray_equity_fund,31,0.064971025,0.006988541,0.100069446
allan_gray_equity_fund,32,0.06498645,0.007473424,0.099464246
allan_gray_equity_fund,33,0.064976504,0.008279731,0.098543584
allan_gray_equity_fund,34,0.064985401,0.008738837,0.09771651
allan_gray_equity_fund,35,0.065002153,0.009452335,0.097126152
allan_gray_equity_fund,36,0.065071403,0.01011609,0.096566024
allan_gray_equity_fund,37,0.065027242,0.010696025,0.095496703
allan_gray_equity_fund,38,0.06503503,0.011202121,0.095101276
allan_gray_equity_fund,39,0.065084996,0.011517864,0.094483614
allan_gray_equity_fund,40,0.065111202,0.01211607,0.094095064
allan_gray_equity_fund,41,0.06510119,0.01275279,0.09355419
allan_gray_equity_fund,42,0.065129954,0.013031534,0.093321189
allan_gray_equity_fund,43,0.065126921,0.013958171,0.093126894
allan_gray_equity_fund,44,0.065020179,0.014344331,0.092585517
allan_gray_equity_fund,45,0.065020285,0.014414095,0.091908686
allan_gray_equity_fund,46,0.064986773,0.014754532,0.091231358
allan_gray_equity_fund,47,0.065016076,0.015248061,0.09079057
allan_gray_equity_fund,48,0.065038381,0.015871931,0.090805528
allan_gray_equity_fund,49,0.065032992,0.016045395,0.090465073
allan_gray_equity_fund,50,0.065085198,0.016607827,0.090200415
allan_gray_equity_fund,51,0.065090391,0.01692656,0.089864154
allan_gray_equity_fund,52,0.065098397,0.01738311,0.089515184
allan_gray_equity_fund,53,0.065103303,0.017611284,0.089013801
allan_gray_equity_fund,54,0.065066178,0.017949426,0.088754846
allan_gray_equity_fund,55,0.065081016,0.017809125,0.088335998
allan_gray_equity_fund,56,0.06510627,0.01827019,0.088318354
allan_gray_equity_fund,57,0.065118179,0.018527864,0.088053296
allan_gray_equity_fund,58,0.065075331,0.018699434,0.087655923
allan_gray_equity_fund,59,0.065040534,0.019061163,0.08721184
allan_gray_equity_fund,60,0.065037601,0.019471242,0.086827523
allan_gray_equity_fund,61,0.065120818,0.019805086,0.086913113
allan_gray_equity_fund,62,0.065101629,0.019792931,0.086560861
allan_gray_equity_fund,63,0.065147305,0.020070358,0.086207466
allan_gray_equity_fund,64,0.065140431,0.020149677,0.085964831
allan_gray_equity_fund,65,0.065198808,0.020582843,0.086018751
allan_gray_equity_fund,66,0.065255411,0.02084158,0.085794185
allan_gray_equity_fund,67,0.065265931,0.021120563,0.085383108
allan_gray_equity_fund,68,0.065287235,0.021452596,0.08530981
allan_gray_equity_fund,69,0.065294011,0.021742473,0.085002685
allan_gray_equity_fund,70,0.065298248,0.021846142,0.084752112
allan_gray_equity_fund,71,0.065351248,0.02217572,0.084550422
allan_gray_equity_fund,72,0.065392119,0.022353593,0.084208117
allan_gray_equity_fund,73,0.065399087,0.022432011,0.084000226
allan_gray_equity_fund,74,0.065372045,0.022638942,0.084011138
allan_gray_equity_fund,75,0.065421974,0.023030381,0.083790804
allan_gray_equity_fund,76,0.065398283,0.023136627,0.083549015
allan_gray_equity_fund,77,0.065316203,0.023554391,0.083109305
allan_gray_equity_fund,78,0.065322558,0.023603184,0.08298143
allan_gray_equity_fund,79,0.065340143,0.023843107,0.082729831
allan_gray_equity_fund,80,0.06534808,0.023995564,0.082532238
allan_gray_equity_fund,81,0.065342084,0.024224445,0.0822697
allan_gray_equity_fund,82,0.065388684,0.024356924,0.082141818
allan_gray_equity_fund,83,0.065374999,0.024444999,0.081938124
allan_gray_equity_fund,84,0.065334582,0.024616296,0.081821554
allan_gray_equity_fund,85,0.065330127,0.024809125,0.081641037
allan_gray_equity_fund,86,0.065356754,0.024991846,0.081519677
allan_gray_equity_fund,87,0.065378785,0.025182964,0.081443294
allan_gray_equity_fund,88,0.065334288,0.025373449,0.081262943
allan_gray_equity_fund,89,0.065326315,0.025516776,0.081054847
allan_gray_equity_fund,90,0.065333295,0.025557096,0.081058948
allan_gray_equity_fund,91,0.065300378,0.025791605,0.080883878
allan_gray_equity_fund,92,0.065298595,0.026077364,0.080619392
allan_gray_equity_fund,93,0.065357583,0.026165927,0.080334369
allan_gray_equity_fund,94,0.065281305,0.026254722,0.080145763
allan_gray_equity_fund,95,0.065322829,0.026550795,0.079893556
allan_gray_equity_fund,96,0.065301853,0.026630693,0.079734306
allan_gray_equity_fund,97,0.065291617,0.026722293,0.079654404
allan_gray_equity_fund,98,0.065387932,0.026930683,0.079638657
allan_gray_equity_fund,99,0.065416297,0.027073241,0.079559915
allan_gray_equity_fund,100,0.065397818,0.027089584,0.079351693
allan_gray_stable_fund,1,0.052167932,-0.080175476,0.185943551
allan_gray_stable_fund,2,0.051874548,-0.045658622,0.144861434
allan_gray_stable_fund,3,0.052034281,-0.028725293,0.126514578
allan_gray_stable_fund,4,0.051900526,-0.019258808,0.115719434
allan_gray_stable_fund,5,0.05190932,-0.011837122,0.107850811
allan_gray_stable_fund,6,0.051998014,-0.007041937,0.102652868
allan_gray_stable_fund,7,0.051960926,-0.002879082,0.098217279
allan_gray_stable_fund,8,0.052069619,0.000312912,0.095051507
allan_gray_stable_fund,9,0.052045763,0.002601956,0.092566234
allan_gray_stable_fund,10,0.05204385,0.005010861,0.090072833
allan_gray_stable_fund,11,0.052077322,0.006942684,0.088085762
allan_gray_stable_fund,12,0.052025146,0.008596758,0.086190087
allan_gray_stable_fund,13,0.05205448,0.01021253,0.084848017
allan_gray_stable_fund,14,0.052054919,0.01147907,0.083317006
allan_gray_stable_fund,15,0.052022434,0.012765042,0.082284356
allan_gray_stable_fund,16,0.051953634,0.013958522,0.081204646
allan_gray_stable_fund,17,0.05192299,0.014769495,0.080062258
allan_gray_stable_fund,18,0.051955344,0.015762965,0.079061112
allan_gray_stable_fund,19,0.052004515,0.016566921,0.078153096
allan_gray_stable_fund,20,0.051987995,0.01743574,0.077388277
allan_gray_stable_fund,21,0.051982286,0.018418402,0.07666991
allan_gray_stable_fund,22,0.051957056,0.018890433,0.075890517
allan_gray_stable_fund,23,0.051965341,0.01957315,0.075257268
allan_gray_stable_fund,24,0.051965485,0.019941422,0.074679887
allan_gray_stable_fund,25,0.051991397,0.020598981,0.074212061
allan_gray_stable_fund,26,0.051969031,0.020949299,0.073442775
allan_gray_stable_fund,27,0.051976553,0.021476193,0.073003495
allan_gray_stable_fund,28,0.051976194,0.021951653,0.072649139
allan_gray_stable_fund,29,0.051976219,0.022398982,0.072384189
allan_gray_stable_fund,30,0.051964477,0.0228275,0.071922903
allan_gray_stable_fund,31,0.051965094,0.023118543,0.071456278
allan_gray_stable_fund,32,0.05197953,0.023325154,0.07116264
allan_gray_stable_fund,33,0.051971178,0.023754634,0.070736302
allan_gray_stable_fund,34,0.05198192,0.0240043,0.070418419
allan_gray_stable_fund,35,0.052001725,0.02432853,0.069990715
allan_gray_stable_fund,36,0.052033051,0.024682259,0.06970415
allan_gray_stable_fund,37,0.052023802,0.024952492,0.069177046
allan_gray_stable_fund,38,0.052035185,0.025214151,0.068879976
allan_gray_stable_fund,39,0.052060354,0.025562989,0.068566601
allan_gray_stable_fund,40,0.052075599,0.025798882,0.068340439
allan_gray_stable_fund,41,0.052067208,0.026135123,0.068119207
allan_gray_stable_fund,42,0.052067089,0.026228269,0.067920103
allan_gray_stable_fund,43,0.052072216,0.02666595,0.067722761
allan_gray_stable_fund,44,0.052042944,0.026828012,0.067430053
allan_gray_stable_fund,45,0.052041905,0.026971175,0.067148899
allan_gray_stable_fund,46,0.052048722,0.027122019,0.066914294
allan_gray_stable_fund,47,0.052052673,0.027358817,0.066727126
allan_gray_stable_fund,48,0.052060495,0.027617756,0.0666762
allan_gray_stable_fund,49,0.052044516,0.027785957,0.066396946
allan_gray_stable_fund,50,0.052073615,0.027922876,0.066315573
allan_gray_stable_fund,51,0.05206488,0.028094653,0.066133607
allan_gray_stable_fund,52,0.052067538,0.028378782,0.065890477
allan_gray_stable_fund,53,0.05206349,0.028551459,0.06571486
allan_gray_stable_fund,54,0.052056506,0.028674331,0.065568173
allan_gray_stable_fund,55,0.052058316,0.028735601,0.065316829
allan_gray_stable_fund,56,0.052056353,0.028993444,0.065282455
allan_gray_stable_fund,57,0.0520641,0.029138939,0.065082523
allan_gray_stable_fund,58,0.052055686,0.029273304,0.064950397
allan_gray_stable_fund,59,0.052032772,0.029399111,0.064767842
allan_gray_stable_fund,60,0.052031646,0.029594,0.064496095
allan_gray_stable_fund,61,0.052053131,0.029763915,0.064452013
allan_gray_stable_fund,62,0.052056199,0.029831556,0.064287652
allan_gray_stable_fund,63,0.052067721,0.029905683,0.064180075
allan_gray_stable_fund,64,0.052069287,0.029981225,0.064050136
allan_gray_stable_fund,65,0.052085977,0.030121696,0.063960219
allan_gray_stable_fund,66,0.052103584,0.030259958,0.063864412
allan_gray_stable_fund,67,0.052100581,0.030440841,0.063702403
allan_gray_stable_fund,68,0.052095783,0.030591342,0.063578065
allan_gray_stable_fund,69,0.052099769,0.030766891,0.063455604
allan_gray_stable_fund,70,0.05211052,0.030826254,0.063339219
allan_gray_stable_fund,71,0.052128579,0.031053836,0.06325166
allan_gray_stable_fund,72,0.052136449,0.031121191,0.063098664
allan_gray_stable_fund,73,0.0521369,0.031157351,0.063004348
allan_gray_stable_fund,74,0.052129441,0.031257613,0.062964648
allan_gray_stable_fund,75,0.052133336,0.031406641,0.062826638
allan_gray_stable_fund,76,0.052133864,0.031501391,0.062739296
allan_gray_stable_fund,77,0.052116994,0.031668529,0.062582521
allan_gray_stable_fund,78,0.052120641,0.031668906,0.062520594
allan_gray_stable_fund,79,0.052119596,0.031773803,0.062364435
allan_gray_stable_fund,80,0.052124997,0.031912031,0.062259845
allan_gray_stable_fund,81,0.052128173,0.031983451,0.062164026
allan_gray_stable_fund,82,0.052141484,0.032037987,0.062037208
allan_gray_stable_fund,83,0.052132613,0.032160639,0.061940133
allan_gray_stable_fund,84,0.05211827,0.032193827,0.061880067
allan_gray_stable_fund,85,0.052111121,0.032329748,0.061775025
allan_gray_stable_fund,86,0.0521229,0.032447479,0.061706
allan_gray_stable_fund,87,0.052135251,0.032579256,0.06172933
allan_gray_stable_fund,88,0.052130745,0.032682049,0.061638338
allan_gray_stable_fund,89,0.05213059,0.032781313,0.061526547
allan_gray_stable_fund,90,0.05213121,0.03282298,0.061473227
allan_gray_stable_fund,91,0.052118461,0.032916217,0.061379485
allan_gray_stable_fund,92,0.052115994,0.033010052,0.06125845
allan_gray_stable_fund,93,0.052127993,0.033033348,0.061131337
allan_gray_stable_fund,94,0.052107114,0.033063227,0.06103832
allan_gray_stable_fund,95,0.052121821,0.033149014,0.060937565
allan_gray_stable_fund,96,0.052119362,0.033204949,0.060872531
allan_gray_stable_fund,97,0.052117905,0.033258182,0.060810142
allan_gray_stable_fund,98,0.05214775,0.033317131,0.060757001
allan_gray_stable_fund,99,0.052167918,0.033432855,0.060738657
allan_gray_stable_fund,100,0.05216121,0.033488954,0.060648615
camissa_balanced_fund,1,0.063800254,-0.160326533,0.289942357
camissa_balanced_fund,2,0.0627913,-0.104055507,0.219945746
camissa_balanced_fund,3,0.063164708,-0.075589463,0.18821483
camissa_balanced_fund,4,0.062867778,-0.059053591,0.169746557
camissa_balanced_fund,5,0.062897548,-0.046262199,0.156732152
camissa_balanced_fund,6,0.063080376,-0.038133276,0.147790895
camissa_balanced_fund,7,0.062978167,-0.031388384,0.140615226
camissa_balanced_fund,8,0.063228979,-0.02562532,0.135330651
camissa_balanced_fund,9,0.063224581,-0.022149087,0.131058646
camissa_balanced_fund,10,0.06325494,-0.018022015,0.12686671
camissa_balanced_fund,11,0.063337418,-0.014911497,0.123246163
camissa_balanced_fund,12,0.063243508,-0.012164714,0.119915417
camissa_balanced_fund,13,0.063294482,-0.00947448,0.117689964
camissa_balanced_fund,14,0.063278302,-0.007417391,0.115090581
camissa_balanced_fund,15,0.063279952,-0.005061079,0.113376203
camissa_balanced_fund,16,0.063132595,-0.003238293,0.111411055
camissa_balanced_fund,17,0.063053121,-0.001549268,0.109528754
camissa_balanced_fund,18,0.063141935,0.000162483,0.107968742
camissa_balanced_fund,19,0.063199045,0.001574634,0.106206937
camissa_balanced_fund,20,0.063140926,0.002841649,0.104959272
camissa_balanced_fund,21,0.0630911,0.004762441,0.103760359
camissa_balanced_fund,22,0.063042792,0.005273828,0.102132608
camissa_balanced_fund,23,0.063069103,0.006308574,0.101437168
camissa_balanced_fund,24,0.06309412,0.006936221,0.100297755
camissa_balanced_fund,25,0.063145712,0.007949503,0.099363195
camissa_balanced_fund,26,0.06313127,0.008626603,0.098081103
camissa_balanced_fund,27,0.06314587,0.009456271,0.097243273
camissa_balanced_fund,28,0.063134421,0.010336465,0.096635493
camissa_balanced_fund,29,0.063098823,0.011145723,0.09630909
camissa_balanced_fund,30,0.063099072,0.011909325,0.095566332
camissa_balanced_fund,31,0.063065607,0.012325798,0.09465336
camissa_balanced_fund,32,0.0630914,0.012727247,0.094144078
camissa_balanced_fund,33,0.063081087,0.013463127,0.093366793
camissa_balanced_fund,34,0.063095127,0.013852389,0.092700173
camissa_balanced_fund,35,0.063126008,0.014477001,0.092082709
camissa_balanced_fund,36,0.063186288,0.015070745,0.091619838
camissa_balanced_fund,37,0.063155805,0.015564574,0.090704711
camissa_balanced_fund,38,0.063166632,0.01602348,0.090288614
camissa_balanced_fund,39,0.063209707,0.01641548,0.089769454
camissa_balanced_fund,40,0.063235276,0.016898304,0.089395161
camissa_balanced_fund,41,0.063218164,0.017473586,0.088955481
camissa_balanced_fund,42,0.063229746,0.017670439,0.088690904
camissa_balanced_fund,43,0.063229846,0.018484463,0.088468193
camissa_balanced_fund,44,0.063147288,0.018792778,0.087950111
camissa_balanced_fund,45,0.063149092,0.018886226,0.087398648
camissa_balanced_fund,46,0.063134739,0.019201592,0.086894761
camissa_balanced_fund,47,0.063154028,0.019632555,0.086541909
camissa_balanced_fund,48,0.06317078,0.020150495,0.086516556
camissa_balanced_fund,49,0.063152906,0.020367074,0.086173243
camissa_balanced_fund,50,0.063203347,0.020752013,0.08596452
camissa_balanced_fund,51,0.063199837,0.021021721,0.085677581
camissa_balanced_fund,52,0.063207052,0.021464516,0.085305523
camissa_balanced_fund,53,0.063203132,0.021715214,0.08490158
camissa_balanced_fund,54,0.063176893,0.021965163,0.084652253
camissa_balanced_fund,55,0.063183002,0.021910424,0.084241817
camissa_balanced_fund,56,0.063195867,0.022338621,0.084203427
camissa_balanced_fund,57,0.063208119,0.022588951,0.083931813
camissa_balanced_fund,58,0.06317734,0.022755409,0.083645682
camissa_balanced_fund,59,0.063144685,0.023023224,0.083266005
camissa_balanced_fund,60,0.063138516,0.023396639,0.082885305
camissa_balanced_fund,61,0.063195636,0.02367759,0.082913315
camissa_balanced_fund,62,0.063189662,0.023704592,0.082607284
camissa_balanced_fund,63,0.063224717,0.02389359,0.082339609
camissa_balanced_fund,64,0.063220102,0.024009699,0.082129867
camissa_balanced_fund,65,0.063267403,0.024332309,0.08209693
camissa_balanced_fund,66,0.063315381,0.024547666,0.081921384
camissa_balanced_fund,67,0.063317994,0.024853328,0.081592923
camissa_balanced_fund,68,0.06332484,0.02511612,0.081477921
camissa_balanced_fund,69,0.063331139,0.025387678,0.081223993
camissa_balanced_fund,70,0.063341665,0.025484076,0.08100932
camissa_balanced_fund,71,0.063382192,0.025816444,0.08084197
camissa_balanced_fund,72,0.063406795,0.025964867,0.080543137
camissa_balanced_fund,73,0.06341203,0.026029989,0.080383567
camissa_balanced_fund,74,0.063392425,0.026198548,0.080374005
camissa_balanced_fund,75,0.063422093,0.026505127,0.080159481
camissa_balanced_fund,76,0.063414347,0.026625826,0.079968982
camissa_balanced_fund,77,0.063360607,0.026962353,0.079616396
camissa_balanced_fund,78,0.063366832,0.026987469,0.07951611
camissa_balanced_fund,79,0.063376401,0.027186617,0.079267848
camissa_balanced_fund,80,0.063385944,0.027345728,0.079082203
camissa_balanced_fund,81,0.063382455,0.02752962,0.078876877
camissa_balanced_fund,82,0.063415703,0.027635562,0.078722045
camissa_balanced_fund,83,0.06339749,0.027775124,0.078537136
camissa_balanced_fund,84,0.063363531,0.027888002,0.07842651
camissa_balanced_fund,85,0.063357381,0.0280847,0.078259788
camissa_balanced_fund,86,0.063377001,0.028259679,0.078146848
camissa_balanced_fund,87,0.063398146,0.028464132,0.078116762
camissa_balanced_fund,88,0.063371329,0.028619641,0.077967314
camissa_balanced_fund,89,0.063363941,0.028760621,0.077774408
camissa_balanced_fund,90,0.063365113,0.028820843,0.077739206
camissa_balanced_fund,91,0.063335899,0.029006617,0.077587581
camissa_balanced_fund,92,0.06333566,0.029228135,0.077359782
camissa_balanced_fund,93,0.063377094,0.029284915,0.077125104
camissa_balanced_fund,94,0.063317203,0.029349342,0.076949076
camissa_balanced_fund,95,0.06335348,0.029557848,0.076751235
camissa_balanced_fund,96,0.063337157,0.029636431,0.076629184
camissa_balanced_fund,97,0.06333214,0.029727678,0.076551662
camissa_balanced_fund,98,0.063411057,0.02988728,0.076507178
camissa_balanced_fund,99,0.063441757,0.030030027,0.076467932
camissa_balanced_fund,100,0.063426379,0.030085495,0.076287847
camissa_islamic_balanced_fund,1,0.061147989,-0.12420029,0.247637914
camissa_islamic_balanced_fund,2,0.060164447,-0.077882165,0.190046559
camissa_islamic_balanced_fund,3,0.060401725,-0.054351765,0.163564076
camissa_islamic_balanced_fund,4,0.060084272,-0.040557253,0.148124079
camissa_islamic_balanced_fund,5,0.060115684,-0.029968509,0.137601818
camissa_islamic_balanced_fund,6,0.06028694,-0.023317403,0.130230015
camissa_islamic_balanced_fund,7,0.060194124,-0.017695333,0.124534195
camissa_islamic_balanced_fund,8,0.060424855,-0.012856703,0.120073558
camissa_islamic_balanced_fund,9,0.060455371,-0.010133755,0.116484239
camissa_islamic_balanced_fund,10,0.060507949,-0.00664698,0.113174562
camissa_islamic_balanced_fund,11,0.060575602,-0.004149778,0.110053344
camissa_islamic_balanced_fund,12,0.060515293,-0.001853539,0.107313768
camissa_islamic_balanced_fund,13,0.060554074,0.000265984,0.105448125
camissa_islamic_balanced_fund,14,0.060536022,0.001969151,0.103358685
camissa_islamic_balanced_fund,15,0.06056819,0.003944264,0.101876099
camissa_islamic_balanced_fund,16,0.060458165,0.005354025,0.10029587
camissa_islamic_balanced_fund,17,0.060360983,0.006829997,0.098768823
camissa_islamic_balanced_fund,18,0.060437092,0.008294263,0.097509719
camissa_islamic_balanced_fund,19,0.060471681,0.009512981,0.095912234
camissa_islamic_balanced_fund,20,0.060428218,0.010522387,0.094857162
camissa_islamic_balanced_fund,21,0.06036933,0.012142599,0.093927286
camissa_islamic_balanced_fund,22,0.060321792,0.012510656,0.092518577
camissa_islamic_balanced_fund,23,0.060338399,0.01331599,0.09200265
camissa_islamic_balanced_fund,24,0.060354926,0.013837715,0.090954822
camissa_islamic_balanced_fund,25,0.060399898,0.014658386,0.090144547
camissa_islamic_balanced_fund,26,0.060388999,0.015156113,0.089134788
camissa_islamic_balanced_fund,27,0.060404608,0.015857144,0.088465466
camissa_islamic_balanced_fund,28,0.060404485,0.016609251,0.087946765
camissa_islamic_balanced_fund,29,0.060367669,0.017284796,0.087720612
camissa_islamic_balanced_fund,30,0.060381839,0.017905662,0.087092891
camissa_islamic_balanced_fund,31,0.060332583,0.018304844,0.086269732
camissa_islamic_balanced_fund,32,0.060343671,0.018644799,0.085836387
camissa_islamic_balanced_fund,33,0.06033642,0.019228088,0.085164275
camissa_islamic_balanced_fund,34,0.060343642,0.019562598,0.084588662
camissa_islamic_balanced_fund,35,0.06035615,0.020067834,0.084136469
camissa_islamic_balanced_fund,36,0.060406353,0.020553176,0.083723821
camissa_islamic_balanced_fund,37,0.06037586,0.020976575,0.08293727
camissa_islamic_balanced_fund,38,0.060383388,0.021337012,0.082633376
camissa_islamic_balanced_fund,39,0.060419908,0.021609521,0.082172609
camissa_islamic_balanced_fund,40,0.060439656,0.022034126,0.081889911
camissa_islamic_balanced_fund,41,0.060433233,0.022499933,0.081513389
camissa_islamic_balanced_fund,42,0.060454378,0.022696816,0.081334083
camissa_islamic_balanced_fund,43,0.060454068,0.023363703,0.081178369
camissa_islamic_balanced_fund,44,0.060383395,0.023635723,0.080796929
camissa_islamic_balanced_fund,45,0.060382665,0.023714646,0.080309664
camissa_islamic_balanced_fund,46,0.060361896,0.023957112,0.079823083
camissa_islamic_balanced_fund,47,0.060380859,0.024315132,0.079507287
camissa_islamic_balanced_fund,48,0.06039825,0.024747517,0.079513883
camissa_islamic_balanced_fund,49,0.060394011,0.024881936,0.079239788
camissa_islamic_balanced_fund,50,0.060431314,0.025260569,0.079065141
camissa_islamic_balanced_fund,51,0.060434145,0.02549466,0.078816839
camissa_islamic_balanced_fund,52,0.060440429,0.025839944,0.078551762
camissa_islamic_balanced_fund,53,0.060443391,0.026013209,0.078199826
camissa_islamic_balanced_fund,54,0.060416473,0.026249353,0.07801301
camissa_islamic_balanced_fund,55,0.060426325,0.026184171,0.077703787
camissa_islamic_balanced_fund,56,0.060441485,0.026526487,0.077692201
camissa_islamic_balanced_fund,57,0.060450323,0.026713558,0.077481332
camissa_islamic_balanced_fund,58,0.060422642,0.026843518,0.077203437
camissa_islamic_balanced_fund,59,0.060396271,0.027097595,0.076889399
camissa_islamic_balanced_fund,60,0.060395017,0.027387786,0.076591325
camissa_islamic_balanced_fund,61,0.06045169,0.027636315,0.076636169
camissa_islamic_balanced_fund,62,0.060439673,0.027646761,0.07638096
camissa_islamic_balanced_fund,63,0.060470284,0.027835881,0.076142395
camissa_islamic_balanced_fund,64,0.060466954,0.027892615,0.075963831
camissa_islamic_balanced_fund,65,0.060505408,0.028192059,0.075981461
camissa_islamic_balanced_fund,66,0.060544436,0.02838727,0.075824277
camissa_islamic_balanced_fund,67,0.060550725,0.028593011,0.075529039
camissa_islamic_balanced_fund,68,0.060563539,0.028838981,0.075460689
camissa_islamic_balanced_fund,69,0.06056813,0.029054416,0.075246592
camissa_islamic_balanced_fund,70,0.06057223,0.029126289,0.075062666
camissa_islamic_balanced_fund,71,0.06061049,0.029378665,0.074916293
camissa_islamic_balanced_fund,72,0.060638434,0.029502049,0.074674996
camissa_islamic_balanced_fund,73,0.060641632,0.029556115,0.074524216
camissa_islamic_balanced_fund,74,0.060622354,0.029705781,0.07451603
camissa_islamic_balanced_fund,75,0.060654509,0.029982434,0.074347784
camissa_islamic_balanced_fund,76,0.060637209,0.030074802,0.074179369
camissa_islamic_balanced_fund,77,0.06058206,0.030366264,0.073879564
camissa_islamic_balanced_fund,78,0.060585795,0.030403719,0.073782645
camissa_islamic_balanced_fund,79,0.060596977,0.030575906,0.073594056
camissa_islamic_balanced_fund,80,0.060602121,0.030701309,0.073452953
camissa_islamic_balanced_fund,81,0.060598914,0.030852889,0.073264221
camissa_islamic_balanced_fund,82,0.060632462,0.030947299,0.073158949
camissa_islamic_balanced_fund,83,0.060623513,0.031023737,0.073017782
camissa_islamic_balanced_fund,84,0.060596095,0.031138936,0.072931948
camissa_islamic_balanced_fund,85,0.06059121,0.031290622,0.072795751
camissa_islamic_balanced_fund,86,0.060610481,0.031423652,0.072706213
camissa_islamic_balanced_fund,87,0.060627216,0.031570646,0.072670227
camissa_islamic_balanced_fund,88,0.060597981,0.031712785,0.072534973
camissa_islamic_balanced_fund,89,0.060593342,0.03182123,0.072383686
camissa_islamic_balanced_fund,90,0.060598549,0.031857163,0.072379327
camissa_islamic_balanced_fund,91,0.060576721,0.03202185,0.072247842
camissa_islamic_balanced_fund,92,0.060574982,0.03221714,0.072056565
camissa_islamic_balanced_fund,93,0.060613565,0.032277544,0.071854313
camissa_islamic_balanced_fund,94,0.060562052,0.032341338,0.071721933
camissa_islamic_balanced_fund,95,0.060590426,0.032547971,0.071540466
camissa_islamic_balanced_fund,96,0.060576474,0.032612472,0.071425483
camissa_islamic_balanced_fund,97,0.060569177,0.032679292,0.071363274
camissa_islamic_balanced_fund,98,0.060634755,0.032820822,0.071343102
camissa_islamic_balanced_fund,99,0.060655784,0.032929789,0.071289421
camissa_islamic_balanced_fund,100,0.060643321,0.032949156,0.071138962
camissa_islamic_equity_fund,1,0.065346524,-0.181869612,0.313448986
camissa_islamic_equity_fund,2,0.063843477,-0.12026395,0.236907036
camissa_islamic_equity_fund,3,0.064025697,-0.089050092,0.201244546
camissa_islamic_equity_fund,4,0.063467153,-0.070629485,0.180312584
camissa_islamic_equity_fund,5,0.063522149,-0.056459575,0.166546288
camissa_islamic_equity_fund,6,0.063767856,-0.047711033,0.156757671
camissa_islamic_equity_fund,7,0.063631819,-0.040046959,0.149468847
camissa_islamic_equity_fund,8,0.063975968,-0.033508197,0.143357358
camissa_islamic_equity_fund,9,0.064062541,-0.030117446,0.138512715
camissa_islamic_equity_fund,10,0.064179943,-0.025373083,0.134363078
camissa_islamic_equity_fund,11,0.064260499,-0.022128632,0.130022932
camissa_islamic_equity_fund,12,0.064213476,-0.019014487,0.126419079
camissa_islamic_equity_fund,13,0.064256714,-0.01641347,0.123900465
camissa_islamic_equity_fund,14,0.064224934,-0.014098072,0.121203436
camissa_islamic_equity_fund,15,0.064307602,-0.011438205,0.119093696
camissa_islamic_equity_fund,16,0.064190421,-0.00969106,0.117122732
camissa_islamic_equity_fund,17,0.064002831,-0.007661361,0.115110167
camissa_islamic_equity_fund,18,0.06410056,-0.005624516,0.113455766
camissa_islamic_equity_fund,19,0.064126916,-0.003915756,0.111102135
camissa_islamic_equity_fund,20,0.06408176,-0.00258915,0.109615413
camissa_islamic_equity_fund,21,0.063985719,-0.000403854,0.108503935
camissa_islamic_equity_fund,22,0.063912273,1.88E-05,0.106566833
camissa_islamic_equity_fund,23,0.063921278,0.001040899,0.105891226
camissa_islamic_equity_fund,24,0.063932597,0.001720846,0.104323731
camissa_islamic_equity_fund,25,0.064000046,0.002804828,0.103205498
camissa_islamic_equity_fund,26,0.063980545,0.003350167,0.101941522
camissa_islamic_equity_fund,27,0.064007088,0.004322085,0.101114546
camissa_islamic_equity_fund,28,0.064027443,0.00535187,0.100400076
camissa_islamic_equity_fund,29,0.063973431,0.006271847,0.100159502
camissa_islamic_equity_fund,30,0.064009648,0.007056966,0.099284491
camissa_islamic_equity_fund,31,0.063913035,0.007698315,0.098080868
camissa_islamic_equity_fund,32,0.063912861,0.008139456,0.097505732
camissa_islamic_equity_fund,33,0.063904975,0.008867182,0.096551889
camissa_islamic_equity_fund,34,0.063907641,0.009343763,0.095761716
camissa_islamic_equity_fund,35,0.063903204,0.009968686,0.095227144
camissa_islamic_equity_fund,36,0.063973306,0.010619065,0.094632096
camissa_islamic_equity_fund,37,0.063922781,0.011202099,0.093517318
camissa_islamic_equity_fund,38,0.063930457,0.01165562,0.093175294
camissa_islamic_equity_fund,39,0.06398373,0.011967982,0.092498458
camissa_islamic_equity_fund,40,0.064008077,0.012585577,0.092167407
camissa_islamic_equity_fund,41,0.064011734,0.013180307,0.091651611
camissa_islamic_equity_fund,42,0.064060067,0.013513134,0.09147853
camissa_islamic_equity_fund,43,0.06406065,0.014375459,0.091303511
camissa_islamic_equity_fund,44,0.06396924,0.014749362,0.090876225
camissa_islamic_equity_fund,45,0.063962833,0.014889882,0.090172729
camissa_islamic_equity_fund,46,0.06392491,0.015167791,0.089421475
camissa_islamic_equity_fund,47,0.063953373,0.015650661,0.088972081
camissa_islamic_equity_fund,48,0.06398204,0.016194951,0.089035961
camissa_islamic_equity_fund,49,0.063992044,0.016295662,0.08864206
camissa_islamic_equity_fund,50,0.064033313,0.01686617,0.088422245
camissa_islamic_equity_fund,51,0.06404495,0.017206485,0.088073681
camissa_islamic_equity_fund,52,0.064052873,0.017646318,0.087769312
camissa_islamic_equity_fund,53,0.06406689,0.017832195,0.087290192
camissa_islamic_equity_fund,54,0.064023492,0.018173052,0.087088208
camissa_islamic_equity_fund,55,0.064043755,0.018080498,0.086720246
camissa_islamic_equity_fund,56,0.064070189,0.018527165,0.086755775
camissa_islamic_equity_fund,57,0.064079298,0.018742651,0.086476781
camissa_islamic_equity_fund,58,0.064041322,0.018921959,0.086051653
camissa_islamic_equity_fund,59,0.064005265,0.019293173,0.08565328
camissa_islamic_equity_fund,60,0.064011233,0.019642739,0.08525916
camissa_islamic_equity_fund,61,0.064098684,0.020012679,0.085332057
camissa_islamic_equity_fund,62,0.064071768,0.020027662,0.084989669
camissa_islamic_equity_fund,63,0.064112725,0.020325238,0.084666056
camissa_islamic_equity_fund,64,0.064110691,0.020323967,0.084421743
camissa_islamic_equity_fund,65,0.06415791,0.020765763,0.084505631
camissa_islamic_equity_fund,66,0.064206568,0.021054498,0.084272193
camissa_islamic_equity_fund,67,0.064221293,0.021248252,0.083854033
camissa_islamic_equity_fund,68,0.064246481,0.021632777,0.083787763
camissa_islamic_equity_fund,69,0.06425091,0.021900193,0.08349297
camissa_islamic_equity_fund,70,0.064249993,0.021972783,0.08323489
camissa_islamic_equity_fund,71,0.064309606,0.022276196,0.083029883
camissa_islamic_equity_fund,72,0.064358461,0.022441075,0.082727939
camissa_islamic_equity_fund,73,0.06435793,0.022509942,0.082497287
camissa_islamic_equity_fund,74,0.064327391,0.022726392,0.082471941
camissa_islamic_equity_fund,75,0.064380063,0.023135119,0.082256432
camissa_islamic_equity_fund,76,0.064338107,0.023251687,0.082023727
camissa_islamic_equity_fund,77,0.064250393,0.023659576,0.081624366
camissa_islamic_equity_fund,78,0.064252584,0.023732546,0.081474713
camissa_islamic_equity_fund,79,0.064271453,0.023962638,0.081251292
camissa_islamic_equity_fund,80,0.064273563,0.024136722,0.081092659
camissa_islamic_equity_fund,81,0.064271282,0.024327257,0.080807056
camissa_islamic_equity_fund,82,0.064326831,0.024468406,0.080694971
camissa_islamic_equity_fund,83,0.064327821,0.024509264,0.080532682
camissa_islamic_equity_fund,84,0.064294013,0.024687396,0.080432087
camissa_islamic_equity_fund,85,0.064284721,0.024869486,0.080253032
camissa_islamic_equity_fund,86,0.064316079,0.025030276,0.080148079
camissa_islamic_equity_fund,87,0.064338065,0.025194493,0.080087811
camissa_islamic_equity_fund,88,0.06428997,0.025417136,0.079883969
camissa_islamic_equity_fund,89,0.064287219,0.025548115,0.079688574
camissa_islamic_equity_fund,90,0.064301036,0.025579757,0.079722025
camissa_islamic_equity_fund,91,0.06427805,0.025812925,0.079544795
camissa_islamic_equity_fund,92,0.064272076,0.026085642,0.079275063
camissa_islamic_equity_fund,93,0.064327096,0.026177477,0.078989165
camissa_islamic_equity_fund,94,0.064259439,0.02627884,0.078851231
camissa_islamic_equity_fund,95,0.064291128,0.026602489,0.078575826
camissa_islamic_equity_fund,96,0.064274381,0.02669754,0.078399355
camissa_islamic_equity_fund,97,0.064259636,0.026770512,0.078306677
camissa_islamic_equity_fund,98,0.064341778,0.026960893,0.078305005
camissa_islamic_equity_fund,99,0.064364634,0.027095173,0.078203784
camissa_islamic_equity_fund,100,0.064350879,0.027090083,0.078009433
camissa_islamic_high_yield_fund,1,0.060291333,-0.116522601,0.239860255
camissa_islamic_high_yield_fund,2,0.059913875,-0.068452791,0.184381478
camissa_islamic_high_yield_fund,3,0.059906881,-0.046221731,0.160320124
camissa_islamic_high_yield_fund,4,0.059573179,-0.034752458,0.145485489
camissa_islamic_high_yield_fund,5,0.059583244,-0.024733562,0.134578626
camissa_islamic_high_yield_fund,6,0.059638461,-0.018429081,0.127854754
camissa_islamic_high_yield_fund,7,0.059610269,-0.01237572,0.121408917
camissa_islamic_high_yield_fund,8,0.059738636,-0.0083157,0.117052165
camissa_islamic_high_yield_fund,9,0.059648662,-0.005097272,0.114030257
camissa_islamic_high_yield_fund,10,0.059626642,-0.001914106,0.110600696
camissa_islamic_high_yield_fund,11,0.059622697,0.000872928,0.108243275
camissa_islamic_high_yield_fund,12,0.059568613,0.00307275,0.105785148
camissa_islamic_high_yield_fund,13,0.059613918,0.005139109,0.104167007
camissa_islamic_high_yield_fund,14,0.059632329,0.007067847,0.102012052
camissa_islamic_high_yield_fund,15,0.059502134,0.008598316,0.100470806
camissa_islamic_high_yield_fund,16,0.059489442,0.010394961,0.099306216
camissa_islamic_high_yield_fund,17,0.059413022,0.010973394,0.097673266
camissa_islamic_high_yield_fund,18,0.059400725,0.012387184,0.096122184
camissa_islamic_high_yield_fund,19,0.0594784,0.013293877,0.095085106
camissa_islamic_high_yield_fund,20,0.059483845,0.014808489,0.093837561
camissa_islamic_high_yield_fund,21,0.059529702,0.015926175,0.093062085
camissa_islamic_high_yield_fund,22,0.059496152,0.016764071,0.092310437
camissa_islamic_high_yield_fund,23,0.059480658,0.017879924,0.090850343
camissa_islamic_high_yield_fund,24,0.059438654,0.018278036,0.090248981
camissa_islamic_high_yield_fund,25,0.059492617,0.019314286,0.089808725
camissa_islamic_high_yield_fund,26,0.059414333,0.019599032,0.088729026
camissa_islamic_high_yield_fund,27,0.059447265,0.020421232,0.08836699
camissa_islamic_high_yield_fund,28,0.059479053,0.020947936,0.087902397
camissa_islamic_high_yield_fund,29,0.059534882,0.021499219,0.087519769
camissa_islamic_high_yield_fund,30,0.059486459,0.021983723,0.086777295
camissa_islamic_high_yield_fund,31,0.059514109,0.022519827,0.086165717
camissa_islamic_high_yield_fund,32,0.059539937,0.022641867,0.08590375
camissa_islamic_high_yield_fund,33,0.059529551,0.023155111,0.085280309
camissa_islamic_high_yield_fund,34,0.059546317,0.023479104,0.085033156
camissa_islamic_high_yield_fund,35,0.059572541,0.023747246,0.084296105
camissa_islamic_high_yield_fund,36,0.059627994,0.024265879,0.083925638
camissa_islamic_high_yield_fund,37,0.059616244,0.024626395,0.083124143
camissa_islamic_high_yield_fund,38,0.059641523,0.024919914,0.082662405
camissa_islamic_high_yield_fund,39,0.059685773,0.025658232,0.082157274
camissa_islamic_high_yield_fund,40,0.059711747,0.025950607,0.081874188
camissa_islamic_high_yield_fund,41,0.05970415,0.026374912,0.081700865
camissa_islamic_high_yield_fund,42,0.059714421,0.026498279,0.081422536
camissa_islamic_high_yield_fund,43,0.059736959,0.027012974,0.081100102
camissa_islamic_high_yield_fund,44,0.059745802,0.02712388,0.08081519
camissa_islamic_high_yield_fund,45,0.059736785,0.02751026,0.080443202
camissa_islamic_high_yield_fund,46,0.059771682,0.027661324,0.080159757
camissa_islamic_high_yield_fund,47,0.059762049,0.027980357,0.079968267
camissa_islamic_high_yield_fund,48,0.059780681,0.028100511,0.079946614
camissa_islamic_high_yield_fund,49,0.059760026,0.028324353,0.079340407
camissa_islamic_high_yield_fund,50,0.059791425,0.028270136,0.079376753
camissa_islamic_high_yield_fund,51,0.059776667,0.028514768,0.079133161
camissa_islamic_high_yield_fund,52,0.059782013,0.029001757,0.078703338
camissa_islamic_high_yield_fund,53,0.059771227,0.029287625,0.078566351
camissa_islamic_high_yield_fund,54,0.059756475,0.029324231,0.078433395
camissa_islamic_high_yield_fund,55,0.059753104,0.029641103,0.078069768
camissa_islamic_high_yield_fund,56,0.05973269,0.030048834,0.078102483
camissa_islamic_high_yield_fund,57,0.059742467,0.030231853,0.077697698
camissa_islamic_high_yield_fund,58,0.059753972,0.030455567,0.077611295
camissa_islamic_high_yield_fund,59,0.059712656,0.03052029,0.077458993
camissa_islamic_high_yield_fund,60,0.059717985,0.030720007,0.076944006
camissa_islamic_high_yield_fund,61,0.059721457,0.031010128,0.076769677
camissa_islamic_high_yield_fund,62,0.059735378,0.031231793,0.07655427
camissa_islamic_high_yield_fund,63,0.059734725,0.031242877,0.076561825
camissa_islamic_high_yield_fund,64,0.059750568,0.031282654,0.076401925
camissa_islamic_high_yield_fund,65,0.059747494,0.031371434,0.076162817
camissa_islamic_high_yield_fund,66,0.059757477,0.031586854,0.076070722
camissa_islamic_high_yield_fund,67,0.059746044,0.031837648,0.075895055
camissa_islamic_high_yield_fund,68,0.059718542,0.032092954,0.075632455
camissa_islamic_high_yield_fund,69,0.059719492,0.032322911,0.075509062
camissa_islamic_high_yield_fund,70,0.059740178,0.032342646,0.075332484
camissa_islamic_high_yield_fund,71,0.05976849,0.03271219,0.0752246
camissa_islamic_high_yield_fund,72,0.059771665,0.032763319,0.075084839
camissa_islamic_high_yield_fund,73,0.059751598,0.032782908,0.074969107
camissa_islamic_high_yield_fund,74,0.059740619,0.032896178,0.07480481
camissa_islamic_high_yield_fund,75,0.059720316,0.033064044,0.074558654
camissa_islamic_high_yield_fund,76,0.059714468,0.033292209,0.074504803
camissa_islamic_high_yield_fund,77,0.059719942,0.033442755,0.074433684
camissa_islamic_high_yield_fund,78,0.059718724,0.033451383,0.074337917
camissa_islamic_high_yield_fund,79,0.059709254,0.033552045,0.074105108
camissa_islamic_high_yield_fund,80,0.059711249,0.033841052,0.074008333
camissa_islamic_high_yield_fund,81,0.059726203,0.033825436,0.07387395
camissa_islamic_high_yield_fund,82,0.059748374,0.033896685,0.073633338
camissa_islamic_high_yield_fund,83,0.059748684,0.034113325,0.073571182
camissa_islamic_high_yield_fund,84,0.059741199,0.03408521,0.073493649
camissa_islamic_high_yield_fund,85,0.05971484,0.034326529,0.073324261
camissa_islamic_high_yield_fund,86,0.059731894,0.03446583,0.073249083
camissa_islamic_high_yield_fund,87,0.059756322,0.034702683,0.07340639
camissa_islamic_high_yield_fund,88,0.059767821,0.034884975,0.073251221
camissa_islamic_high_yield_fund,89,0.059775442,0.035026754,0.073089075
camissa_islamic_high_yield_fund,90,0.059777882,0.035136021,0.072999559
camissa_islamic_high_yield_fund,91,0.05977872,0.035218637,0.072866199
camissa_islamic_high_yield_fund,92,0.059772045,0.035260998,0.072680275
camissa_islamic_high_yield_fund,93,0.059759644,0.035241979,0.072536511
camissa_islamic_high_yield_fund,94,0.059758363,0.035272243,0.072481526
camissa_islamic_high_yield_fund,95,0.059762869,0.035332942,0.072338823
camissa_islamic_high_yield_fund,96,0.059768628,0.035469129,0.072257091
camissa_islamic_high_yield_fund,97,0.059765941,0.03552988,0.072126441
camissa_islamic_high_yield_fund,98,0.059775394,0.035525298,0.072019159
camissa_islamic_high_yield_fund,99,0.059810001,0.035698872,0.072037601
camissa_islamic_high_yield_fund,100,0.059810192,0.035832109,0.07193883
coronation_balanced_defensive_fund,1,0.054465875,-0.128469235,0.239656654
coronation_balanced_defensive_fund,2,0.054094505,-0.080969543,0.182606969
coronation_balanced_defensive_fund,3,0.05435407,-0.057661785,0.157224444
coronation_balanced_defensive_fund,4,0.054199101,-0.044596919,0.142363801
coronation_balanced_defensive_fund,5,0.054217123,-0.03431683,0.131397655
coronation_balanced_defensive_fund,6,0.054329934,-0.027645491,0.12416892
coronation_balanced_defensive_fund,7,0.054274667,-0.021933143,0.117954929
coronation_balanced_defensive_fund,8,0.054424443,-0.01751671,0.113650719
coronation_balanced_defensive_fund,9,0.054381238,-0.014352081,0.110205508
coronation_balanced_defensive_fund,10,0.054380582,-0.011049629,0.106719172
coronation_balanced_defensive_fund,11,0.05442436,-0.008365159,0.103986905
coronation_balanced_defensive_fund,12,0.054350138,-0.006085808,0.101360468
coronation_balanced_defensive_fund,13,0.054387879,-0.003840936,0.099492389
coronation_balanced_defensive_fund,14,0.05438602,-0.002104117,0.09735723
coronation_balanced_defensive_fund,15,0.054341915,-0.000300621,0.095960855
coronation_balanced_defensive_fund,16,0.054240939,0.001361284,0.094457584
coronation_balanced_defensive_fund,17,0.054206642,0.002489527,0.092867411
coronation_balanced_defensive_fund,18,0.054253037,0.003830914,0.091487113
coronation_balanced_defensive_fund,19,0.054321157,0.00495742,0.090245789
coronation_balanced_defensive_fund,20,0.05429317,0.006136832,0.089196451
coronation_balanced_defensive_fund,21,0.054291309,0.007498427,0.088180675
coronation_balanced_defensive_fund,22,0.054258161,0.008141837,0.087096858
coronation_balanced_defensive_fund,23,0.054269644,0.009086635,0.086229638
coronation_balanced_defensive_fund,24,0.054277627,0.009597321,0.085443708
coronation_balanced_defensive_fund,25,0.054315201,0.010493325,0.08479478
coronation_balanced_defensive_fund,26,0.054286918,0.011021393,0.083726746
coronation_balanced_defensive_fund,27,0.054292326,0.01173905,0.083092609
coronation_balanced_defensive_fund,28,0.054287796,0.01239276,0.082605416
coronation_balanced_defensive_fund,29,0.054286933,0.013028236,0.082229741
coronation_balanced_defensive_fund,30,0.054267856,0.013617635,0.081603618
coronation_balanced_defensive_fund,31,0.05427239,0.013988722,0.080974458
coronation_balanced_defensive_fund,32,0.05429569,0.014280596,0.080571754
coronation_balanced_defensive_fund,33,0.054283834,0.014882497,0.079988181
coronation_balanced_defensive_fund,34,0.054299869,0.015237029,0.079539089
coronation_balanced_defensive_fund,35,0.054332025,0.015690449,0.078937775
coronation_balanced_defensive_fund,36,0.054374493,0.016184409,0.078555898
coronation_balanced_defensive_fund,37,0.054361327,0.016547162,0.077836245
coronation_balanced_defensive_fund,38,0.054374744,0.016923827,0.077426851
coronation_balanced_defensive_fund,39,0.054409486,0.017404055,0.077007584
coronation_balanced_defensive_fund,40,0.054430455,0.017736964,0.076683292
coronation_balanced_defensive_fund,41,0.054415015,0.018200133,0.076367349
coronation_balanced_defensive_fund,42,0.054412343,0.018338986,0.076088355
coronation_balanced_defensive_fund,43,0.054417668,0.018945484,0.075804839
coronation_balanced_defensive_fund,44,0.054375568,0.019169815,0.075373818
coronation_balanced_defensive_fund,45,0.054374117,0.019354649,0.074985903
coronation_balanced_defensive_fund,46,0.054384479,0.019566632,0.074685144
coronation_balanced_defensive_fund,47,0.054390427,0.019899767,0.074436556
coronation_balanced_defensive_fund,48,0.054399716,0.020258176,0.074364892
coronation_balanced_defensive_fund,49,0.054372774,0.020493096,0.073982135
coronation_balanced_defensive_fund,50,0.054414241,0.020677283,0.07385527
coronation_balanced_defensive_fund,51,0.054400623,0.020918274,0.073613639
coronation_balanced_defensive_fund,52,0.054403142,0.021309738,0.073256544
coronation_balanced_defensive_fund,53,0.054397001,0.021551716,0.073016192
coronation_balanced_defensive_fund,54,0.054389764,0.021717792,0.072811502
coronation_balanced_defensive_fund,55,0.054390212,0.02179292,0.072457109
coronation_balanced_defensive_fund,56,0.05438806,0.022149607,0.072404427
coronation_balanced_defensive_fund,57,0.054398191,0.02235906,0.072130484
coronation_balanced_defensive_fund,58,0.054385098,0.022546902,0.071955545
coronation_balanced_defensive_fund,59,0.054354915,0.022715238,0.071698853
coronation_balanced_defensive_fund,60,0.054351622,0.022993776,0.071328451
coronation_balanced_defensive_fund,61,0.054378994,0.023223835,0.071260593
coronation_balanced_defensive_fund,62,0.05438374,0.023318848,0.071033809
coronation_balanced_defensive_fund,63,0.054399918,0.023419496,0.070882895
coronation_balanced_defensive_fund,64,0.054400072,0.0235375,0.070706758
coronation_balanced_defensive_fund,65,0.054425313,0.023730065,0.070581424
coronation_balanced_defensive_fund,66,0.054451563,0.023910889,0.070441516
coronation_balanced_defensive_fund,67,0.054447286,0.024174173,0.070226736
coronation_balanced_defensive_fund,68,0.054438992,0.024371379,0.070049131
coronation_balanced_defensive_fund,69,0.054444044,0.024613312,0.069869008
coronation_balanced_defensive_fund,70,0.054459973,0.024692887,0.0697072
coronation_balanced_defensive_fund,71,0.054484735,0.025003519,0.069592039
coronation_balanced_defensive_fund,72,0.054493599,0.025108555,0.069378678
coronation_balanced_defensive_fund,73,0.054495744,0.025159343,0.069256819
coronation_balanced_defensive_fund,74,0.054486363,0.025298195,0.069203488
coronation_balanced_defensive_fund,75,0.054492266,0.025508217,0.06901349
coronation_balanced_defensive_fund,76,0.054496258,0.025627684,0.068892638
coronation_balanced_defensive_fund,77,0.054474301,0.025865034,0.068666624
coronation_balanced_defensive_fund,78,0.054479802,0.025861321,0.068589623
coronation_balanced_defensive_fund,79,0.05447743,0.025997259,0.068374526
coronation_balanced_defensive_fund,80,0.054486151,0.026183078,0.068228303
coronation_balanced_defensive_fund,81,0.054490467,0.026295279,0.068095924
coronation_balanced_defensive_fund,82,0.054507899,0.026374753,0.067915922
coronation_balanced_defensive_fund,83,0.054494658,0.026548748,0.067774562
coronation_balanced_defensive_fund,84,0.054474397,0.026594083,0.067692155
coronation_balanced_defensive_fund,85,0.054464999,0.026774531,0.067550682
coronation_balanced_defensive_fund,86,0.054479867,0.026941199,0.067458919
coronation_balanced_defensive_fund,87,0.054496911,0.027122658,0.067477818
coronation_balanced_defensive_fund,88,0.05449192,0.0272577,0.067355114
coronation_balanced_defensive_fund,89,0.054490211,0.027393344,0.067195159
coronation_balanced_defensive_fund,90,0.054489169,0.027455034,0.067119494
coronation_balanced_defensive_fund,91,0.054469625,0.027584226,0.067001904
coronation_balanced_defensive_fund,92,0.054466182,0.027719198,0.066828039
coronation_balanced_defensive_fund,93,0.054483801,0.027746806,0.066649225
coronation_balanced_defensive_fund,94,0.054453839,0.027789052,0.066522312
coronation_balanced_defensive_fund,95,0.054474035,0.027902069,0.066384815
coronation_balanced_defensive_fund,96,0.054471048,0.027974161,0.066298886
coronation_balanced_defensive_fund,97,0.054470351,0.028051719,0.066213755
coronation_balanced_defensive_fund,98,0.054511565,0.028136841,0.066136988
coronation_balanced_defensive_fund,99,0.054540236,0.028293464,0.066118882
coronation_balanced_defensive_fund,100,0.054532514,0.028380846,0.065994557
coronation_balanced_plus,1,0.058187769,-0.17442179,0.292785615
coronation_balanced_plus,2,0.057201128,-0.115954389,0.22033904
coronation_balanced_plus,3,0.057531794,-0.086497376,0.187207986
coronation_balanced_plus,4,0.057237918,-0.069284585,0.168105731
coronation_balanced_plus,5,0.057302662,-0.05612932,0.154791852
coronation_balanced_plus,6,0.057499086,-0.047650506,0.145444487
coronation_balanced_plus,7,0.057382503,-0.040640031,0.137984693
coronation_balanced_plus,8,0.057643113,-0.034703411,0.132537087
coronation_balanced_plus,9,0.05765045,-0.031133464,0.128027553
coronation_balanced_plus,10,0.057719636,-0.026796813,0.123801973
coronation_balanced_plus,11,0.057795941,-0.023601922,0.11998904
coronation_balanced_plus,12,0.057726531,-0.020695689,0.116523985
coronation_balanced_plus,13,0.057762142,-0.017997546,0.114151269
coronation_balanced_plus,14,0.057732087,-0.015866506,0.111502867
coronation_balanced_plus,15,0.057769177,-0.013367478,0.109666058
coronation_balanced_plus,16,0.057635364,-0.011494444,0.107702644
coronation_balanced_plus,17,0.057546785,-0.009698974,0.105796011
coronation_balanced_plus,18,0.057640388,-0.007951691,0.104208207
coronation_balanced_plus,19,0.057687106,-0.006405633,0.102290035
coronation_balanced_plus,20,0.057628699,-0.005132089,0.100952935
coronation_balanced_plus,21,0.057570932,-0.003165877,0.099754518
coronation_balanced_plus,22,0.057515302,-0.002620565,0.098034289
coronation_balanced_plus,23,0.057530457,-0.001601674,0.097298582
coronation_balanced_plus,24,0.057565851,-0.000968282,0.096050027
coronation_balanced_plus,25,0.057618744,7.16E-05,0.095068084
coronation_balanced_plus,26,0.057605415,0.000805817,0.093804175
coronation_balanced_plus,27,0.057616985,0.001659269,0.092943808
coronation_balanced_plus,28,0.057613834,0.002573733,0.092270196
coronation_balanced_plus,29,0.057574895,0.00344807,0.09194487
coronation_balanced_plus,30,0.057584403,0.004199896,0.091176263
coronation_balanced_plus,31,0.057541436,0.004667062,0.090217205
coronation_balanced_plus,32,0.057559148,0.005106095,0.089660941
coronation_balanced_plus,33,0.057552098,0.005844836,0.088862107
coronation_balanced_plus,34,0.057565134,0.006283605,0.08813165
coronation_balanced_plus,35,0.057593775,0.006936165,0.087562933
coronation_balanced_plus,36,0.057646158,0.007526266,0.087037418
coronation_balanced_plus,37,0.057614203,0.008028208,0.08608627
coronation_balanced_plus,38,0.057619051,0.008508686,0.085694902
coronation_balanced_plus,39,0.057660696,0.008881846,0.085136904
coronation_balanced_plus,40,0.057685199,0.009413897,0.084784475
coronation_balanced_plus,41,0.057671255,0.01000229,0.084309927
coronation_balanced_plus,42,0.057692333,0.010259129,0.08403597
coronation_balanced_plus,43,0.057688055,0.01108027,0.083794124
coronation_balanced_plus,44,0.057610487,0.011407693,0.083272949
coronation_balanced_plus,45,0.057607635,0.011516093,0.082681247
coronation_balanced_plus,46,0.05758186,0.011817342,0.082131132
coronation_balanced_plus,47,0.057602191,0.012274179,0.081759372
coronation_balanced_plus,48,0.057624453,0.012787817,0.081726686
coronation_balanced_plus,49,0.057605639,0.012982045,0.081381595
coronation_balanced_plus,50,0.057652078,0.013411908,0.081150575
coronation_balanced_plus,51,0.057648103,0.013724941,0.080852597
coronation_balanced_plus,52,0.057656736,0.014142303,0.080480263
coronation_balanced_plus,53,0.057660367,0.01437972,0.080057699
coronation_balanced_plus,54,0.057633218,0.014673383,0.07980208
coronation_balanced_plus,55,0.057636196,0.014624341,0.079396695
coronation_balanced_plus,56,0.057652948,0.015051596,0.079358654
coronation_balanced_plus,57,0.057663457,0.015299483,0.07908753
coronation_balanced_plus,58,0.05763031,0.015473639,0.078774689
coronation_balanced_plus,59,0.057602162,0.015765749,0.078377275
coronation_balanced_plus,60,0.057597572,0.016137849,0.078011288
coronation_balanced_plus,61,0.057657542,0.016436115,0.078022146
coronation_balanced_plus,62,0.057647356,0.016484144,0.077704027
coronation_balanced_plus,63,0.057681749,0.016708832,0.077427018
coronation_balanced_plus,64,0.057674168,0.016825311,0.077189519
coronation_balanced_plus,65,0.05771994,0.017178471,0.077176766
coronation_balanced_plus,66,0.057772523,0.01741092,0.076970454
coronation_balanced_plus,67,0.057777648,0.01768568,0.076632265
coronation_balanced_plus,68,0.057788624,0.017964633,0.076518966
coronation_balanced_plus,69,0.057792727,0.018243945,0.076244854
coronation_balanced_plus,70,0.05780185,0.018337873,0.076015007
coronation_balanced_plus,71,0.057847991,0.018654697,0.07583435
coronation_balanced_plus,72,0.057872215,0.01883194,0.075542772
coronation_balanced_plus,73,0.057879316,0.018894861,0.075377631
coronation_balanced_plus,74,0.057858692,0.019094247,0.075361773
coronation_balanced_plus,75,0.057896604,0.019430472,0.07514236
coronation_balanced_plus,76,0.057879869,0.019537418,0.07494135
coronation_balanced_plus,77,0.057822747,0.019895137,0.074576078
coronation_balanced_plus,78,0.057824509,0.019938038,0.074467398
coronation_balanced_plus,79,0.057833575,0.020128992,0.074235282
coronation_balanced_plus,80,0.057842265,0.020293878,0.07404667
coronation_balanced_plus,81,0.057835861,0.020498097,0.073815061
coronation_balanced_plus,82,0.057875615,0.020630961,0.073660652
coronation_balanced_plus,83,0.057863623,0.020752671,0.073467225
coronation_balanced_plus,84,0.057835026,0.020883322,0.07336471
coronation_balanced_plus,85,0.057828794,0.021055543,0.073204682
coronation_balanced_plus,86,0.05784762,0.021248818,0.073102377
coronation_balanced_plus,87,0.057867589,0.021429781,0.073042916
coronation_balanced_plus,88,0.057838693,0.021586732,0.072880447
coronation_balanced_plus,89,0.057829814,0.021724193,0.07268676
coronation_balanced_plus,90,0.05782907,0.021787456,0.072649256
coronation_balanced_plus,91,0.05780077,0.021980604,0.072517051
coronation_balanced_plus,92,0.057798928,0.022222415,0.072275772
coronation_balanced_plus,93,0.057841512,0.022285335,0.072019625
coronation_balanced_plus,94,0.057779937,0.02236798,0.071860033
coronation_balanced_plus,95,0.057812925,0.022598507,0.071649335
coronation_balanced_plus,96,0.057796205,0.022672265,0.07151051
coronation_balanced_plus,97,0.057791032,0.02277012,0.071433259
coronation_balanced_plus,98,0.057866764,0.022944399,0.071375466
coronation_balanced_plus,99,0.057892275,0.023076691,0.071320178
coronation_balanced_plus,100,0.057883313,0.023131032,0.071129741
coronation_balanced_plus_fund,1,0.058187769,-0.17442179,0.292785615
coronation_balanced_plus_fund,2,0.057201128,-0.115954389,0.22033904
coronation_balanced_plus_fund,3,0.057531794,-0.086497376,0.187207986
coronation_balanced_plus_fund,4,0.057237918,-0.069284585,0.168105731
coronation_balanced_plus_fund,5,0.057302662,-0.05612932,0.154791852
coronation_balanced_plus_fund,6,0.057499086,-0.047650506,0.145444487
coronation_balanced_plus_fund,7,0.057382503,-0.040640031,0.137984693
coronation_balanced_plus_fund,8,0.057643113,-0.034703411,0.132537087
coronation_balanced_plus_fund,9,0.05765045,-0.031133464,0.128027553
coronation_balanced_plus_fund,10,0.057719636,-0.026796813,0.123801973
coronation_balanced_plus_fund,11,0.057795941,-0.023601922,0.11998904
coronation_balanced_plus_fund,12,0.057726531,-0.020695689,0.116523985
coronation_balanced_plus_fund,13,0.057762142,-0.017997546,0.114151269
coronation_balanced_plus_fund,14,0.057732087,-0.015866506,0.111502867
coronation_balanced_plus_fund,15,0.057769177,-0.013367478,0.109666058
coronation_balanced_plus_fund,16,0.057635364,-0.011494444,0.107702644
coronation_balanced_plus_fund,17,0.057546785,-0.009698974,0.105796011
coronation_balanced_plus_fund,18,0.057640388,-0.007951691,0.104208207
coronation_balanced_plus_fund,19,0.057687106,-0.006405633,0.102290035
coronation_balanced_plus_fund,20,0.057628699,-0.005132089,0.100952935
coronation_balanced_plus_fund,21,0.057570932,-0.003165877,0.099754518
coronation_balanced_plus_fund,22,0.057515302,-0.002620565,0.098034289
coronation_balanced_plus_fund,23,0.057530457,-0.001601674,0.097298582
coronation_balanced_plus_fund,24,0.057565851,-0.000968282,0.096050027
coronation_balanced_plus_fund,25,0.057618744,7.16E-05,0.095068084
coronation_balanced_plus_fund,26,0.057605415,0.000805817,0.093804175
coronation_balanced_plus_fund,27,0.057616985,0.001659269,0.092943808
coronation_balanced_plus_fund,28,0.057613834,0.002573733,0.092270196
coronation_balanced_plus_fund,29,0.057574895,0.00344807,0.09194487
coronation_balanced_plus_fund,30,0.057584403,0.004199896,0.091176263
coronation_balanced_plus_fund,31,0.057541436,0.004667062,0.090217205
coronation_balanced_plus_fund,32,0.057559148,0.005106095,0.089660941
coronation_balanced_plus_fund,33,0.057552098,0.005844836,0.088862107
coronation_balanced_plus_fund,34,0.057565134,0.006283605,0.08813165
coronation_balanced_plus_fund,35,0.057593775,0.006936165,0.087562933
coronation_balanced_plus_fund,36,0.057646158,0.007526266,0.087037418
coronation_balanced_plus_fund,37,0.057614203,0.008028208,0.08608627
coronation_balanced_plus_fund,38,0.057619051,0.008508686,0.085694902
coronation_balanced_plus_fund,39,0.057660696,0.008881846,0.085136904
coronation_balanced_plus_fund,40,0.057685199,0.009413897,0.084784475
coronation_balanced_plus_fund,41,0.057671255,0.01000229,0.084309927
coronation_balanced_plus_fund,42,0.057692333,0.010259129,0.08403597
coronation_balanced_plus_fund,43,0.057688055,0.01108027,0.083794124
coronation_balanced_plus_fund,44,0.057610487,0.011407693,0.083272949
coronation_balanced_plus_fund,45,0.057607635,0.011516093,0.082681247
coronation_balanced_plus_fund,46,0.05758186,0.011817342,0.082131132
coronation_balanced_plus_fund,47,0.057602191,0.012274179,0.081759372
coronation_balanced_plus_fund,48,0.057624453,0.012787817,0.081726686
coronation_balanced_plus_fund,49,0.057605639,0.012982045,0.081381595
coronation_balanced_plus_fund,50,0.057652078,0.013411908,0.081150575
coronation_balanced_plus_fund,51,0.057648103,0.013724941,0.080852597
coronation_balanced_plus_fund,52,0.057656736,0.014142303,0.080480263
coronation_balanced_plus_fund,53,0.057660367,0.01437972,0.080057699
coronation_balanced_plus_fund,54,0.057633218,0.014673383,0.07980208
coronation_balanced_plus_fund,55,0.057636196,0.014624341,0.079396695
coronation_balanced_plus_fund,56,0.057652948,0.015051596,0.079358654
coronation_balanced_plus_fund,57,0.057663457,0.015299483,0.07908753
coronation_balanced_plus_fund,58,0.05763031,0.015473639,0.078774689
coronation_balanced_plus_fund,59,0.057602162,0.015765749,0.078377275
coronation_balanced_plus_fund,60,0.057597572,0.016137849,0.078011288
coronation_balanced_plus_fund,61,0.057657542,0.016436115,0.078022146
coronation_balanced_plus_fund,62,0.057647356,0.016484144,0.077704027
coronation_balanced_plus_fund,63,0.057681749,0.016708832,0.077427018
coronation_balanced_plus_fund,64,0.057674168,0.016825311,0.077189519
coronation_balanced_plus_fund,65,0.05771994,0.017178471,0.077176766
coronation_balanced_plus_fund,66,0.057772523,0.01741092,0.076970454
coronation_balanced_plus_fund,67,0.057777648,0.01768568,0.076632265
coronation_balanced_plus_fund,68,0.057788624,0.017964633,0.076518966
coronation_balanced_plus_fund,69,0.057792727,0.018243945,0.076244854
coronation_balanced_plus_fund,70,0.05780185,0.018337873,0.076015007
coronation_balanced_plus_fund,71,0.057847991,0.018654697,0.07583435
coronation_balanced_plus_fund,72,0.057872215,0.01883194,0.075542772
coronation_balanced_plus_fund,73,0.057879316,0.018894861,0.075377631
coronation_balanced_plus_fund,74,0.057858692,0.019094247,0.075361773
coronation_balanced_plus_fund,75,0.057896604,0.019430472,0.07514236
coronation_balanced_plus_fund,76,0.057879869,0.019537418,0.07494135
coronation_balanced_plus_fund,77,0.057822747,0.019895137,0.074576078
coronation_balanced_plus_fund,78,0.057824509,0.019938038,0.074467398
coronation_balanced_plus_fund,79,0.057833575,0.020128992,0.074235282
coronation_balanced_plus_fund,80,0.057842265,0.020293878,0.07404667
coronation_balanced_plus_fund,81,0.057835861,0.020498097,0.073815061
coronation_balanced_plus_fund,82,0.057875615,0.020630961,0.073660652
coronation_balanced_plus_fund,83,0.057863623,0.020752671,0.073467225
coronation_balanced_plus_fund,84,0.057835026,0.020883322,0.07336471
coronation_balanced_plus_fund,85,0.057828794,0.021055543,0.073204682
coronation_balanced_plus_fund,86,0.05784762,0.021248818,0.073102377
coronation_balanced_plus_fund,87,0.057867589,0.021429781,0.073042916
coronation_balanced_plus_fund,88,0.057838693,0.021586732,0.072880447
coronation_balanced_plus_fund,89,0.057829814,0.021724193,0.07268676
coronation_balanced_plus_fund,90,0.05782907,0.021787456,0.072649256
coronation_balanced_plus_fund,91,0.05780077,0.021980604,0.072517051
coronation_balanced_plus_fund,92,0.057798928,0.022222415,0.072275772
coronation_balanced_plus_fund,93,0.057841512,0.022285335,0.072019625
coronation_balanced_plus_fund,94,0.057779937,0.02236798,0.071860033
coronation_balanced_plus_fund,95,0.057812925,0.022598507,0.071649335
coronation_balanced_plus_fund,96,0.057796205,0.022672265,0.07151051
coronation_balanced_plus_fund,97,0.057791032,0.02277012,0.071433259
coronation_balanced_plus_fund,98,0.057866764,0.022944399,0.071375466
coronation_balanced_plus_fund,99,0.057892275,0.023076691,0.071320178
coronation_balanced_plus_fund,100,0.057883313,0.023131032,0.071129741
coronation_strategic_income_fund,1,0.050805887,-0.066649721,0.17037662
coronation_strategic_income_fund,2,0.050806063,-0.034225182,0.133693111
coronation_strategic_income_fund,3,0.05082056,-0.019312796,0.117877902
coronation_strategic_income_fund,4,0.050699415,-0.01165485,0.108262756
coronation_strategic_income_fund,5,0.050717141,-0.005129885,0.100944593
coronation_strategic_income_fund,6,0.050751302,-0.000876725,0.096467717
coronation_strategic_income_fund,7,0.050736665,0.003082411,0.092033001
coronation_strategic_income_fund,8,0.050795624,0.005667671,0.08920243
coronation_strategic_income_fund,9,0.050723595,0.007973731,0.087172552
coronation_strategic_income_fund,10,0.050702614,0.010079586,0.08487064
coronation_strategic_income_fund,11,0.050702742,0.011963089,0.083389089
coronation_strategic_income_fund,12,0.050665984,0.013463858,0.081763672
coronation_strategic_income_fund,13,0.050686585,0.014890234,0.080612546
coronation_strategic_income_fund,14,0.050699914,0.016154128,0.079197968
coronation_strategic_income_fund,15,0.050611289,0.017146579,0.07820212
coronation_strategic_income_fund,16,0.05059952,0.018412057,0.077437185
coronation_strategic_income_fund,17,0.050578324,0.018758777,0.076358754
coronation_strategic_income_fund,18,0.050568788,0.01963597,0.07530833
coronation_strategic_income_fund,19,0.050629146,0.02026076,0.074696256
coronation_strategic_income_fund,20,0.050635198,0.021281755,0.073902586
coronation_strategic_income_fund,21,0.050671953,0.02195427,0.073327939
coronation_strategic_income_fund,22,0.050652007,0.022588426,0.072880406
coronation_strategic_income_fund,23,0.05064161,0.023340666,0.071877346
coronation_strategic_income_fund,24,0.050618997,0.023598406,0.071533896
coronation_strategic_income_fund,25,0.050646942,0.024301647,0.071265659
coronation_strategic_income_fund,26,0.050595311,0.024546196,0.070540399
coronation_strategic_income_fund,27,0.050610205,0.025077727,0.070278295
coronation_strategic_income_fund,28,0.050628286,0.025412519,0.069968797
coronation_strategic_income_fund,29,0.050667911,0.025777108,0.06966598
coronation_strategic_income_fund,30,0.050632721,0.026093626,0.069196275
coronation_strategic_income_fund,31,0.050666221,0.02643526,0.06885703
coronation_strategic_income_fund,32,0.05068346,0.026534812,0.068651037
coronation_strategic_income_fund,33,0.050676508,0.026890677,0.068290111
coronation_strategic_income_fund,34,0.050689483,0.027125533,0.068115262
coronation_strategic_income_fund,35,0.050713046,0.0273203,0.067633267
coronation_strategic_income_fund,36,0.050742189,0.027657792,0.067367352
coronation_strategic_income_fund,37,0.050743653,0.027870036,0.066876536
coronation_strategic_income_fund,38,0.050760394,0.028072963,0.066547477
coronation_strategic_income_fund,39,0.050785784,0.028590374,0.066231044
coronation_strategic_income_fund,40,0.050802646,0.028752185,0.066044319
coronation_strategic_income_fund,41,0.05079619,0.029041611,0.065930005
coronation_strategic_income_fund,42,0.050795618,0.029103922,0.065696169
coronation_strategic_income_fund,43,0.050810644,0.029439691,0.065441526
coronation_strategic_income_fund,44,0.050821488,0.029512963,0.065227523
coronation_strategic_income_fund,45,0.050815021,0.029779531,0.065011963
coronation_strategic_income_fund,46,0.050841606,0.029870288,0.064871882
coronation_strategic_income_fund,47,0.05083189,0.030076318,0.064758385
coronation_strategic_income_fund,48,0.050843135,0.03016447,0.064703372
coronation_strategic_income_fund,49,0.050821383,0.030347987,0.064301617
coronation_strategic_income_fund,50,0.050843839,0.030287298,0.064319781
coronation_strategic_income_fund,51,0.050828667,0.030462173,0.06416047
coronation_strategic_income_fund,52,0.050832256,0.030772558,0.063863731
coronation_strategic_income_fund,53,0.050823767,0.030976464,0.063797277
coronation_strategic_income_fund,54,0.050820928,0.031010039,0.063682849
coronation_strategic_income_fund,55,0.05081429,0.031235531,0.063433823
coronation_strategic_income_fund,56,0.050796936,0.031498453,0.063424787
coronation_strategic_income_fund,57,0.050803941,0.031625801,0.063160266
coronation_strategic_income_fund,58,0.050812539,0.031782108,0.063121513
coronation_strategic_income_fund,59,0.050786717,0.031816979,0.063016534
coronation_strategic_income_fund,60,0.05078783,0.031950421,0.062676781
coronation_strategic_income_fund,61,0.050784955,0.032129271,0.062537078
coronation_strategic_income_fund,62,0.050798352,0.032290098,0.062401471
coronation_strategic_income_fund,63,0.05079534,0.032287224,0.062412859
coronation_strategic_income_fund,64,0.050804889,0.032345425,0.062298238
coronation_strategic_income_fund,65,0.050801259,0.03239386,0.062108407
coronation_strategic_income_fund,66,0.05080648,0.032533172,0.062043445
coronation_strategic_income_fund,67,0.050795322,0.032709453,0.061943718
coronation_strategic_income_fund,68,0.050774425,0.03284963,0.061750179
coronation_strategic_income_fund,69,0.050774939,0.033020552,0.061673558
coronation_strategic_income_fund,70,0.0507925,0.033049078,0.061564593
coronation_strategic_income_fund,71,0.050806566,0.033303872,0.061500218
coronation_strategic_income_fund,72,0.050802391,0.033339175,0.061411826
coronation_strategic_income_fund,73,0.050791957,0.033355592,0.061343799
coronation_strategic_income_fund,74,0.050787769,0.033437621,0.061242849
coronation_strategic_income_fund,75,0.050770882,0.033532894,0.061071384
coronation_strategic_income_fund,76,0.05077352,0.033679184,0.061043004
coronation_strategic_income_fund,77,0.050785511,0.033773021,0.061001039
coronation_strategic_income_fund,78,0.050784893,0.033765062,0.0609439
coronation_strategic_income_fund,79,0.050774678,0.033822601,0.060791475
coronation_strategic_income_fund,80,0.050777571,0.034026402,0.060710501
coronation_strategic_income_fund,81,0.050786257,0.034019502,0.060640834
coronation_strategic_income_fund,82,0.05079558,0.034071174,0.060464581
coronation_strategic_income_fund,83,0.050793072,0.034239622,0.060414821
coronation_strategic_income_fund,84,0.05079104,0.034209118,0.060368766
coronation_strategic_income_fund,85,0.050775193,0.034369006,0.060258263
coronation_strategic_income_fund,86,0.050783946,0.034482088,0.060206848
coronation_strategic_income_fund,87,0.050798632,0.034636547,0.060312457
coronation_strategic_income_fund,88,0.050811578,0.034745867,0.060215432
coronation_strategic_income_fund,89,0.050816296,0.034847632,0.060117701
coronation_strategic_income_fund,90,0.05081413,0.034919221,0.060029322
coronation_strategic_income_fund,91,0.050813716,0.034968851,0.059946867
coronation_strategic_income_fund,92,0.050809437,0.034990106,0.059839226
coronation_strategic_income_fund,93,0.050797687,0.034978569,0.059744506
coronation_strategic_income_fund,94,0.050799687,0.034992503,0.059697002
coronation_strategic_income_fund,95,0.050802566,0.035011641,0.059620713
coronation_strategic_income_fund,96,0.050807252,0.035088398,0.059571893
coronation_strategic_income_fund,97,0.050807404,0.035134697,0.05948816
coronation_strategic_income_fund,98,0.050810402,0.035127431,0.059388563
coronation_strategic_income_fund,99,0.050833209,0.0352584,0.059406
coronation_strategic_income_fund,100,0.050834451,0.035355307,0.05933974
excelsior_flexible_income,1,0.054306806,-0.041550545,0.151867663
excelsior_flexible_income,2,0.054230559,-0.015016976,0.12186889
excelsior_flexible_income,3,0.054236105,-0.002818653,0.109035559
excelsior_flexible_income,4,0.054103024,0.003339109,0.101098777
excelsior_flexible_income,5,0.054101636,0.008728227,0.095073146
excelsior_flexible_income,6,0.054126624,0.012157288,0.091474349
excelsior_flexible_income,7,0.054120311,0.015425161,0.087871921
excelsior_flexible_income,8,0.054171657,0.017557411,0.085521381
excelsior_flexible_income,9,0.054109917,0.01943872,0.083908595
excelsior_flexible_income,10,0.054078055,0.021148636,0.081985617
excelsior_flexible_income,11,0.054078029,0.022700028,0.080799856
excelsior_flexible_income,12,0.05403877,0.023895337,0.079481872
excelsior_flexible_income,13,0.054065181,0.02508971,0.078584989
excelsior_flexible_income,14,0.054083175,0.026136322,0.077406492
excelsior_flexible_income,15,0.053993759,0.026914228,0.07660039
excelsior_flexible_income,16,0.053983384,0.027949871,0.075959103
excelsior_flexible_income,17,0.053960408,0.028193184,0.075056615
excelsior_flexible_income,18,0.053948545,0.028939692,0.074175629
excelsior_flexible_income,19,0.054001967,0.029403435,0.073708275
excelsior_flexible_income,20,0.054008026,0.030272052,0.073061194
excelsior_flexible_income,21,0.054040869,0.030825668,0.072595233
excelsior_flexible_income,22,0.054024862,0.031342895,0.072252899
excelsior_flexible_income,23,0.05401909,0.031985655,0.071405989
excelsior_flexible_income,24,0.053992225,0.032204352,0.071154525
excelsior_flexible_income,25,0.054017398,0.032790243,0.070947633
excelsior_flexible_income,26,0.053971506,0.032947169,0.070330031
excelsior_flexible_income,27,0.053988246,0.033398374,0.070132392
excelsior_flexible_income,28,0.054002497,0.033666838,0.069895827
excelsior_flexible_income,29,0.054038776,0.033942819,0.069650774
excelsior_flexible_income,30,0.054006237,0.034216158,0.069253494
excelsior_flexible_income,31,0.054034479,0.034498122,0.068967689
excelsior_flexible_income,32,0.054051045,0.03456086,0.068819899
excelsior_flexible_income,33,0.054043937,0.034853484,0.068510765
excelsior_flexible_income,34,0.054054734,0.035028406,0.068399266
excelsior_flexible_income,35,0.054073026,0.035172482,0.067969697
excelsior_flexible_income,36,0.054102226,0.035460316,0.067770885
excelsior_flexible_income,37,0.054102476,0.035643361,0.067358818
excelsior_flexible_income,38,0.054119747,0.035796847,0.067073043
excelsior_flexible_income,39,0.054142379,0.036246104,0.066811758
excelsior_flexible_income,40,0.054157271,0.036364457,0.066646689
excelsior_flexible_income,41,0.054151977,0.03660229,0.066570262
excelsior_flexible_income,42,0.0541503,0.036633618,0.066387356
excelsior_flexible_income,43,0.054165493,0.036913124,0.066186442
excelsior_flexible_income,44,0.054173474,0.036967035,0.066022616
excelsior_flexible_income,45,0.054169621,0.037191739,0.065850384
excelsior_flexible_income,46,0.054196499,0.037273286,0.065736522
excelsior_flexible_income,47,0.054188035,0.037437034,0.065645402
excelsior_flexible_income,48,0.054196399,0.037506666,0.065611633
excelsior_flexible_income,49,0.054181201,0.037662517,0.065267389
excelsior_flexible_income,50,0.054200928,0.037593746,0.065298672
excelsior_flexible_income,51,0.054189931,0.037721714,0.065166674
excelsior_flexible_income,52,0.054192592,0.037999133,0.064919122
excelsior_flexible_income,53,0.054182909,0.038171255,0.064868222
excelsior_flexible_income,54,0.054178861,0.038180574,0.064781147
excelsior_flexible_income,55,0.054175607,0.038376289,0.064572733
excelsior_flexible_income,56,0.054159174,0.038600548,0.064571665
excelsior_flexible_income,57,0.054165621,0.038705816,0.064343428
excelsior_flexible_income,58,0.054174606,0.038831183,0.064317272
excelsior_flexible_income,59,0.054150527,0.038854489,0.064238134
excelsior_flexible_income,60,0.054151832,0.038962176,0.063941364
excelsior_flexible_income,61,0.054148879,0.039111553,0.063832579
excelsior_flexible_income,62,0.054161062,0.039240684,0.063722189
excelsior_flexible_income,63,0.054158638,0.039223823,0.063738012
excelsior_flexible_income,64,0.05416868,0.039262998,0.063654034
excelsior_flexible_income,65,0.054165137,0.039291089,0.063488675
excelsior_flexible_income,66,0.054167109,0.039406868,0.063449145
excelsior_flexible_income,67,0.054157212,0.039563942,0.063362972
excelsior_flexible_income,68,0.054138279,0.039684718,0.063201148
excelsior_flexible_income,69,0.054139413,0.039823719,0.063147457
excelsior_flexible_income,70,0.054153915,0.039843519,0.063058681
excelsior_flexible_income,71,0.054164721,0.040065686,0.063008526
excelsior_flexible_income,72,0.054162797,0.040080988,0.062933287
excelsior_flexible_income,73,0.054151999,0.040094335,0.062874882
excelsior_flexible_income,74,0.054148072,0.040149526,0.062784532
excelsior_flexible_income,75,0.054130319,0.040219876,0.062641314
excelsior_flexible_income,76,0.054134105,0.040354959,0.062621456
excelsior_flexible_income,77,0.054144476,0.040422739,0.062596635
excelsior_flexible_income,78,0.054145367,0.040414581,0.062547389
excelsior_flexible_income,79,0.054137485,0.040468842,0.062411051
excelsior_flexible_income,80,0.054139394,0.040639585,0.06234911
excelsior_flexible_income,81,0.05414844,0.040619345,0.062296782
excelsior_flexible_income,82,0.054154999,0.040650293,0.062148713
excelsior_flexible_income,83,0.054151609,0.040796032,0.06211638
excelsior_flexible_income,84,0.054147764,0.040764861,0.062072687
excelsior_flexible_income,85,0.054133812,0.040914896,0.061973972
excelsior_flexible_income,86,0.054142194,0.040996012,0.061925396
excelsior_flexible_income,87,0.054155572,0.041137401,0.062033789
excelsior_flexible_income,88,0.054166679,0.041232812,0.061953251
excelsior_flexible_income,89,0.054171912,0.041319407,0.061871348
excelsior_flexible_income,90,0.054172205,0.041379446,0.061803768
excelsior_flexible_income,91,0.054172563,0.04141861,0.061721255
excelsior_flexible_income,92,0.054169302,0.041425868,0.061634061
excelsior_flexible_income,93,0.054158672,0.041414329,0.06156499
excelsior_flexible_income,94,0.054161514,0.041420607,0.06152214
excelsior_flexible_income,95,0.054164719,0.041432581,0.061458797
excelsior_flexible_income,96,0.054168941,0.041502909,0.061422846
excelsior_flexible_income,97,0.054168443,0.041537258,0.061351908
excelsior_flexible_income,98,0.054171603,0.041524269,0.061276856
excelsior_flexible_income,99,0.054192529,0.041636798,0.061296891
excelsior_flexible_income,100,0.054190895,0.041716324,0.061244473
liberty_balanced_equity_tracker,1,0.073378959,-0.148415893,0.294965407
liberty_balanced_equity_tracker,2,0.073032798,-0.088744337,0.226716173
liberty_balanced_equity_tracker,3,0.072943995,-0.061534266,0.195339266
liberty_balanced_equity_tracker,4,0.072354249,-0.04532049,0.176432559
liberty_balanced_equity_tracker,5,0.0721961,-0.033628905,0.164542634
liberty_balanced_equity_tracker,6,0.072175374,-0.025414398,0.155431422
liberty_balanced_equity_tracker,7,0.072138756,-0.01869623,0.148910245
liberty_balanced_equity_tracker,8,0.072295561,-0.012778302,0.142877572
liberty_balanced_equity_tracker,9,0.072456065,-0.008995908,0.138658378
liberty_balanced_equity_tracker,10,0.072547087,-0.004807598,0.134949236
liberty_balanced_equity_tracker,11,0.072621455,-0.001595261,0.131405778
liberty_balanced_equity_tracker,12,0.07266416,0.001019602,0.128554503
liberty_balanced_equity_tracker,13,0.072688481,0.003207575,0.126165147
liberty_balanced_equity_tracker,14,0.07274952,0.005316406,0.124077298
liberty_balanced_equity_tracker,15,0.072740984,0.007320113,0.121860073
liberty_balanced_equity_tracker,16,0.072760636,0.008902815,0.12021365
liberty_balanced_equity_tracker,17,0.072572473,0.010092848,0.118321237
liberty_balanced_equity_tracker,18,0.07254948,0.012059441,0.11678934
liberty_balanced_equity_tracker,19,0.072566731,0.013602744,0.114703514
liberty_balanced_equity_tracker,20,0.072548453,0.01485825,0.113392829
liberty_balanced_equity_tracker,21,0.072520413,0.016372815,0.112607414
liberty_balanced_equity_tracker,22,0.072515484,0.017129633,0.111145515
liberty_balanced_equity_tracker,23,0.072491136,0.018011601,0.109931073
liberty_balanced_equity_tracker,24,0.072489931,0.018598832,0.108872385
liberty_balanced_equity_tracker,25,0.072552562,0.019841259,0.107973073
liberty_balanced_equity_tracker,26,0.072500469,0.020130292,0.107098668
liberty_balanced_equity_tracker,27,0.072535156,0.02115005,0.10644507
liberty_balanced_equity_tracker,28,0.072563471,0.021884121,0.105454926
liberty_balanced_equity_tracker,29,0.072563506,0.022619728,0.1050162
liberty_balanced_equity_tracker,30,0.072618159,0.023327398,0.104390127
liberty_balanced_equity_tracker,31,0.072543225,0.024125891,0.103267297
liberty_balanced_equity_tracker,32,0.072517575,0.024566251,0.102661664
liberty_balanced_equity_tracker,33,0.072517327,0.025135951,0.101862498
liberty_balanced_equity_tracker,34,0.072511427,0.025647298,0.101467867
liberty_balanced_equity_tracker,35,0.072494636,0.026148549,0.100818548
liberty_balanced_equity_tracker,36,0.072565783,0.026771799,0.100359019
liberty_balanced_equity_tracker,37,0.072547245,0.027216164,0.099468584
liberty_balanced_equity_tracker,38,0.072532014,0.027655745,0.099108616
liberty_balanced_equity_tracker,39,0.072543053,0.02804654,0.098419506
liberty_balanced_equity_tracker,40,0.072552043,0.028394225,0.098121645
liberty_balanced_equity_tracker,41,0.072572523,0.028998498,0.09775478
liberty_balanced_equity_tracker,42,0.072598103,0.029346548,0.097545217
liberty_balanced_equity_tracker,43,0.072632029,0.029832305,0.097228231
liberty_balanced_equity_tracker,44,0.072595612,0.030239717,0.097101295
liberty_balanced_equity_tracker,45,0.072569489,0.030487836,0.09662441
liberty_balanced_equity_tracker,46,0.072555703,0.030760897,0.096100724
liberty_balanced_equity_tracker,47,0.072564461,0.031124207,0.095755224
liberty_balanced_equity_tracker,48,0.072573049,0.031464957,0.095607461
liberty_balanced_equity_tracker,49,0.072597235,0.031502706,0.09523872
liberty_balanced_equity_tracker,50,0.07262289,0.031943795,0.095034235
liberty_balanced_equity_tracker,51,0.072633522,0.032254779,0.094732598
liberty_balanced_equity_tracker,52,0.07264276,0.032705555,0.094410902
liberty_balanced_equity_tracker,53,0.072678061,0.032826197,0.094079126
liberty_balanced_equity_tracker,54,0.072627652,0.033124406,0.093818159
liberty_balanced_equity_tracker,55,0.07264475,0.033328075,0.093610545
liberty_balanced_equity_tracker,56,0.072659743,0.033622679,0.093453163
liberty_balanced_equity_tracker,57,0.072670826,0.033761563,0.093231257
liberty_balanced_equity_tracker,58,0.072659265,0.033939451,0.092860947
liberty_balanced_equity_tracker,59,0.072633565,0.034345736,0.092444475
liberty_balanced_equity_tracker,60,0.072664062,0.034500184,0.092164745
liberty_balanced_equity_tracker,61,0.072708731,0.034786511,0.092158606
liberty_balanced_equity_tracker,62,0.072696324,0.035016109,0.091821609
liberty_balanced_equity_tracker,63,0.072702932,0.035232345,0.091494865
liberty_balanced_equity_tracker,64,0.072700692,0.035248363,0.091245397
liberty_balanced_equity_tracker,65,0.072711415,0.035473337,0.091264377
liberty_balanced_equity_tracker,66,0.072724659,0.03565642,0.090971332
liberty_balanced_equity_tracker,67,0.072744566,0.035875502,0.09061383
liberty_balanced_equity_tracker,68,0.072748651,0.036161592,0.090558769
liberty_balanced_equity_tracker,69,0.07274146,0.036362077,0.090345785
liberty_balanced_equity_tracker,70,0.072740167,0.036478634,0.090208877
liberty_balanced_equity_tracker,71,0.072782743,0.036729478,0.089938206
liberty_balanced_equity_tracker,72,0.072835586,0.036940912,0.089824535
liberty_balanced_equity_tracker,73,0.072798931,0.037097727,0.089646358
liberty_balanced_equity_tracker,74,0.072770943,0.037280557,0.089448068
liberty_balanced_equity_tracker,75,0.072775494,0.037543643,0.089203426
liberty_balanced_equity_tracker,76,0.072740219,0.037788763,0.088995966
liberty_balanced_equity_tracker,77,0.072689818,0.037984402,0.088764605
liberty_balanced_equity_tracker,78,0.072653646,0.03814997,0.088538783
liberty_balanced_equity_tracker,79,0.072641958,0.038175959,0.088413145
liberty_balanced_equity_tracker,80,0.072633478,0.038301278,0.088402496
liberty_balanced_equity_tracker,81,0.072641079,0.038428118,0.088115919
liberty_balanced_equity_tracker,82,0.072699546,0.038688804,0.088096819
liberty_balanced_equity_tracker,83,0.072704579,0.038675082,0.087959025
liberty_balanced_equity_tracker,84,0.072707064,0.03880697,0.087880785
liberty_balanced_equity_tracker,85,0.07269198,0.039004735,0.087691761
liberty_balanced_equity_tracker,86,0.07271496,0.039097043,0.08757794
liberty_balanced_equity_tracker,87,0.072735931,0.039379431,0.087610141
liberty_balanced_equity_tracker,88,0.072751672,0.039519719,0.087445292
liberty_balanced_equity_tracker,89,0.072755709,0.039661709,0.087200792
liberty_balanced_equity_tracker,90,0.072790244,0.039737783,0.087201193
liberty_balanced_equity_tracker,91,0.072811966,0.039920794,0.087091971
liberty_balanced_equity_tracker,92,0.072801666,0.040018106,0.086851571
liberty_balanced_equity_tracker,93,0.072808078,0.040132693,0.086664042
liberty_balanced_equity_tracker,94,0.072780021,0.040253323,0.086557141
liberty_balanced_equity_tracker,95,0.072782319,0.040472857,0.08631111
liberty_balanced_equity_tracker,96,0.072791275,0.040526163,0.08620234
liberty_balanced_equity_tracker,97,0.072794641,0.04058709,0.086019755
liberty_balanced_equity_tracker,98,0.072819481,0.040763078,0.086005773
liberty_balanced_equity_tracker,99,0.072824332,0.040963528,0.08586076
liberty_balanced_equity_tracker,100,0.072822504,0.040992613,0.085778166
liberty_balanced_equity_tracker_c,1,0.073378959,-0.148415893,0.294965407
liberty_balanced_equity_tracker_c,2,0.073032798,-0.088744337,0.226716173
liberty_balanced_equity_tracker_c,3,0.072943995,-0.061534266,0.195339266
liberty_balanced_equity_tracker_c,4,0.072354249,-0.04532049,0.176432559
liberty_balanced_equity_tracker_c,5,0.0721961,-0.033628905,0.164542634
liberty_balanced_equity_tracker_c,6,0.072175374,-0.025414398,0.155431422
liberty_balanced_equity_tracker_c,7,0.072138756,-0.01869623,0.148910245
liberty_balanced_equity_tracker_c,8,0.072295561,-0.012778302,0.142877572
liberty_balanced_equity_tracker_c,9,0.072456065,-0.008995908,0.138658378
liberty_balanced_equity_tracker_c,10,0.072547087,-0.004807598,0.134949236
liberty_balanced_equity_tracker_c,11,0.072621455,-0.001595261,0.131405778
liberty_balanced_equity_tracker_c,12,0.07266416,0.001019602,0.128554503
liberty_balanced_equity_tracker_c,13,0.072688481,0.003207575,0.126165147
liberty_balanced_equity_tracker_c,14,0.07274952,0.005316406,0.124077298
liberty_balanced_equity_tracker_c,15,0.072740984,0.007320113,0.121860073
liberty_balanced_equity_tracker_c,16,0.072760636,0.008902815,0.12021365
liberty_balanced_equity_tracker_c,17,0.072572473,0.010092848,0.118321237
liberty_balanced_equity_tracker_c,18,0.07254948,0.012059441,0.11678934
liberty_balanced_equity_tracker_c,19,0.072566731,0.013602744,0.114703514
liberty_balanced_equity_tracker_c,20,0.072548453,0.01485825,0.113392829
liberty_balanced_equity_tracker_c,21,0.072520413,0.016372815,0.112607414
liberty_balanced_equity_tracker_c,22,0.072515484,0.017129633,0.111145515
liberty_balanced_equity_tracker_c,23,0.072491136,0.018011601,0.109931073
liberty_balanced_equity_tracker_c,24,0.072489931,0.018598832,0.108872385
liberty_balanced_equity_tracker_c,25,0.072552562,0.019841259,0.107973073
liberty_balanced_equity_tracker_c,26,0.072500469,0.020130292,0.107098668
liberty_balanced_equity_tracker_c,27,0.072535156,0.02115005,0.10644507
liberty_balanced_equity_tracker_c,28,0.072563471,0.021884121,0.105454926
liberty_balanced_equity_tracker_c,29,0.072563506,0.022619728,0.1050162
liberty_balanced_equity_tracker_c,30,0.072618159,0.023327398,0.104390127
liberty_balanced_equity_tracker_c,31,0.072543225,0.024125891,0.103267297
liberty_balanced_equity_tracker_c,32,0.072517575,0.024566251,0.102661664
liberty_balanced_equity_tracker_c,33,0.072517327,0.025135951,0.101862498
liberty_balanced_equity_tracker_c,34,0.072511427,0.025647298,0.101467867
liberty_balanced_equity_tracker_c,35,0.072494636,0.026148549,0.100818548
liberty_balanced_equity_tracker_c,36,0.072565783,0.026771799,0.100359019
liberty_balanced_equity_tracker_c,37,0.072547245,0.027216164,0.099468584
liberty_balanced_equity_tracker_c,38,0.072532014,0.027655745,0.099108616
liberty_balanced_equity_tracker_c,39,0.072543053,0.02804654,0.098419506
liberty_balanced_equity_tracker_c,40,0.072552043,0.028394225,0.098121645
liberty_balanced_equity_tracker_c,41,0.072572523,0.028998498,0.09775478
liberty_balanced_equity_tracker_c,42,0.072598103,0.029346548,0.097545217
liberty_balanced_equity_tracker_c,43,0.072632029,0.029832305,0.097228231
liberty_balanced_equity_tracker_c,44,0.072595612,0.030239717,0.097101295
liberty_balanced_equity_tracker_c,45,0.072569489,0.030487836,0.09662441
liberty_balanced_equity_tracker_c,46,0.072555703,0.030760897,0.096100724
liberty_balanced_equity_tracker_c,47,0.072564461,0.031124207,0.095755224
liberty_balanced_equity_tracker_c,48,0.072573049,0.031464957,0.095607461
liberty_balanced_equity_tracker_c,49,0.072597235,0.031502706,0.09523872
liberty_balanced_equity_tracker_c,50,0.07262289,0.031943795,0.095034235
liberty_balanced_equity_tracker_c,51,0.072633522,0.032254779,0.094732598
liberty_balanced_equity_tracker_c,52,0.07264276,0.032705555,0.094410902
liberty_balanced_equity_tracker_c,53,0.072678061,0.032826197,0.094079126
liberty_balanced_equity_tracker_c,54,0.072627652,0.033124406,0.093818159
liberty_balanced_equity_tracker_c,55,0.07264475,0.033328075,0.093610545
liberty_balanced_equity_tracker_c,56,0.072659743,0.033622679,0.093453163
liberty_balanced_equity_tracker_c,57,0.072670826,0.033761563,0.093231257
liberty_balanced_equity_tracker_c,58,0.072659265,0.033939451,0.092860947
liberty_balanced_equity_tracker_c,59,0.072633565,0.034345736,0.092444475
liberty_balanced_equity_tracker_c,60,0.072664062,0.034500184,0.092164745
liberty_balanced_equity_tracker_c,61,0.072708731,0.034786511,0.092158606
liberty_balanced_equity_tracker_c,62,0.072696324,0.035016109,0.091821609
liberty_balanced_equity_tracker_c,63,0.072702932,0.035232345,0.091494865
liberty_balanced_equity_tracker_c,64,0.072700692,0.035248363,0.091245397
liberty_balanced_equity_tracker_c,65,0.072711415,0.035473337,0.091264377
liberty_balanced_equity_tracker_c,66,0.072724659,0.03565642,0.090971332
liberty_balanced_equity_tracker_c,67,0.072744566,0.035875502,0.09061383
liberty_balanced_equity_tracker_c,68,0.072748651,0.036161592,0.090558769
liberty_balanced_equity_tracker_c,69,0.07274146,0.036362077,0.090345785
liberty_balanced_equity_tracker_c,70,0.072740167,0.036478634,0.090208877
liberty_balanced_equity_tracker_c,71,0.072782743,0.036729478,0.089938206
liberty_balanced_equity_tracker_c,72,0.072835586,0.036940912,0.089824535
liberty_balanced_equity_tracker_c,73,0.072798931,0.037097727,0.089646358
liberty_balanced_equity_tracker_c,74,0.072770943,0.037280557,0.089448068
liberty_balanced_equity_tracker_c,75,0.072775494,0.037543643,0.089203426
liberty_balanced_equity_tracker_c,76,0.072740219,0.037788763,0.088995966
liberty_balanced_equity_tracker_c,77,0.072689818,0.037984402,0.088764605
liberty_balanced_equity_tracker_c,78,0.072653646,0.03814997,0.088538783
liberty_balanced_equity_tracker_c,79,0.072641958,0.038175959,0.088413145
liberty_balanced_equity_tracker_c,80,0.072633478,0.038301278,0.088402496
liberty_balanced_equity_tracker_c,81,0.072641079,0.038428118,0.088115919
liberty_balanced_equity_tracker_c,82,0.072699546,0.038688804,0.088096819
liberty_balanced_equity_tracker_c,83,0.072704579,0.038675082,0.087959025
liberty_balanced_equity_tracker_c,84,0.072707064,0.03880697,0.087880785
liberty_balanced_equity_tracker_c,85,0.07269198,0.039004735,0.087691761
liberty_balanced_equity_tracker_c,86,0.07271496,0.039097043,0.08757794
liberty_balanced_equity_tracker_c,87,0.072735931,0.039379431,0.087610141
liberty_balanced_equity_tracker_c,88,0.072751672,0.039519719,0.087445292
liberty_balanced_equity_tracker_c,89,0.072755709,0.039661709,0.087200792
liberty_balanced_equity_tracker_c,90,0.072790244,0.039737783,0.087201193
liberty_balanced_equity_tracker_c,91,0.072811966,0.039920794,0.087091971
liberty_balanced_equity_tracker_c,92,0.072801666,0.040018106,0.086851571
liberty_balanced_equity_tracker_c,93,0.072808078,0.040132693,0.086664042
liberty_balanced_equity_tracker_c,94,0.072780021,0.040253323,0.086557141
liberty_balanced_equity_tracker_c,95,0.072782319,0.040472857,0.08631111
liberty_balanced_equity_tracker_c,96,0.072791275,0.040526163,0.08620234
liberty_balanced_equity_tracker_c,97,0.072794641,0.04058709,0.086019755
liberty_balanced_equity_tracker_c,98,0.072819481,0.040763078,0.086005773
liberty_balanced_equity_tracker_c,99,0.072824332,0.040963528,0.08586076
liberty_balanced_equity_tracker_c,100,0.072822504,0.040992613,0.085778166
liberty_capped_tracker,1,0.066812601,-0.194799678,0.327799467
liberty_capped_tracker,2,0.064765037,-0.128925426,0.247652409
liberty_capped_tracker,3,0.06446576,-0.096349229,0.209183706
liberty_capped_tracker,4,0.063475277,-0.077259838,0.186069735
liberty_capped_tracker,5,0.063570796,-0.062206794,0.172190894
liberty_capped_tracker,6,0.063859384,-0.053314074,0.162053677
liberty_capped_tracker,7,0.06369741,-0.044548868,0.154972024
liberty_capped_tracker,8,0.064141462,-0.037544262,0.148031017
liberty_capped_tracker,9,0.064340549,-0.034485455,0.142803677
liberty_capped_tracker,10,0.064588719,-0.029185862,0.139110765
liberty_capped_tracker,11,0.064620569,-0.025912405,0.134164578
liberty_capped_tracker,12,0.064674388,-0.022477215,0.130530049
liberty_capped_tracker,13,0.064699806,-0.020328531,0.127805273
liberty_capped_tracker,14,0.064653672,-0.017693222,0.125170329
liberty_capped_tracker,15,0.064823689,-0.014886504,0.122523233
liberty_capped_tracker,16,0.064817304,-0.013314125,0.120908144
liberty_capped_tracker,17,0.064454655,-0.01119977,0.118820277
liberty_capped_tracker,18,0.064523775,-0.008802112,0.117050181
liberty_capped_tracker,19,0.064503409,-0.006819276,0.114043476
liberty_capped_tracker,20,0.064503581,-0.005342138,0.112178837
liberty_capped_tracker,21,0.06437482,-0.003097506,0.11140788
liberty_capped_tracker,22,0.064264617,-0.002691956,0.109348188
liberty_capped_tracker,23,0.064223237,-0.00169061,0.108389712
liberty_capped_tracker,24,0.064189447,-0.001016925,0.106359444
liberty_capped_tracker,25,0.064285593,0.000159022,0.105157509
liberty_capped_tracker,26,0.064233651,0.000330528,0.10404605
liberty_capped_tracker,27,0.064283962,0.00152144,0.103437257
liberty_capped_tracker,28,0.064374053,0.002630383,0.102606608
liberty_capped_tracker,29,0.064328808,0.003624153,0.102490492
liberty_capped_tracker,30,0.064404918,0.004310775,0.101412663
liberty_capped_tracker,31,0.064227685,0.005354453,0.099870747
liberty_capped_tracker,32,0.064183226,0.005747746,0.099298691
liberty_capped_tracker,33,0.064179642,0.006352866,0.098129559
liberty_capped_tracker,34,0.064164969,0.00695334,0.097322732
liberty_capped_tracker,35,0.064100893,0.007418928,0.096887549
liberty_capped_tracker,36,0.064180772,0.00811642,0.096125924
liberty_capped_tracker,37,0.064104094,0.00877696,0.094748131
liberty_capped_tracker,38,0.064109736,0.009149556,0.094525235
liberty_capped_tracker,39,0.06417844,0.009464786,0.093606212
liberty_capped_tracker,40,0.064199834,0.010224906,0.093384665
liberty_capped_tracker,41,0.064240796,0.010775271,0.0928549
liberty_capped_tracker,42,0.064350047,0.011319582,0.092838221
liberty_capped_tracker,43,0.064358374,0.012114903,0.092693961
liberty_capped_tracker,44,0.064292878,0.012516806,0.092516085
liberty_capped_tracker,45,0.064267373,0.012850606,0.091641764
liberty_capped_tracker,46,0.064210189,0.012989599,0.090590033
liberty_capped_tracker,47,0.064242181,0.01350843,0.090058605
liberty_capped_tracker,48,0.06429111,0.013917662,0.090271951
liberty_capped_tracker,49,0.064344303,0.013818133,0.089697634
liberty_capped_tracker,50,0.064360823,0.014509993,0.089552676
liberty_capped_tracker,51,0.064392723,0.014957879,0.089131098
liberty_capped_tracker,52,0.064399901,0.015395698,0.088911003
liberty_capped_tracker,53,0.064442767,0.015473878,0.088426287
liberty_capped_tracker,54,0.064377684,0.015879356,0.088358906
liberty_capped_tracker,55,0.064416068,0.015882608,0.088091603
liberty_capped_tracker,56,0.064451436,0.01633805,0.08827392
liberty_capped_tracker,57,0.064452913,0.016465895,0.087934182
liberty_capped_tracker,58,0.064420664,0.016685341,0.087366083
liberty_capped_tracker,59,0.06437866,0.017144108,0.087035678
liberty_capped_tracker,60,0.064409509,0.017373782,0.086582243
liberty_capped_tracker,61,0.064521714,0.017887794,0.086635365
liberty_capped_tracker,62,0.064467578,0.017970995,0.086278085
liberty_capped_tracker,63,0.064501961,0.018373834,0.085979739
liberty_capped_tracker,64,0.064510698,0.018152241,0.085702329
liberty_capped_tracker,65,0.064535793,0.018685828,0.08589825
liberty_capped_tracker,66,0.06457005,0.0190899,0.085598612
liberty_capped_tracker,67,0.064599935,0.019069868,0.085105265
liberty_capped_tracker,68,0.064640752,0.019645001,0.085056877
liberty_capped_tracker,69,0.064638911,0.019881713,0.084747211
liberty_capped_tracker,70,0.064622662,0.019874655,0.084433977
liberty_capped_tracker,71,0.064708986,0.020131092,0.084198417
liberty_capped_tracker,72,0.064787399,0.020293127,0.083967209
liberty_capped_tracker,73,0.064768288,0.020347296,0.083644465
liberty_capped_tracker,74,0.064724289,0.020621099,0.083518751
liberty_capped_tracker,75,0.064794825,0.021141473,0.083297441
liberty_capped_tracker,76,0.064697395,0.021283351,0.083053339
liberty_capped_tracker,77,0.064579236,0.02172795,0.082698043
liberty_capped_tracker,78,0.064570794,0.021878928,0.082472151
liberty_capped_tracker,79,0.064595999,0.022107873,0.082304375
liberty_capped_tracker,80,0.06458264,0.022351203,0.082235458
liberty_capped_tracker,81,0.064590188,0.022476646,0.081845578
liberty_capped_tracker,82,0.064677849,0.022663418,0.081768121
liberty_capped_tracker,83,0.064720059,0.022569075,0.081695326
liberty_capped_tracker,84,0.064699268,0.022799596,0.081627489
liberty_capped_tracker,85,0.064677002,0.022965174,0.081433903
liberty_capped_tracker,86,0.064725208,0.023083695,0.081362866
liberty_capped_tracker,87,0.064749183,0.023183471,0.081320056
liberty_capped_tracker,88,0.06468331,0.023518896,0.081025332
liberty_capped_tracker,89,0.064693718,0.023628726,0.080839274
liberty_capped_tracker,90,0.064728381,0.023636021,0.080966593
liberty_capped_tracker,91,0.064727961,0.023901632,0.080767537
liberty_capped_tracker,92,0.064708962,0.02418417,0.080444329
liberty_capped_tracker,93,0.064763838,0.024300655,0.080114882
liberty_capped_tracker,94,0.064708933,0.024454937,0.080101808
liberty_capped_tracker,95,0.064717255,0.024904787,0.0797237
liberty_capped_tracker,96,0.06471043,0.025044594,0.07947706
liberty_capped_tracker,97,0.064681534,0.025076212,0.079342512
liberty_capped_tracker,98,0.064735687,0.025251686,0.079384152
liberty_capped_tracker,99,0.06474495,0.025374347,0.079205391
liberty_capped_tracker,100,0.064743358,0.02530628,0.079023479
liberty_capped_tracker_c,1,0.066812601,-0.194799678,0.327799467
liberty_capped_tracker_c,2,0.064765037,-0.128925426,0.247652409
liberty_capped_tracker_c,3,0.06446576,-0.096349229,0.209183706
liberty_capped_tracker_c,4,0.063475277,-0.077259838,0.186069735
liberty_capped_tracker_c,5,0.063570796,-0.062206794,0.172190894
liberty_capped_tracker_c,6,0.063859384,-0.053314074,0.162053677
liberty_capped_tracker_c,7,0.06369741,-0.044548868,0.154972024
liberty_capped_tracker_c,8,0.064141462,-0.037544262,0.148031017
liberty_capped_tracker_c,9,0.064340549,-0.034485455,0.142803677
liberty_capped_tracker_c,10,0.064588719,-0.029185862,0.139110765
liberty_capped_tracker_c,11,0.064620569,-0.025912405,0.134164578
liberty_capped_tracker_c,12,0.064674388,-0.022477215,0.130530049
liberty_capped_tracker_c,13,0.064699806,-0.020328531,0.127805273
liberty_capped_tracker_c,14,0.064653672,-0.017693222,0.125170329
liberty_capped_tracker_c,15,0.064823689,-0.014886504,0.122523233
liberty_capped_tracker_c,16,0.064817304,-0.013314125,0.120908144
liberty_capped_tracker_c,17,0.064454655,-0.01119977,0.118820277
liberty_capped_tracker_c,18,0.064523775,-0.008802112,0.117050181
liberty_capped_tracker_c,19,0.064503409,-0.006819276,0.114043476
liberty_capped_tracker_c,20,0.064503581,-0.005342138,0.112178837
liberty_capped_tracker_c,21,0.06437482,-0.003097506,0.11140788
liberty_capped_tracker_c,22,0.064264617,-0.002691956,0.109348188
liberty_capped_tracker_c,23,0.064223237,-0.00169061,0.108389712
liberty_capped_tracker_c,24,0.064189447,-0.001016925,0.106359444
liberty_capped_tracker_c,25,0.064285593,0.000159022,0.105157509
liberty_capped_tracker_c,26,0.064233651,0.000330528,0.10404605
liberty_capped_tracker_c,27,0.064283962,0.00152144,0.103437257
liberty_capped_tracker_c,28,0.064374053,0.002630383,0.102606608
liberty_capped_tracker_c,29,0.064328808,0.003624153,0.102490492
liberty_capped_tracker_c,30,0.064404918,0.004310775,0.101412663
liberty_capped_tracker_c,31,0.064227685,0.005354453,0.099870747
liberty_capped_tracker_c,32,0.064183226,0.005747746,0.099298691
liberty_capped_tracker_c,33,0.064179642,0.006352866,0.098129559
liberty_capped_tracker_c,34,0.064164969,0.00695334,0.097322732
liberty_capped_tracker_c,35,0.064100893,0.007418928,0.096887549
liberty_capped_tracker_c,36,0.064180772,0.00811642,0.096125924
liberty_capped_tracker_c,37,0.064104094,0.00877696,0.094748131
liberty_capped_tracker_c,38,0.064109736,0.009149556,0.094525235
liberty_capped_tracker_c,39,0.06417844,0.009464786,0.093606212
liberty_capped_tracker_c,40,0.064199834,0.010224906,0.093384665
liberty_capped_tracker_c,41,0.064240796,0.010775271,0.0928549
liberty_capped_tracker_c,42,0.064350047,0.011319582,0.092838221
liberty_capped_tracker_c,43,0.064358374,0.012114903,0.092693961
liberty_capped_tracker_c,44,0.064292878,0.012516806,0.092516085
liberty_capped_tracker_c,45,0.064267373,0.012850606,0.091641764
liberty_capped_tracker_c,46,0.064210189,0.012989599,0.090590033
liberty_capped_tracker_c,47,0.064242181,0.01350843,0.090058605
liberty_capped_tracker_c,48,0.06429111,0.013917662,0.090271951
liberty_capped_tracker_c,49,0.064344303,0.013818133,0.089697634
liberty_capped_tracker_c,50,0.064360823,0.014509993,0.089552676
liberty_capped_tracker_c,51,0.064392723,0.014957879,0.089131098
liberty_capped_tracker_c,52,0.064399901,0.015395698,0.088911003
liberty_capped_tracker_c,53,0.064442767,0.015473878,0.088426287
liberty_capped_tracker_c,54,0.064377684,0.015879356,0.088358906
liberty_capped_tracker_c,55,0.064416068,0.015882608,0.088091603
liberty_capped_tracker_c,56,0.064451436,0.01633805,0.08827392
liberty_capped_tracker_c,57,0.064452913,0.016465895,0.087934182
liberty_capped_tracker_c,58,0.064420664,0.016685341,0.087366083
liberty_capped_tracker_c,59,0.06437866,0.017144108,0.087035678
liberty_capped_tracker_c,60,0.064409509,0.017373782,0.086582243
liberty_capped_tracker_c,61,0.064521714,0.017887794,0.086635365
liberty_capped_tracker_c,62,0.064467578,0.017970995,0.086278085
liberty_capped_tracker_c,63,0.064501961,0.018373834,0.085979739
liberty_capped_tracker_c,64,0.064510698,0.018152241,0.085702329
liberty_capped_tracker_c,65,0.064535793,0.018685828,0.08589825
liberty_capped_tracker_c,66,0.06457005,0.0190899,0.085598612
liberty_capped_tracker_c,67,0.064599935,0.019069868,0.085105265
liberty_capped_tracker_c,68,0.064640752,0.019645001,0.085056877
liberty_capped_tracker_c,69,0.064638911,0.019881713,0.084747211
liberty_capped_tracker_c,70,0.064622662,0.019874655,0.084433977
liberty_capped_tracker_c,71,0.064708986,0.020131092,0.084198417
liberty_capped_tracker_c,72,0.064787399,0.020293127,0.083967209
liberty_capped_tracker_c,73,0.064768288,0.020347296,0.083644465
liberty_capped_tracker_c,74,0.064724289,0.020621099,0.083518751
liberty_capped_tracker_c,75,0.064794825,0.021141473,0.083297441
liberty_capped_tracker_c,76,0.064697395,0.021283351,0.083053339
liberty_capped_tracker_c,77,0.064579236,0.02172795,0.082698043
liberty_capped_tracker_c,78,0.064570794,0.021878928,0.082472151
liberty_capped_tracker_c,79,0.064595999,0.022107873,0.082304375
liberty_capped_tracker_c,80,0.06458264,0.022351203,0.082235458
liberty_capped_tracker_c,81,0.064590188,0.022476646,0.081845578
liberty_capped_tracker_c,82,0.064677849,0.022663418,0.081768121
liberty_capped_tracker_c,83,0.064720059,0.022569075,0.081695326
liberty_capped_tracker_c,84,0.064699268,0.022799596,0.081627489
liberty_capped_tracker_c,85,0.064677002,0.022965174,0.081433903
liberty_capped_tracker_c,86,0.064725208,0.023083695,0.081362866
liberty_capped_tracker_c,87,0.064749183,0.023183471,0.081320056
liberty_capped_tracker_c,88,0.06468331,0.023518896,0.081025332
liberty_capped_tracker_c,89,0.064693718,0.023628726,0.080839274
liberty_capped_tracker_c,90,0.064728381,0.023636021,0.080966593
liberty_capped_tracker_c,91,0.064727961,0.023901632,0.080767537
liberty_capped_tracker_c,92,0.064708962,0.02418417,0.080444329
liberty_capped_tracker_c,93,0.064763838,0.024300655,0.080114882
liberty_capped_tracker_c,94,0.064708933,0.024454937,0.080101808
liberty_capped_tracker_c,95,0.064717255,0.024904787,0.0797237
liberty_capped_tracker_c,96,0.06471043,0.025044594,0.07947706
liberty_capped_tracker_c,97,0.064681534,0.025076212,0.079342512
liberty_capped_tracker_c,98,0.064735687,0.025251686,0.079384152
liberty_capped_tracker_c,99,0.06474495,0.025374347,0.079205391
liberty_capped_tracker_c,100,0.064743358,0.02530628,0.079023479
liberty_cash_tracker,1,0.050073455,0.041898799,0.058204513
liberty_cash_tracker,2,0.050001284,0.044177906,0.055851825
liberty_cash_tracker,3,0.04997983,0.045343618,0.054685023
liberty_cash_tracker,4,0.049975461,0.045914914,0.054065814
liberty_cash_tracker,5,0.049977324,0.046329704,0.053698004
liberty_cash_tracker,6,0.04998987,0.046624686,0.053398508
liberty_cash_tracker,7,0.049989826,0.046860135,0.053127291
liberty_cash_tracker,8,0.049994779,0.047049228,0.052954224
liberty_cash_tracker,9,0.049997655,0.047206139,0.052769237
liberty_cash_tracker,10,0.049998389,0.047394905,0.052599597
liberty_cash_tracker,11,0.049995612,0.047500605,0.052482978
liberty_cash_tracker,12,0.049994034,0.047585592,0.052357063
liberty_cash_tracker,13,0.049999567,0.047741547,0.052263642
liberty_cash_tracker,14,0.050001779,0.047795864,0.05216511
liberty_cash_tracker,15,0.050005617,0.047879942,0.052113557
liberty_cash_tracker,16,0.05000563,0.047948009,0.052018666
liberty_cash_tracker,17,0.050005627,0.048003309,0.051961766
liberty_cash_tracker,18,0.050007046,0.048060415,0.051896387
liberty_cash_tracker,19,0.050009268,0.048101588,0.051855598
liberty_cash_tracker,20,0.050006008,0.048144414,0.051820896
liberty_cash_tracker,21,0.050002415,0.048183906,0.051769052
liberty_cash_tracker,22,0.049995038,0.048238046,0.051724409
liberty_cash_tracker,23,0.049993001,0.048265562,0.05166803
liberty_cash_tracker,24,0.04999294,0.048315838,0.051658979
liberty_cash_tracker,25,0.049994369,0.048350886,0.051633014
liberty_cash_tracker,26,0.049994084,0.048361368,0.051591971
liberty_cash_tracker,27,0.049995722,0.04840773,0.051563572
liberty_cash_tracker,28,0.049994854,0.048429733,0.051530747
liberty_cash_tracker,29,0.049996693,0.048442611,0.051517566
liberty_cash_tracker,30,0.049998905,0.048484153,0.051486698
liberty_cash_tracker,31,0.049995429,0.048503834,0.051453712
liberty_cash_tracker,32,0.049992633,0.04853124,0.051424733
liberty_cash_tracker,33,0.049992252,0.048554579,0.051402289
liberty_cash_tracker,34,0.049993209,0.048572115,0.051398552
liberty_cash_tracker,35,0.049993283,0.048597059,0.051378419
liberty_cash_tracker,36,0.04999092,0.048607938,0.051356554
liberty_cash_tracker,37,0.049991699,0.04862689,0.051332405
liberty_cash_tracker,38,0.049992832,0.048627131,0.05130925
liberty_cash_tracker,39,0.049991115,0.048658122,0.051288693
liberty_cash_tracker,40,0.049991894,0.048654613,0.05126979
liberty_cash_tracker,41,0.049992864,0.048680895,0.051264497
liberty_cash_tracker,42,0.049993805,0.04868317,0.05125276
liberty_cash_tracker,43,0.04999352,0.048708893,0.051234112
liberty_cash_tracker,44,0.04999312,0.048731469,0.05122991
liberty_cash_tracker,45,0.049992972,0.048737107,0.051216878
liberty_cash_tracker,46,0.049992684,0.048748699,0.051198409
liberty_cash_tracker,47,0.049992831,0.048760475,0.051184768
liberty_cash_tracker,48,0.049994999,0.048786408,0.051174575
liberty_cash_tracker,49,0.049995411,0.048798707,0.051174056
liberty_cash_tracker,50,0.049996726,0.048812049,0.051165857
liberty_cash_tracker,51,0.049997577,0.048819121,0.051154785
liberty_cash_tracker,52,0.049998061,0.048831723,0.051144232
liberty_cash_tracker,53,0.049999065,0.048826596,0.051131322
liberty_cash_tracker,54,0.049998313,0.04885052,0.051117097
liberty_cash_tracker,55,0.049998263,0.048868631,0.051109823
liberty_cash_tracker,56,0.049996214,0.048876467,0.051091112
liberty_cash_tracker,57,0.049996309,0.048884643,0.051081689
liberty_cash_tracker,58,0.049996679,0.048877305,0.051068338
liberty_cash_tracker,59,0.049997649,0.048902908,0.051048138
liberty_cash_tracker,60,0.049997667,0.048906595,0.051043242
liberty_cash_tracker,61,0.04999769,0.04891228,0.051039309
liberty_cash_tracker,62,0.049997747,0.048921104,0.051032443
liberty_cash_tracker,63,0.049997477,0.048923378,0.051022203
liberty_cash_tracker,64,0.049996728,0.048936878,0.051012806
liberty_cash_tracker,65,0.049995893,0.048939543,0.051004027
liberty_cash_tracker,66,0.049996691,0.048955128,0.051002471
liberty_cash_tracker,67,0.049996502,0.048967353,0.050983364
liberty_cash_tracker,68,0.049997016,0.04897286,0.0509776
liberty_cash_tracker,69,0.04999684,0.048990305,0.050979009
liberty_cash_tracker,70,0.049996713,0.04899243,0.05097003
liberty_cash_tracker,71,0.049997671,0.049008065,0.050966969
liberty_cash_tracker,72,0.04999749,0.049013491,0.050961268
liberty_cash_tracker,73,0.049998941,0.049015839,0.050955554
liberty_cash_tracker,74,0.049998873,0.049022683,0.050940351
liberty_cash_tracker,75,0.049998233,0.049027164,0.050933937
liberty_cash_tracker,76,0.04999859,0.049035926,0.050926153
liberty_cash_tracker,77,0.049998248,0.049036586,0.050924397
liberty_cash_tracker,78,0.049997709,0.049048059,0.050913977
liberty_cash_tracker,79,0.049996837,0.049057721,0.050902403
liberty_cash_tracker,80,0.04999636,0.049060651,0.050896791
liberty_cash_tracker,81,0.049995982,0.049064003,0.050892573
liberty_cash_tracker,82,0.049996093,0.049063119,0.050879894
liberty_cash_tracker,83,0.049995624,0.049075994,0.050878022
liberty_cash_tracker,84,0.049995891,0.049083837,0.050870012
liberty_cash_tracker,85,0.04999703,0.049102753,0.050860445
liberty_cash_tracker,86,0.049996749,0.049102497,0.050849287
liberty_cash_tracker,87,0.049997169,0.049107561,0.050860316
liberty_cash_tracker,88,0.049997975,0.049104963,0.050851878
liberty_cash_tracker,89,0.049998164,0.049113055,0.050852325
liberty_cash_tracker,90,0.049998984,0.049116413,0.050848718
liberty_cash_tracker,91,0.049998195,0.049121672,0.050835255
liberty_cash_tracker,92,0.049997659,0.049122781,0.050835097
liberty_cash_tracker,93,0.049997924,0.049131212,0.050835733
liberty_cash_tracker,94,0.049997201,0.049138307,0.050827191
liberty_cash_tracker,95,0.049997705,0.049145641,0.050824607
liberty_cash_tracker,96,0.049997647,0.049142079,0.050822077
liberty_cash_tracker,97,0.049997675,0.049147249,0.050829305
liberty_cash_tracker,98,0.049997607,0.049156777,0.050819474
liberty_cash_tracker,99,0.049995939,0.04916063,0.050816713
liberty_cash_tracker,100,0.049995907,0.049160433,0.050804165
liberty_conserv_equity_tracker,1,0.065861834,-0.084835806,0.216736534
liberty_conserv_equity_tracker,2,0.065738944,-0.04382124,0.170276691
liberty_conserv_equity_tracker,3,0.065696148,-0.02526575,0.149185239
liberty_conserv_equity_tracker,4,0.065338263,-0.014403666,0.136449194
liberty_conserv_equity_tracker,5,0.0652218,-0.006496794,0.128226217
liberty_conserv_equity_tracker,6,0.065192389,-0.000879144,0.122055275
liberty_conserv_equity_tracker,7,0.065178475,0.003683683,0.117440404
liberty_conserv_equity_tracker,8,0.065263181,0.007627876,0.113381697
liberty_conserv_equity_tracker,9,0.065348495,0.010344747,0.110565351
liberty_conserv_equity_tracker,10,0.065386815,0.013153521,0.107929339
liberty_conserv_equity_tracker,11,0.065434533,0.01540005,0.105640352
liberty_conserv_equity_tracker,12,0.065452619,0.017155534,0.103703543
liberty_conserv_equity_tracker,13,0.065473772,0.018734097,0.102099766
liberty_conserv_equity_tracker,14,0.065522845,0.020174221,0.100640141
liberty_conserv_equity_tracker,15,0.065489244,0.021490071,0.099168257
liberty_conserv_equity_tracker,16,0.065501702,0.022648047,0.098027564
liberty_conserv_equity_tracker,17,0.065395038,0.02335891,0.096718659
liberty_conserv_equity_tracker,18,0.065372205,0.024670503,0.095636118
liberty_conserv_equity_tracker,19,0.065394915,0.02566606,0.094341383
liberty_conserv_equity_tracker,20,0.065382392,0.02657414,0.09346261
liberty_conserv_equity_tracker,21,0.065377727,0.027549965,0.092892915
liberty_conserv_equity_tracker,22,0.065378268,0.028137234,0.091975275
liberty_conserv_equity_tracker,23,0.065363219,0.02878301,0.091055885
liberty_conserv_equity_tracker,24,0.065360161,0.029184558,0.090437494
liberty_conserv_equity_tracker,25,0.065400913,0.030056295,0.089869471
liberty_conserv_equity_tracker,26,0.065361107,0.030268924,0.08923847
liberty_conserv_equity_tracker,27,0.065384707,0.030967323,0.088796584
liberty_conserv_equity_tracker,28,0.06539957,0.031438149,0.08813142
liberty_conserv_equity_tracker,29,0.065409758,0.031917783,0.0877959
liberty_conserv_equity_tracker,30,0.065436408,0.032408353,0.087371809
liberty_conserv_equity_tracker,31,0.065401965,0.032930206,0.086658859
liberty_conserv_equity_tracker,32,0.065390028,0.033218755,0.086256372
liberty_conserv_equity_tracker,33,0.065388837,0.033618768,0.085736003
liberty_conserv_equity_tracker,34,0.06538795,0.033956984,0.085507957
liberty_conserv_equity_tracker,35,0.065384324,0.034295478,0.085015572
liberty_conserv_equity_tracker,36,0.065431901,0.034722407,0.08472048
liberty_conserv_equity_tracker,37,0.065424823,0.035014249,0.084136056
liberty_conserv_equity_tracker,38,0.065417135,0.035313902,0.083852141
liberty_conserv_equity_tracker,39,0.065423093,0.035641921,0.083398694
liberty_conserv_equity_tracker,40,0.065430399,0.035843498,0.083177902
liberty_conserv_equity_tracker,41,0.065440632,0.036263212,0.082952345
liberty_conserv_equity_tracker,42,0.06545006,0.036467428,0.082777705
liberty_conserv_equity_tracker,43,0.065475256,0.036794338,0.082533851
liberty_conserv_equity_tracker,44,0.065456392,0.037057826,0.08243218
liberty_conserv_equity_tracker,45,0.06543973,0.037242133,0.082137597
liberty_conserv_equity_tracker,46,0.065439078,0.037436613,0.081832798
liberty_conserv_equity_tracker,47,0.065441356,0.037677655,0.081616924
liberty_conserv_equity_tracker,48,0.065445495,0.037897575,0.081492587
liberty_conserv_equity_tracker,49,0.065455829,0.037959283,0.081223996
liberty_conserv_equity_tracker,50,0.065475813,0.038201095,0.081098393
liberty_conserv_equity_tracker,51,0.065479208,0.03840326,0.080898276
liberty_conserv_equity_tracker,52,0.065485584,0.0387309,0.080649122
liberty_conserv_equity_tracker,53,0.065505162,0.038835652,0.080445415
liberty_conserv_equity_tracker,54,0.065474306,0.039015847,0.080254173
liberty_conserv_equity_tracker,55,0.065482685,0.039193265,0.080094677
liberty_conserv_equity_tracker,56,0.06548712,0.039401581,0.079969296
liberty_conserv_equity_tracker,57,0.065495729,0.039507097,0.079801025
liberty_conserv_equity_tracker,58,0.065491893,0.039631866,0.079582088
liberty_conserv_equity_tracker,59,0.065473502,0.039885938,0.079303093
liberty_conserv_equity_tracker,60,0.065492423,0.039993837,0.079093428
liberty_conserv_equity_tracker,61,0.065514108,0.040178651,0.079066376
liberty_conserv_equity_tracker,62,0.065511704,0.040353997,0.078841251
liberty_conserv_equity_tracker,63,0.065513212,0.040469435,0.078639911
liberty_conserv_equity_tracker,64,0.065512577,0.040506188,0.07847359
liberty_conserv_equity_tracker,65,0.06551726,0.040625238,0.078442252
liberty_conserv_equity_tracker,66,0.065524362,0.040743562,0.078257056
liberty_conserv_equity_tracker,67,0.065534164,0.040925499,0.078029374
liberty_conserv_equity_tracker,68,0.065530753,0.041101244,0.077966822
liberty_conserv_equity_tracker,69,0.065526099,0.04124785,0.077835153
liberty_conserv_equity_tracker,70,0.065528751,0.041331536,0.077747356
liberty_conserv_equity_tracker,71,0.065553687,0.041525702,0.077569722
liberty_conserv_equity_tracker,72,0.065583829,0.041662553,0.077494976
liberty_conserv_equity_tracker,73,0.065558439,0.041768765,0.077385794
liberty_conserv_equity_tracker,74,0.065541763,0.041884018,0.077239341
liberty_conserv_equity_tracker,75,0.065536358,0.042038555,0.077062456
liberty_conserv_equity_tracker,76,0.06552007,0.042221819,0.076933133
liberty_conserv_equity_tracker,77,0.065495919,0.042333901,0.076796779
liberty_conserv_equity_tracker,78,0.065471688,0.042438181,0.076647776
liberty_conserv_equity_tracker,79,0.065460317,0.042450307,0.076547931
liberty_conserv_equity_tracker,80,0.065455665,0.04254709,0.076534855
liberty_conserv_equity_tracker,81,0.065461836,0.042621753,0.076356894
liberty_conserv_equity_tracker,82,0.065496693,0.04279144,0.076321927
liberty_conserv_equity_tracker,83,0.065496326,0.042816398,0.076227168
liberty_conserv_equity_tracker,84,0.065498918,0.042886235,0.076168838
liberty_conserv_equity_tracker,85,0.065488031,0.043039722,0.076034522
liberty_conserv_equity_tracker,86,0.065501572,0.043106881,0.075950873
liberty_conserv_equity_tracker,87,0.065516632,0.043319161,0.075997575
liberty_conserv_equity_tracker,88,0.065534444,0.043405919,0.075890899
liberty_conserv_equity_tracker,89,0.06553735,0.043511474,0.075722499
liberty_conserv_equity_tracker,90,0.065558815,0.043574682,0.075701821
liberty_conserv_equity_tracker,91,0.065573705,0.043688073,0.075624619
liberty_conserv_equity_tracker,92,0.065567406,0.043734903,0.075468325
liberty_conserv_equity_tracker,93,0.065565929,0.043804443,0.075353178
liberty_conserv_equity_tracker,94,0.065551078,0.043878589,0.075271966
liberty_conserv_equity_tracker,95,0.065552671,0.043999396,0.075119645
liberty_conserv_equity_tracker,96,0.065560029,0.044037305,0.075056945
liberty_conserv_equity_tracker,97,0.065564433,0.044083696,0.074931154
liberty_conserv_equity_tracker,98,0.065577975,0.044191322,0.074904442
liberty_conserv_equity_tracker,99,0.065583817,0.044338949,0.074821255
liberty_conserv_equity_tracker,100,0.065582385,0.044377752,0.074766556
liberty_conserv_equity_tracker_c,1,0.065861834,-0.084835806,0.216736534
liberty_conserv_equity_tracker_c,2,0.065738944,-0.04382124,0.170276691
liberty_conserv_equity_tracker_c,3,0.065696148,-0.02526575,0.149185239
liberty_conserv_equity_tracker_c,4,0.065338263,-0.014403666,0.136449194
liberty_conserv_equity_tracker_c,5,0.0652218,-0.006496794,0.128226217
liberty_conserv_equity_tracker_c,6,0.065192389,-0.000879144,0.122055275
liberty_conserv_equity_tracker_c,7,0.065178475,0.003683683,0.117440404
liberty_conserv_equity_tracker_c,8,0.065263181,0.007627876,0.113381697
liberty_conserv_equity_tracker_c,9,0.065348495,0.010344747,0.110565351
liberty_conserv_equity_tracker_c,10,0.065386815,0.013153521,0.107929339
liberty_conserv_equity_tracker_c,11,0.065434533,0.01540005,0.105640352
liberty_conserv_equity_tracker_c,12,0.065452619,0.017155534,0.103703543
liberty_conserv_equity_tracker_c,13,0.065473772,0.018734097,0.102099766
liberty_conserv_equity_tracker_c,14,0.065522845,0.020174221,0.100640141
liberty_conserv_equity_tracker_c,15,0.065489244,0.021490071,0.099168257
liberty_conserv_equity_tracker_c,16,0.065501702,0.022648047,0.098027564
liberty_conserv_equity_tracker_c,17,0.065395038,0.02335891,0.096718659
liberty_conserv_equity_tracker_c,18,0.065372205,0.024670503,0.095636118
liberty_conserv_equity_tracker_c,19,0.065394915,0.02566606,0.094341383
liberty_conserv_equity_tracker_c,20,0.065382392,0.02657414,0.09346261
liberty_conserv_equity_tracker_c,21,0.065377727,0.027549965,0.092892915
liberty_conserv_equity_tracker_c,22,0.065378268,0.028137234,0.091975275
liberty_conserv_equity_tracker_c,23,0.065363219,0.02878301,0.091055885
liberty_conserv_equity_tracker_c,24,0.065360161,0.029184558,0.090437494
liberty_conserv_equity_tracker_c,25,0.065400913,0.030056295,0.089869471
liberty_conserv_equity_tracker_c,26,0.065361107,0.030268924,0.08923847
liberty_conserv_equity_tracker_c,27,0.065384707,0.030967323,0.088796584
liberty_conserv_equity_tracker_c,28,0.06539957,0.031438149,0.08813142
liberty_conserv_equity_tracker_c,29,0.065409758,0.031917783,0.0877959
liberty_conserv_equity_tracker_c,30,0.065436408,0.032408353,0.087371809
liberty_conserv_equity_tracker_c,31,0.065401965,0.032930206,0.086658859
liberty_conserv_equity_tracker_c,32,0.065390028,0.033218755,0.086256372
liberty_conserv_equity_tracker_c,33,0.065388837,0.033618768,0.085736003
liberty_conserv_equity_tracker_c,34,0.06538795,0.033956984,0.085507957
liberty_conserv_equity_tracker_c,35,0.065384324,0.034295478,0.085015572
liberty_conserv_equity_tracker_c,36,0.065431901,0.034722407,0.08472048
liberty_conserv_equity_tracker_c,37,0.065424823,0.035014249,0.084136056
liberty_conserv_equity_tracker_c,38,0.065417135,0.035313902,0.083852141
liberty_conserv_equity_tracker_c,39,0.065423093,0.035641921,0.083398694
liberty_conserv_equity_tracker_c,40,0.065430399,0.035843498,0.083177902
liberty_conserv_equity_tracker_c,41,0.065440632,0.036263212,0.082952345
liberty_conserv_equity_tracker_c,42,0.06545006,0.036467428,0.082777705
liberty_conserv_equity_tracker_c,43,0.065475256,0.036794338,0.082533851
liberty_conserv_equity_tracker_c,44,0.065456392,0.037057826,0.08243218
liberty_conserv_equity_tracker_c,45,0.06543973,0.037242133,0.082137597
liberty_conserv_equity_tracker_c,46,0.065439078,0.037436613,0.081832798
liberty_conserv_equity_tracker_c,47,0.065441356,0.037677655,0.081616924
liberty_conserv_equity_tracker_c,48,0.065445495,0.037897575,0.081492587
liberty_conserv_equity_tracker_c,49,0.065455829,0.037959283,0.081223996
liberty_conserv_equity_tracker_c,50,0.065475813,0.038201095,0.081098393
liberty_conserv_equity_tracker_c,51,0.065479208,0.03840326,0.080898276
liberty_conserv_equity_tracker_c,52,0.065485584,0.0387309,0.080649122
liberty_conserv_equity_tracker_c,53,0.065505162,0.038835652,0.080445415
liberty_conserv_equity_tracker_c,54,0.065474306,0.039015847,0.080254173
liberty_conserv_equity_tracker_c,55,0.065482685,0.039193265,0.080094677
liberty_conserv_equity_tracker_c,56,0.06548712,0.039401581,0.079969296
liberty_conserv_equity_tracker_c,57,0.065495729,0.039507097,0.079801025
liberty_conserv_equity_tracker_c,58,0.065491893,0.039631866,0.079582088
liberty_conserv_equity_tracker_c,59,0.065473502,0.039885938,0.079303093
liberty_conserv_equity_tracker_c,60,0.065492423,0.039993837,0.079093428
liberty_conserv_equity_tracker_c,61,0.065514108,0.040178651,0.079066376
liberty_conserv_equity_tracker_c,62,0.065511704,0.040353997,0.078841251
liberty_conserv_equity_tracker_c,63,0.065513212,0.040469435,0.078639911
liberty_conserv_equity_tracker_c,64,0.065512577,0.040506188,0.07847359
liberty_conserv_equity_tracker_c,65,0.06551726,0.040625238,0.078442252
liberty_conserv_equity_tracker_c,66,0.065524362,0.040743562,0.078257056
liberty_conserv_equity_tracker_c,67,0.065534164,0.040925499,0.078029374
liberty_conserv_equity_tracker_c,68,0.065530753,0.041101244,0.077966822
liberty_conserv_equity_tracker_c,69,0.065526099,0.04124785,0.077835153
liberty_conserv_equity_tracker_c,70,0.065528751,0.041331536,0.077747356
liberty_conserv_equity_tracker_c,71,0.065553687,0.041525702,0.077569722
liberty_conserv_equity_tracker_c,72,0.065583829,0.041662553,0.077494976
liberty_conserv_equity_tracker_c,73,0.065558439,0.041768765,0.077385794
liberty_conserv_equity_tracker_c,74,0.065541763,0.041884018,0.077239341
liberty_conserv_equity_tracker_c,75,0.065536358,0.042038555,0.077062456
liberty_conserv_equity_tracker_c,76,0.06552007,0.042221819,0.076933133
liberty_conserv_equity_tracker_c,77,0.065495919,0.042333901,0.076796779
liberty_conserv_equity_tracker_c,78,0.065471688,0.042438181,0.076647776
liberty_conserv_equity_tracker_c,79,0.065460317,0.042450307,0.076547931
liberty_conserv_equity_tracker_c,80,0.065455665,0.04254709,0.076534855
liberty_conserv_equity_tracker_c,81,0.065461836,0.042621753,0.076356894
liberty_conserv_equity_tracker_c,82,0.065496693,0.04279144,0.076321927
liberty_conserv_equity_tracker_c,83,0.065496326,0.042816398,0.076227168
liberty_conserv_equity_tracker_c,84,0.065498918,0.042886235,0.076168838
liberty_conserv_equity_tracker_c,85,0.065488031,0.043039722,0.076034522
liberty_conserv_equity_tracker_c,86,0.065501572,0.043106881,0.075950873
liberty_conserv_equity_tracker_c,87,0.065516632,0.043319161,0.075997575
liberty_conserv_equity_tracker_c,88,0.065534444,0.043405919,0.075890899
liberty_conserv_equity_tracker_c,89,0.06553735,0.043511474,0.075722499
liberty_conserv_equity_tracker_c,90,0.065558815,0.043574682,0.075701821
liberty_conserv_equity_tracker_c,91,0.065573705,0.043688073,0.075624619
liberty_conserv_equity_tracker_c,92,0.065567406,0.043734903,0.075468325
liberty_conserv_equity_tracker_c,93,0.065565929,0.043804443,0.075353178
liberty_conserv_equity_tracker_c,94,0.065551078,0.043878589,0.075271966
liberty_conserv_equity_tracker_c,95,0.065552671,0.043999396,0.075119645
liberty_conserv_equity_tracker_c,96,0.065560029,0.044037305,0.075056945
liberty_conserv_equity_tracker_c,97,0.065564433,0.044083696,0.074931154
liberty_conserv_equity_tracker_c,98,0.065577975,0.044191322,0.074904442
liberty_conserv_equity_tracker_c,99,0.065583817,0.044338949,0.074821255
liberty_conserv_equity_tracker_c,100,0.065582385,0.044377752,0.074766556
liberty_conservative_equity_tracker,1,0.065861834,-0.084835806,0.216736534
liberty_conservative_equity_tracker,2,0.065738944,-0.04382124,0.170276691
liberty_conservative_equity_tracker,3,0.065696148,-0.02526575,0.149185239
liberty_conservative_equity_tracker,4,0.065338263,-0.014403666,0.136449194
liberty_conservative_equity_tracker,5,0.0652218,-0.006496794,0.128226217
liberty_conservative_equity_tracker,6,0.065192389,-0.000879144,0.122055275
liberty_conservative_equity_tracker,7,0.065178475,0.003683683,0.117440404
liberty_conservative_equity_tracker,8,0.065263181,0.007627876,0.113381697
liberty_conservative_equity_tracker,9,0.065348495,0.010344747,0.110565351
liberty_conservative_equity_tracker,10,0.065386815,0.013153521,0.107929339
liberty_conservative_equity_tracker,11,0.065434533,0.01540005,0.105640352
liberty_conservative_equity_tracker,12,0.065452619,0.017155534,0.103703543
liberty_conservative_equity_tracker,13,0.065473772,0.018734097,0.102099766
liberty_conservative_equity_tracker,14,0.065522845,0.020174221,0.100640141
liberty_conservative_equity_tracker,15,0.065489244,0.021490071,0.099168257
liberty_conservative_equity_tracker,16,0.065501702,0.022648047,0.098027564
liberty_conservative_equity_tracker,17,0.065395038,0.02335891,0.096718659
liberty_conservative_equity_tracker,18,0.065372205,0.024670503,0.095636118
liberty_conservative_equity_tracker,19,0.065394915,0.02566606,0.094341383
liberty_conservative_equity_tracker,20,0.065382392,0.02657414,0.09346261
liberty_conservative_equity_tracker,21,0.065377727,0.027549965,0.092892915
liberty_conservative_equity_tracker,22,0.065378268,0.028137234,0.091975275
liberty_conservative_equity_tracker,23,0.065363219,0.02878301,0.091055885
liberty_conservative_equity_tracker,24,0.065360161,0.029184558,0.090437494
liberty_conservative_equity_tracker,25,0.065400913,0.030056295,0.089869471
liberty_conservative_equity_tracker,26,0.065361107,0.030268924,0.08923847
liberty_conservative_equity_tracker,27,0.065384707,0.030967323,0.088796584
liberty_conservative_equity_tracker,28,0.06539957,0.031438149,0.08813142
liberty_conservative_equity_tracker,29,0.065409758,0.031917783,0.0877959
liberty_conservative_equity_tracker,30,0.065436408,0.032408353,0.087371809
liberty_conservative_equity_tracker,31,0.065401965,0.032930206,0.086658859
liberty_conservative_equity_tracker,32,0.065390028,0.033218755,0.086256372
liberty_conservative_equity_tracker,33,0.065388837,0.033618768,0.085736003
liberty_conservative_equity_tracker,34,0.06538795,0.033956984,0.085507957
liberty_conservative_equity_tracker,35,0.065384324,0.034295478,0.085015572
liberty_conservative_equity_tracker,36,0.065431901,0.034722407,0.08472048
liberty_conservative_equity_tracker,37,0.065424823,0.035014249,0.084136056
liberty_conservative_equity_tracker,38,0.065417135,0.035313902,0.083852141
liberty_conservative_equity_tracker,39,0.065423093,0.035641921,0.083398694
liberty_conservative_equity_tracker,40,0.065430399,0.035843498,0.083177902
liberty_conservative_equity_tracker,41,0.065440632,0.036263212,0.082952345
liberty_conservative_equity_tracker,42,0.06545006,0.036467428,0.082777705
liberty_conservative_equity_tracker,43,0.065475256,0.036794338,0.082533851
liberty_conservative_equity_tracker,44,0.065456392,0.037057826,0.08243218
liberty_conservative_equity_tracker,45,0.06543973,0.037242133,0.082137597
liberty_conservative_equity_tracker,46,0.065439078,0.037436613,0.081832798
liberty_conservative_equity_tracker,47,0.065441356,0.037677655,0.081616924
liberty_conservative_equity_tracker,48,0.065445495,0.037897575,0.081492587
liberty_conservative_equity_tracker,49,0.065455829,0.037959283,0.081223996
liberty_conservative_equity_tracker,50,0.065475813,0.038201095,0.081098393
liberty_conservative_equity_tracker,51,0.065479208,0.03840326,0.080898276
liberty_conservative_equity_tracker,52,0.065485584,0.0387309,0.080649122
liberty_conservative_equity_tracker,53,0.065505162,0.038835652,0.080445415
liberty_conservative_equity_tracker,54,0.065474306,0.039015847,0.080254173
liberty_conservative_equity_tracker,55,0.065482685,0.039193265,0.080094677
liberty_conservative_equity_tracker,56,0.06548712,0.039401581,0.079969296
liberty_conservative_equity_tracker,57,0.065495729,0.039507097,0.079801025
liberty_conservative_equity_tracker,58,0.065491893,0.039631866,0.079582088
liberty_conservative_equity_tracker,59,0.065473502,0.039885938,0.079303093
liberty_conservative_equity_tracker,60,0.065492423,0.039993837,0.079093428
liberty_conservative_equity_tracker,61,0.065514108,0.040178651,0.079066376
liberty_conservative_equity_tracker,62,0.065511704,0.040353997,0.078841251
liberty_conservative_equity_tracker,63,0.065513212,0.040469435,0.078639911
liberty_conservative_equity_tracker,64,0.065512577,0.040506188,0.07847359
liberty_conservative_equity_tracker,65,0.06551726,0.040625238,0.078442252
liberty_conservative_equity_tracker,66,0.065524362,0.040743562,0.078257056
liberty_conservative_equity_tracker,67,0.065534164,0.040925499,0.078029374
liberty_conservative_equity_tracker,68,0.065530753,0.041101244,0.077966822
liberty_conservative_equity_tracker,69,0.065526099,0.04124785,0.077835153
liberty_conservative_equity_tracker,70,0.065528751,0.041331536,0.077747356
liberty_conservative_equity_tracker,71,0.065553687,0.041525702,0.077569722
liberty_conservative_equity_tracker,72,0.065583829,0.041662553,0.077494976
liberty_conservative_equity_tracker,73,0.065558439,0.041768765,0.077385794
liberty_conservative_equity_tracker,74,0.065541763,0.041884018,0.077239341
liberty_conservative_equity_tracker,75,0.065536358,0.042038555,0.077062456
liberty_conservative_equity_tracker,76,0.06552007,0.042221819,0.076933133
liberty_conservative_equity_tracker,77,0.065495919,0.042333901,0.076796779
liberty_conservative_equity_tracker,78,0.065471688,0.042438181,0.076647776
liberty_conservative_equity_tracker,79,0.065460317,0.042450307,0.076547931
liberty_conservative_equity_tracker,80,0.065455665,0.04254709,0.076534855
liberty_conservative_equity_tracker,81,0.065461836,0.042621753,0.076356894
liberty_conservative_equity_tracker,82,0.065496693,0.04279144,0.076321927
liberty_conservative_equity_tracker,83,0.065496326,0.042816398,0.076227168
liberty_conservative_equity_tracker,84,0.065498918,0.042886235,0.076168838
liberty_conservative_equity_tracker,85,0.065488031,0.043039722,0.076034522
liberty_conservative_equity_tracker,86,0.065501572,0.043106881,0.075950873
liberty_conservative_equity_tracker,87,0.065516632,0.043319161,0.075997575
liberty_conservative_equity_tracker,88,0.065534444,0.043405919,0.075890899
liberty_conservative_equity_tracker,89,0.06553735,0.043511474,0.075722499
liberty_conservative_equity_tracker,90,0.065558815,0.043574682,0.075701821
liberty_conservative_equity_tracker,91,0.065573705,0.043688073,0.075624619
liberty_conservative_equity_tracker,92,0.065567406,0.043734903,0.075468325
liberty_conservative_equity_tracker,93,0.065565929,0.043804443,0.075353178
liberty_conservative_equity_tracker,94,0.065551078,0.043878589,0.075271966
liberty_conservative_equity_tracker,95,0.065552671,0.043999396,0.075119645
liberty_conservative_equity_tracker,96,0.065560029,0.044037305,0.075056945
liberty_conservative_equity_tracker,97,0.065564433,0.044083696,0.074931154
liberty_conservative_equity_tracker,98,0.065577975,0.044191322,0.074904442
liberty_conservative_equity_tracker,99,0.065583817,0.044338949,0.074821255
liberty_conservative_equity_tracker,100,0.065582385,0.044377752,0.074766556
liberty_cpi_plus_c,1,0.059633208,-0.139978155,0.261054415
liberty_cpi_plus_c,2,0.058829049,-0.089436595,0.198818459
liberty_cpi_plus_c,3,0.059159863,-0.063962824,0.17071763
liberty_cpi_plus_c,4,0.058920313,-0.049304744,0.154341284
liberty_cpi_plus_c,5,0.058942697,-0.037957151,0.14269508
liberty_cpi_plus_c,6,0.059104509,-0.03070822,0.134758865
liberty_cpi_plus_c,7,0.05901914,-0.024686582,0.128308253
liberty_cpi_plus_c,8,0.059225677,-0.019617869,0.123578905
liberty_cpi_plus_c,9,0.05921225,-0.016423083,0.119807849
liberty_cpi_plus_c,10,0.05922604,-0.012760446,0.116036779
liberty_cpi_plus_c,11,0.05930246,-0.009950598,0.112873722
liberty_cpi_plus_c,12,0.059213598,-0.007502095,0.109936127
liberty_cpi_plus_c,13,0.059260818,-0.005079843,0.107948968
liberty_cpi_plus_c,14,0.059253899,-0.003228749,0.105650391
liberty_cpi_plus_c,15,0.059240863,-0.001189463,0.104118797
liberty_cpi_plus_c,16,0.059110325,0.00048189,0.102371201
liberty_cpi_plus_c,17,0.05904973,0.00193353,0.10068916
liberty_cpi_plus_c,18,0.059123775,0.003451452,0.099278078
liberty_cpi_plus_c,19,0.059179079,0.004681707,0.097764382
liberty_cpi_plus_c,20,0.059130716,0.005850066,0.096654622
liberty_cpi_plus_c,21,0.059091273,0.007521719,0.095570089
liberty_cpi_plus_c,22,0.05905107,0.008035248,0.094170868
liberty_cpi_plus_c,23,0.059076728,0.008981031,0.093510117
liberty_cpi_plus_c,24,0.059092949,0.00953728,0.092537426
liberty_cpi_plus_c,25,0.059136785,0.010458332,0.091729472
liberty_cpi_plus_c,26,0.059120923,0.011051107,0.090573381
liberty_cpi_plus_c,27,0.05913509,0.01180455,0.089837967
liberty_cpi_plus_c,28,0.059123256,0.012577469,0.089305181
liberty_cpi_plus_c,29,0.059095983,0.013277406,0.088983062
liberty_cpi_plus_c,30,0.059091114,0.013954626,0.088325441
liberty_cpi_plus_c,31,0.059071547,0.014336334,0.087543269
liberty_cpi_plus_c,32,0.059095172,0.014682844,0.087080203
liberty_cpi_plus_c,33,0.059085485,0.01534741,0.086411369
liberty_cpi_plus_c,34,0.059097942,0.015681738,0.085834051
liberty_cpi_plus_c,35,0.059127042,0.016237422,0.085266458
liberty_cpi_plus_c,36,0.05918015,0.01676871,0.084850686
liberty_cpi_plus_c,37,0.05915656,0.017205669,0.084048907
liberty_cpi_plus_c,38,0.059169471,0.017620233,0.083652629
liberty_cpi_plus_c,39,0.059207824,0.017997677,0.083193436
liberty_cpi_plus_c,40,0.059230245,0.018408029,0.082859504
liberty_cpi_plus_c,41,0.059215069,0.018920872,0.082481647
liberty_cpi_plus_c,42,0.05922079,0.019066409,0.082221483
liberty_cpi_plus_c,43,0.059223399,0.019787192,0.08200942
liberty_cpi_plus_c,44,0.059153576,0.020049358,0.081545343
liberty_cpi_plus_c,45,0.059155837,0.020156571,0.081071685
liberty_cpi_plus_c,46,0.059148059,0.020431664,0.080644528
liberty_cpi_plus_c,47,0.059162788,0.020805482,0.080335258
liberty_cpi_plus_c,48,0.059176952,0.021262811,0.080297063
liberty_cpi_plus_c,49,0.059159724,0.021482033,0.07997632
liberty_cpi_plus_c,50,0.059205146,0.021801532,0.079804744
liberty_cpi_plus_c,51,0.059200915,0.02203457,0.079541901
liberty_cpi_plus_c,52,0.059207277,0.022433664,0.079212258
liberty_cpi_plus_c,53,0.059200571,0.022676001,0.078865491
liberty_cpi_plus_c,54,0.059180148,0.022889713,0.078637735
liberty_cpi_plus_c,55,0.05918513,0.022864803,0.078263998
liberty_cpi_plus_c,56,0.059192723,0.023247435,0.078220976
liberty_cpi_plus_c,57,0.059204387,0.023470848,0.077970792
liberty_cpi_plus_c,58,0.059179315,0.023628088,0.077728272
liberty_cpi_plus_c,59,0.059149011,0.02385155,0.077401353
liberty_cpi_plus_c,60,0.059143295,0.024181335,0.077048394
liberty_cpi_plus_c,61,0.059191343,0.024427743,0.077062832
liberty_cpi_plus_c,62,0.059189471,0.024455733,0.076797239
liberty_cpi_plus_c,63,0.059218484,0.024615261,0.076569902
liberty_cpi_plus_c,64,0.059215385,0.024725769,0.076381278
liberty_cpi_plus_c,65,0.059255574,0.024997092,0.076327211
liberty_cpi_plus_c,66,0.059295527,0.02518916,0.076181293
liberty_cpi_plus_c,67,0.059295959,0.025468098,0.075893555
liberty_cpi_plus_c,68,0.059299883,0.025698474,0.075778403
liberty_cpi_plus_c,69,0.059305836,0.025941722,0.0755613
liberty_cpi_plus_c,70,0.059317553,0.0260329,0.075376139
liberty_cpi_plus_c,71,0.05934963,0.026337587,0.075227488
liberty_cpi_plus_c,72,0.059369556,0.026461973,0.074962742
liberty_cpi_plus_c,73,0.059372486,0.026522682,0.074823779
liberty_cpi_plus_c,74,0.059356243,0.026671879,0.074814304
liberty_cpi_plus_c,75,0.059378301,0.026929399,0.074616453
liberty_cpi_plus_c,76,0.059374013,0.027050723,0.074452596
liberty_cpi_plus_c,77,0.059331541,0.027334398,0.074153944
liberty_cpi_plus_c,78,0.059337712,0.027350644,0.074063733
liberty_cpi_plus_c,79,0.059344892,0.027528516,0.073833819
liberty_cpi_plus_c,80,0.059354084,0.027680656,0.073665876
liberty_cpi_plus_c,81,0.059351718,0.027832881,0.073497582
liberty_cpi_plus_c,82,0.059377628,0.027923895,0.073352202
liberty_cpi_plus_c,83,0.059359971,0.028063027,0.073191874
liberty_cpi_plus_c,84,0.0593303,0.028154114,0.073092189
liberty_cpi_plus_c,85,0.059324425,0.028340891,0.072939662
liberty_cpi_plus_c,86,0.059341494,0.028498252,0.072832015
liberty_cpi_plus_c,87,0.059360474,0.028689625,0.072819298
liberty_cpi_plus_c,88,0.059339573,0.028834306,0.07269057
liberty_cpi_plus_c,89,0.05933377,0.028966127,0.072521491
liberty_cpi_plus_c,90,0.059334643,0.029020527,0.072476131
liberty_cpi_plus_c,91,0.059309413,0.029177374,0.07233266
liberty_cpi_plus_c,92,0.059309509,0.029363492,0.072138244
liberty_cpi_plus_c,93,0.059343164,0.029409567,0.071938344
liberty_cpi_plus_c,94,0.05929371,0.029460358,0.071774168
liberty_cpi_plus_c,95,0.059326357,0.02963176,0.07160879
liberty_cpi_plus_c,96,0.059312582,0.029703448,0.071503858
liberty_cpi_plus_c,97,0.059308342,0.029785397,0.07142803
liberty_cpi_plus_c,98,0.05937702,0.029919248,0.071383382
liberty_cpi_plus_c,99,0.059405699,0.030058231,0.071349488
liberty_cpi_plus_c,100,0.059391174,0.030114933,0.071195222
liberty_global_bond_tracker,1,0.061145882,-0.106092447,0.231530833
liberty_global_bond_tracker,2,0.060971686,-0.059871458,0.178863065
liberty_global_bond_tracker,3,0.060997384,-0.038746732,0.156542832
liberty_global_bond_tracker,4,0.060725458,-0.028157971,0.142578614
liberty_global_bond_tracker,5,0.060712684,-0.018664301,0.131918849
liberty_global_bond_tracker,6,0.060741247,-0.012696728,0.125644261
liberty_global_bond_tracker,7,0.060732756,-0.006924754,0.119305349
liberty_global_bond_tracker,8,0.060825612,-0.003190473,0.115180127
liberty_global_bond_tracker,9,0.060703934,7.20E-05,0.112442497
liberty_global_bond_tracker,10,0.060637869,0.003006367,0.109038146
liberty_global_bond_tracker,11,0.060635391,0.00575025,0.106996583
liberty_global_bond_tracker,12,0.060560683,0.007813006,0.104697904
liberty_global_bond_tracker,13,0.060612098,0.00987473,0.103205799
liberty_global_bond_tracker,14,0.0606452,0.011741536,0.101110429
liberty_global_bond_tracker,15,0.060467224,0.013081145,0.099694435
liberty_global_bond_tracker,16,0.060450393,0.014909197,0.098589086
liberty_global_bond_tracker,17,0.060403602,0.015277461,0.096984632
liberty_global_bond_tracker,18,0.060378353,0.016603928,0.095430903
liberty_global_bond_tracker,19,0.060473576,0.017369216,0.09463895
liberty_global_bond_tracker,20,0.060484789,0.018927968,0.093475449
liberty_global_bond_tracker,21,0.060551705,0.019912792,0.092688854
liberty_global_bond_tracker,22,0.060528785,0.020802234,0.092112877
liberty_global_bond_tracker,23,0.060520181,0.021962256,0.090587626
liberty_global_bond_tracker,24,0.060468325,0.022324684,0.090161627
liberty_global_bond_tracker,25,0.060516808,0.023362595,0.089816985
liberty_global_bond_tracker,26,0.060431569,0.023621051,0.088716031
liberty_global_bond_tracker,27,0.060464582,0.02441243,0.088393699
liberty_global_bond_tracker,28,0.060490407,0.024874247,0.087993832
liberty_global_bond_tracker,29,0.060559043,0.025356693,0.087570292
liberty_global_bond_tracker,30,0.060494069,0.025826167,0.086860572
liberty_global_bond_tracker,31,0.060548094,0.026316078,0.086357287
liberty_global_bond_tracker,32,0.060583425,0.026391977,0.086137292
liberty_global_bond_tracker,33,0.060570531,0.026901285,0.085575269
liberty_global_bond_tracker,34,0.060590225,0.027187779,0.085403814
liberty_global_bond_tracker,35,0.060624587,0.02741932,0.084609939
liberty_global_bond_tracker,36,0.060682729,0.027935785,0.084288158
liberty_global_bond_tracker,37,0.060679802,0.028263243,0.083547034
liberty_global_bond_tracker,38,0.060711288,0.028538128,0.08304069
liberty_global_bond_tracker,39,0.060755056,0.029345836,0.082580707
liberty_global_bond_tracker,40,0.060782333,0.029566426,0.082285743
liberty_global_bond_tracker,41,0.06077039,0.029976799,0.082163374
liberty_global_bond_tracker,42,0.060766978,0.030028616,0.081852633
liberty_global_bond_tracker,43,0.060795215,0.030516669,0.081511172
liberty_global_bond_tracker,44,0.060810807,0.030588858,0.081221643
liberty_global_bond_tracker,45,0.060804732,0.030993473,0.080915734
liberty_global_bond_tracker,46,0.060855849,0.031143133,0.080723651
liberty_global_bond_tracker,47,0.060840417,0.031432316,0.080572048
liberty_global_bond_tracker,48,0.060853949,0.031524491,0.080529821
liberty_global_bond_tracker,49,0.06082694,0.031795677,0.079897452
liberty_global_bond_tracker,50,0.060861878,0.031642584,0.079970328
liberty_global_bond_tracker,51,0.060842195,0.031857296,0.079742018
liberty_global_bond_tracker,52,0.060846751,0.032367992,0.079289753
liberty_global_bond_tracker,53,0.06082697,0.032687696,0.07920388
liberty_global_bond_tracker,54,0.060818025,0.032668387,0.07906551
liberty_global_bond_tracker,55,0.06081247,0.033022446,0.078687138
liberty_global_bond_tracker,56,0.060783529,0.033431963,0.078708344
liberty_global_bond_tracker,57,0.060795265,0.03361978,0.078289344
liberty_global_bond_tracker,58,0.060812881,0.033849701,0.078260465
liberty_global_bond_tracker,59,0.060767537,0.033863667,0.078137127
liberty_global_bond_tracker,60,0.060770187,0.034057895,0.077592663
liberty_global_bond_tracker,61,0.060762633,0.034326749,0.077398239
liberty_global_bond_tracker,62,0.060785489,0.034557828,0.077201162
liberty_global_bond_tracker,63,0.060781113,0.034514513,0.077246815
liberty_global_bond_tracker,64,0.06080062,0.034572242,0.077108008
liberty_global_bond_tracker,65,0.060794297,0.034608133,0.076809315
liberty_global_bond_tracker,66,0.060797678,0.034804478,0.07674862
liberty_global_bond_tracker,67,0.060780043,0.035091915,0.076606833
liberty_global_bond_tracker,68,0.060743448,0.035313512,0.076315041
liberty_global_bond_tracker,69,0.060745704,0.035546235,0.076219807
liberty_global_bond_tracker,70,0.060771701,0.035572452,0.076062764
liberty_global_bond_tracker,71,0.060791469,0.035969094,0.07597342
liberty_global_bond_tracker,72,0.060788121,0.035990163,0.075840605
liberty_global_bond_tracker,73,0.060765769,0.036009057,0.075741927
liberty_global_bond_tracker,74,0.06075825,0.036095617,0.075577681
liberty_global_bond_tracker,75,0.060724257,0.036216675,0.075322649
liberty_global_bond_tracker,76,0.060730986,0.036465627,0.075294836
liberty_global_bond_tracker,77,0.060750895,0.036580251,0.075259885
liberty_global_bond_tracker,78,0.060752789,0.036561329,0.07517809
liberty_global_bond_tracker,79,0.0607396,0.036653876,0.074930973
liberty_global_bond_tracker,80,0.060743185,0.036959545,0.074829762
liberty_global_bond_tracker,81,0.060760934,0.036913334,0.074734601
liberty_global_bond_tracker,82,0.060773498,0.036963773,0.07447288
liberty_global_bond_tracker,83,0.060767478,0.037222419,0.074419384
liberty_global_bond_tracker,84,0.060759326,0.03715638,0.074340256
liberty_global_bond_tracker,85,0.060731796,0.037422296,0.074165562
liberty_global_bond_tracker,86,0.06074726,0.037560371,0.074084662
liberty_global_bond_tracker,87,0.060772502,0.037824152,0.074283464
liberty_global_bond_tracker,88,0.060792793,0.037999978,0.074143447
liberty_global_bond_tracker,89,0.060802112,0.03815034,0.073986982
liberty_global_bond_tracker,90,0.060802715,0.038265024,0.073872681
liberty_global_bond_tracker,91,0.060804437,0.038328225,0.073730782
liberty_global_bond_tracker,92,0.060799245,0.038334938,0.073566204
liberty_global_bond_tracker,93,0.060778605,0.038301184,0.073446569
liberty_global_bond_tracker,94,0.060784852,0.038307558,0.073379038
liberty_global_bond_tracker,95,0.060790154,0.038320262,0.073263612
liberty_global_bond_tracker,96,0.060797939,0.038459747,0.073203122
liberty_global_bond_tracker,97,0.06079718,0.038518142,0.0730671
liberty_global_bond_tracker,98,0.060802797,0.038483633,0.072945362
liberty_global_bond_tracker,99,0.060843274,0.038678807,0.072989707
liberty_global_bond_tracker,100,0.060840161,0.038830235,0.072904849
liberty_global_equity_tracker,1,0.087955838,-0.148974821,0.324006129
liberty_global_equity_tracker,2,0.089213301,-0.081110074,0.2510966
liberty_global_equity_tracker,3,0.089287473,-0.052746771,0.218620281
liberty_global_equity_tracker,4,0.08889553,-0.034869015,0.199132828
liberty_global_equity_tracker,5,0.088408656,-0.023857435,0.186808841
liberty_global_equity_tracker,6,0.088056221,-0.014210537,0.176269628
liberty_global_equity_tracker,7,0.088129969,-0.008098541,0.169146455
liberty_global_equity_tracker,8,0.088045768,-0.001565811,0.162384234
liberty_global_equity_tracker,9,0.088284711,0.003748618,0.15799346
liberty_global_equity_tracker,10,0.088283773,0.007926949,0.153545017
liberty_global_equity_tracker,11,0.088438742,0.011776131,0.150326835
liberty_global_equity_tracker,12,0.088515268,0.014190712,0.147603892
liberty_global_equity_tracker,13,0.088533249,0.016817778,0.144860767
liberty_global_equity_tracker,14,0.088721026,0.018838836,0.142971823
liberty_global_equity_tracker,15,0.088584792,0.020586995,0.140548966
liberty_global_equity_tracker,16,0.08864557,0.022370637,0.138425319
liberty_global_equity_tracker,17,0.088554402,0.023094356,0.13631293
liberty_global_equity_tracker,18,0.088435414,0.025169079,0.134767219
liberty_global_equity_tracker,19,0.0884684,0.026783495,0.132833822
liberty_global_equity_tracker,20,0.088419636,0.027935514,0.131806288
liberty_global_equity_tracker,21,0.088458262,0.029146503,0.130876869
liberty_global_equity_tracker,22,0.088565043,0.030338121,0.129483499
liberty_global_equity_tracker,23,0.088548852,0.031163702,0.127905584
liberty_global_equity_tracker,24,0.088596142,0.031830377,0.127435468
liberty_global_equity_tracker,25,0.088640466,0.033417912,0.126509668
liberty_global_equity_tracker,26,0.088589529,0.033883811,0.125797122
liberty_global_equity_tracker,27,0.088614927,0.034976448,0.124883153
liberty_global_equity_tracker,28,0.088587236,0.035546692,0.123376891
liberty_global_equity_tracker,29,0.088610674,0.036231376,0.122534449
liberty_global_equity_tracker,30,0.088690918,0.03715341,0.122282549
liberty_global_equity_tracker,31,0.088665159,0.03794145,0.121191203
liberty_global_equity_tracker,32,0.088635043,0.038617376,0.120327851
liberty_global_equity_tracker,33,0.088642165,0.039267377,0.119687256
liberty_global_equity_tracker,34,0.088635757,0.039847852,0.119566279
liberty_global_equity_tracker,35,0.088647231,0.040554494,0.118636503
liberty_global_equity_tracker,36,0.088726745,0.041245452,0.11835892
liberty_global_equity_tracker,37,0.088758165,0.041585287,0.117756715
liberty_global_equity_tracker,38,0.08870433,0.042221921,0.117245919
liberty_global_equity_tracker,39,0.088649439,0.04262037,0.116596595
liberty_global_equity_tracker,40,0.08864166,0.042656763,0.116171889
liberty_global_equity_tracker,41,0.088655303,0.04347875,0.115827082
liberty_global_equity_tracker,42,0.088610493,0.043784838,0.115421024
liberty_global_equity_tracker,43,0.088677946,0.044040828,0.114885719
liberty_global_equity_tracker,44,0.088647875,0.044627901,0.114839553
liberty_global_equity_tracker,45,0.088610195,0.044783531,0.114625106
liberty_global_equity_tracker,46,0.088617021,0.045276373,0.114436735
liberty_global_equity_tracker,47,0.088611649,0.045569373,0.114157645
liberty_global_equity_tracker,48,0.08857935,0.04597578,0.113589957
liberty_global_equity_tracker,49,0.088594839,0.046081913,0.113445581
liberty_global_equity_tracker,50,0.08863103,0.046535103,0.113058936
liberty_global_equity_tracker,51,0.088631647,0.046793024,0.112802961
liberty_global_equity_tracker,52,0.088645981,0.04731542,0.112365573
liberty_global_equity_tracker,53,0.088697184,0.047437974,0.11205298
liberty_global_equity_tracker,54,0.088639592,0.047777562,0.111515395
liberty_global_equity_tracker,55,0.088645539,0.048167545,0.111386172
liberty_global_equity_tracker,56,0.088657008,0.048315265,0.110807053
liberty_global_equity_tracker,57,0.088679464,0.048472888,0.110728036
liberty_global_equity_tracker,58,0.088677314,0.04862544,0.110384943
liberty_global_equity_tracker,59,0.088669457,0.049170537,0.109719302
liberty_global_equity_tracker,60,0.088713804,0.049263651,0.10964885
liberty_global_equity_tracker,61,0.088715154,0.049376822,0.109642421
liberty_global_equity_tracker,62,0.088731241,0.04979187,0.109223075
liberty_global_equity_tracker,63,0.088714684,0.049940902,0.108694059
liberty_global_equity_tracker,64,0.088694292,0.050182503,0.108395113
liberty_global_equity_tracker,65,0.088698036,0.050197087,0.108341989
liberty_global_equity_tracker,66,0.088695527,0.050183986,0.107930481
liberty_global_equity_tracker,67,0.088720856,0.050657897,0.107581109
liberty_global_equity_tracker,68,0.088701597,0.050724154,0.107585483
liberty_global_equity_tracker,69,0.08868481,0.050910516,0.107394284
liberty_global_equity_tracker,70,0.088689682,0.051199887,0.107417948
liberty_global_equity_tracker,71,0.08870296,0.051440661,0.107007338
liberty_global_equity_tracker,72,0.08875731,0.051798309,0.106998489
liberty_global_equity_tracker,73,0.08869179,0.052129033,0.106909638
liberty_global_equity_tracker,74,0.088668446,0.05228222,0.106595377
liberty_global_equity_tracker,75,0.088619923,0.052377941,0.106288448
liberty_global_equity_tracker,76,0.088627396,0.052767246,0.106025582
liberty_global_equity_tracker,77,0.088613861,0.052773318,0.105815769
liberty_global_equity_tracker,78,0.088531531,0.053039139,0.105506338
liberty_global_equity_tracker,79,0.0884814,0.052843419,0.105441181
liberty_global_equity_tracker,80,0.08847258,0.052815011,0.105516715
liberty_global_equity_tracker,81,0.088478441,0.053019836,0.105223234
liberty_global_equity_tracker,82,0.088532471,0.053467445,0.10533825
liberty_global_equity_tracker,83,0.088504686,0.053443752,0.105084535
liberty_global_equity_tracker,84,0.088534273,0.053561259,0.104983706
liberty_global_equity_tracker,85,0.088527456,0.053801416,0.10476296
liberty_global_equity_tracker,86,0.088531629,0.053869356,0.104577641
liberty_global_equity_tracker,87,0.088551876,0.054389879,0.104636139
liberty_global_equity_tracker,88,0.088650677,0.05434851,0.104566011
liberty_global_equity_tracker,89,0.088647335,0.054543814,0.104191688
liberty_global_equity_tracker,90,0.088698442,0.054689537,0.104101768
liberty_global_equity_tracker,91,0.088752679,0.054859054,0.104076028
liberty_global_equity_tracker,92,0.088747762,0.05481627,0.103852177
liberty_global_equity_tracker,93,0.088715207,0.054994653,0.103752206
liberty_global_equity_tracker,94,0.088698391,0.055137764,0.103521333
liberty_global_equity_tracker,95,0.088694016,0.055229263,0.103323375
liberty_global_equity_tracker,96,0.088720767,0.055178634,0.103318809
liberty_global_equity_tracker,97,0.088758387,0.055279631,0.103039714
liberty_global_equity_tracker,98,0.088764314,0.055552165,0.103003285
liberty_global_equity_tracker,99,0.088754629,0.055867109,0.102807053
liberty_global_equity_tracker,100,0.088752652,0.055960134,0.10281239
liberty_high_equity_tracker,1,0.07325287,-0.155338762,0.301393279
liberty_high_equity_tracker,2,0.072705196,-0.09442061,0.23116399
liberty_high_equity_tracker,3,0.072586151,-0.066357089,0.198582029
liberty_high_equity_tracker,4,0.071934917,-0.049554768,0.178987143
liberty_high_equity_tracker,5,0.071797656,-0.03740171,0.166848787
liberty_high_equity_tracker,6,0.071809202,-0.02901243,0.157492697
liberty_high_equity_tracker,7,0.071756902,-0.022034564,0.150923825
liberty_high_equity_tracker,8,0.071949325,-0.015890065,0.144701483
liberty_high_equity_tracker,9,0.072130041,-0.012174491,0.140298526
liberty_high_equity_tracker,10,0.072247664,-0.007803911,0.136588349
liberty_high_equity_tracker,11,0.072321389,-0.004570377,0.1328127
liberty_high_equity_tracker,12,0.072372035,-0.001841037,0.129851943
liberty_high_equity_tracker,13,0.072394815,0.000341286,0.127381821
liberty_high_equity_tracker,14,0.072445107,0.002515194,0.125240887
liberty_high_equity_tracker,15,0.072466751,0.00464055,0.122937271
liberty_high_equity_tracker,16,0.072485507,0.006201325,0.121269294
liberty_high_equity_tracker,17,0.072270115,0.007539283,0.119345665
liberty_high_equity_tracker,18,0.072257785,0.009584058,0.117794278
liberty_high_equity_tracker,19,0.072266151,0.011216293,0.115537141
liberty_high_equity_tracker,20,0.0722483,0.012474019,0.114160527
liberty_high_equity_tracker,21,0.072203405,0.014095993,0.113379918
liberty_high_equity_tracker,22,0.072187601,0.014802315,0.1118045
liberty_high_equity_tracker,23,0.072160498,0.015677916,0.110642116
liberty_high_equity_tracker,24,0.072158573,0.016285819,0.109440856
liberty_high_equity_tracker,25,0.072225567,0.017527582,0.108478523
liberty_high_equity_tracker,26,0.072175649,0.017803922,0.10759406
liberty_high_equity_tracker,27,0.072212063,0.018852304,0.106928795
liberty_high_equity_tracker,28,0.072247395,0.019641732,0.105926215
liberty_high_equity_tracker,29,0.072238297,0.020418324,0.10552492
liberty_high_equity_tracker,30,0.072302157,0.021134732,0.104855117
liberty_high_equity_tracker,31,0.072208398,0.021975745,0.103653199
liberty_high_equity_tracker,32,0.072177147,0.022430356,0.10303124
liberty_high_equity_tracker,33,0.072177261,0.02300529,0.1021796
liberty_high_equity_tracker,34,0.0721689,0.023537796,0.1017269
liberty_high_equity_tracker,35,0.072143833,0.024048778,0.10111294
liberty_high_equity_tracker,36,0.072216419,0.024684092,0.100613002
liberty_high_equity_tracker,37,0.072190468,0.025157971,0.099662321
liberty_high_equity_tracker,38,0.072174936,0.025597749,0.099327859
liberty_high_equity_tracker,39,0.072190534,0.025954074,0.098602141
liberty_high_equity_tracker,40,0.072199823,0.026354402,0.098313928
liberty_high_equity_tracker,41,0.072224437,0.026961474,0.097915845
liberty_high_equity_tracker,42,0.072261081,0.027347613,0.097734873
liberty_high_equity_tracker,43,0.072292297,0.027866336,0.097440134
liberty_high_equity_tracker,44,0.072249698,0.028291112,0.097317464
liberty_high_equity_tracker,45,0.072222581,0.028538749,0.096787544
liberty_high_equity_tracker,46,0.072200141,0.028802748,0.096186812
liberty_high_equity_tracker,47,0.072212909,0.029186515,0.095810322
liberty_high_equity_tracker,48,0.072225747,0.029548231,0.095697845
liberty_high_equity_tracker,49,0.072256112,0.029556673,0.095322813
liberty_high_equity_tracker,50,0.072280087,0.030059109,0.095109668
liberty_high_equity_tracker,51,0.072294859,0.03038994,0.094791391
liberty_high_equity_tracker,52,0.0723041,0.030833891,0.094490151
liberty_high_equity_tracker,53,0.072343336,0.030937547,0.094128022
liberty_high_equity_tracker,54,0.07228905,0.031265319,0.093882839
liberty_high_equity_tracker,55,0.07230981,0.031436715,0.093679306
liberty_high_equity_tracker,56,0.072329609,0.031741591,0.093550517
liberty_high_equity_tracker,57,0.07233952,0.03187581,0.093327703
liberty_high_equity_tracker,58,0.072323959,0.032054575,0.092916533
liberty_high_equity_tracker,59,0.072297676,0.032488147,0.092494327
liberty_high_equity_tracker,60,0.072329713,0.032648146,0.092211584
liberty_high_equity_tracker,61,0.072384895,0.032960085,0.092223181
liberty_high_equity_tracker,62,0.072365753,0.033172089,0.091877096
liberty_high_equity_tracker,63,0.07237612,0.033423732,0.091533115
liberty_high_equity_tracker,64,0.072373856,0.033410401,0.091275023
liberty_high_equity_tracker,65,0.072387154,0.033680435,0.091332505
liberty_high_equity_tracker,66,0.072403301,0.033887051,0.09102635
liberty_high_equity_tracker,67,0.07242645,0.03407419,0.090642278
liberty_high_equity_tracker,68,0.072437059,0.03439559,0.090602032
liberty_high_equity_tracker,69,0.072429949,0.034597516,0.09037212
liberty_high_equity_tracker,70,0.072425372,0.03470488,0.09021697
liberty_high_equity_tracker,71,0.072474059,0.034946833,0.089940795
liberty_high_equity_tracker,72,0.07253286,0.035162943,0.089815394
liberty_high_equity_tracker,73,0.072497515,0.035315554,0.089616929
liberty_high_equity_tracker,74,0.072466635,0.035513572,0.089425637
liberty_high_equity_tracker,75,0.072480889,0.035813001,0.089185251
liberty_high_equity_tracker,76,0.072436271,0.036045211,0.088963976
liberty_high_equity_tracker,77,0.072374297,0.036272949,0.088708063
liberty_high_equity_tracker,78,0.072339188,0.036447009,0.088474716
liberty_high_equity_tracker,79,0.07233181,0.036492011,0.088351898
liberty_high_equity_tracker,80,0.072322105,0.036619619,0.088339973
liberty_high_equity_tracker,81,0.072329073,0.036755905,0.088031695
liberty_high_equity_tracker,82,0.072393284,0.03701942,0.088020212
liberty_high_equity_tracker,83,0.072403149,0.036980747,0.087885418
liberty_high_equity_tracker,84,0.072403612,0.037134856,0.087808705
liberty_high_equity_tracker,85,0.072388512,0.037324235,0.087619085
liberty_high_equity_tracker,86,0.072414689,0.037416441,0.087508615
liberty_high_equity_tracker,87,0.072435664,0.037678072,0.087522486
liberty_high_equity_tracker,88,0.072441836,0.037837768,0.087342143
liberty_high_equity_tracker,89,0.072446268,0.037975061,0.087100143
liberty_high_equity_tracker,90,0.072482661,0.038040783,0.087121607
liberty_high_equity_tracker,91,0.072502951,0.038239403,0.087004531
liberty_high_equity_tracker,92,0.072491409,0.038362578,0.086751336
liberty_high_equity_tracker,93,0.072504864,0.038485611,0.086544564
liberty_high_equity_tracker,94,0.072471877,0.038616257,0.086446397
liberty_high_equity_tracker,95,0.072474673,0.038873068,0.086178801
liberty_high_equity_tracker,96,0.072481873,0.038930884,0.086052048
liberty_high_equity_tracker,97,0.072481814,0.038988406,0.085872979
liberty_high_equity_tracker,98,0.072510992,0.039175948,0.085871616
liberty_high_equity_tracker,99,0.072514231,0.03936707,0.085712304
liberty_high_equity_tracker,100,0.072512512,0.039377874,0.085618895
liberty_high_equity_tracker_c,1,0.07325287,-0.155338762,0.301393279
liberty_high_equity_tracker_c,2,0.072705196,-0.09442061,0.23116399
liberty_high_equity_tracker_c,3,0.072586151,-0.066357089,0.198582029
liberty_high_equity_tracker_c,4,0.071934917,-0.049554768,0.178987143
liberty_high_equity_tracker_c,5,0.071797656,-0.03740171,0.166848787
liberty_high_equity_tracker_c,6,0.071809202,-0.02901243,0.157492697
liberty_high_equity_tracker_c,7,0.071756902,-0.022034564,0.150923825
liberty_high_equity_tracker_c,8,0.071949325,-0.015890065,0.144701483
liberty_high_equity_tracker_c,9,0.072130041,-0.012174491,0.140298526
liberty_high_equity_tracker_c,10,0.072247664,-0.007803911,0.136588349
liberty_high_equity_tracker_c,11,0.072321389,-0.004570377,0.1328127
liberty_high_equity_tracker_c,12,0.072372035,-0.001841037,0.129851943
liberty_high_equity_tracker_c,13,0.072394815,0.000341286,0.127381821
liberty_high_equity_tracker_c,14,0.072445107,0.002515194,0.125240887
liberty_high_equity_tracker_c,15,0.072466751,0.00464055,0.122937271
liberty_high_equity_tracker_c,16,0.072485507,0.006201325,0.121269294
liberty_high_equity_tracker_c,17,0.072270115,0.007539283,0.119345665
liberty_high_equity_tracker_c,18,0.072257785,0.009584058,0.117794278
liberty_high_equity_tracker_c,19,0.072266151,0.011216293,0.115537141
liberty_high_equity_tracker_c,20,0.0722483,0.012474019,0.114160527
liberty_high_equity_tracker_c,21,0.072203405,0.014095993,0.113379918
liberty_high_equity_tracker_c,22,0.072187601,0.014802315,0.1118045
liberty_high_equity_tracker_c,23,0.072160498,0.015677916,0.110642116
liberty_high_equity_tracker_c,24,0.072158573,0.016285819,0.109440856
liberty_high_equity_tracker_c,25,0.072225567,0.017527582,0.108478523
liberty_high_equity_tracker_c,26,0.072175649,0.017803922,0.10759406
liberty_high_equity_tracker_c,27,0.072212063,0.018852304,0.106928795
liberty_high_equity_tracker_c,28,0.072247395,0.019641732,0.105926215
liberty_high_equity_tracker_c,29,0.072238297,0.020418324,0.10552492
liberty_high_equity_tracker_c,30,0.072302157,0.021134732,0.104855117
liberty_high_equity_tracker_c,31,0.072208398,0.021975745,0.103653199
liberty_high_equity_tracker_c,32,0.072177147,0.022430356,0.10303124
liberty_high_equity_tracker_c,33,0.072177261,0.02300529,0.1021796
liberty_high_equity_tracker_c,34,0.0721689,0.023537796,0.1017269
liberty_high_equity_tracker_c,35,0.072143833,0.024048778,0.10111294
liberty_high_equity_tracker_c,36,0.072216419,0.024684092,0.100613002
liberty_high_equity_tracker_c,37,0.072190468,0.025157971,0.099662321
liberty_high_equity_tracker_c,38,0.072174936,0.025597749,0.099327859
liberty_high_equity_tracker_c,39,0.072190534,0.025954074,0.098602141
liberty_high_equity_tracker_c,40,0.072199823,0.026354402,0.098313928
liberty_high_equity_tracker_c,41,0.072224437,0.026961474,0.097915845
liberty_high_equity_tracker_c,42,0.072261081,0.027347613,0.097734873
liberty_high_equity_tracker_c,43,0.072292297,0.027866336,0.097440134
liberty_high_equity_tracker_c,44,0.072249698,0.028291112,0.097317464
liberty_high_equity_tracker_c,45,0.072222581,0.028538749,0.096787544
liberty_high_equity_tracker_c,46,0.072200141,0.028802748,0.096186812
liberty_high_equity_tracker_c,47,0.072212909,0.029186515,0.095810322
liberty_high_equity_tracker_c,48,0.072225747,0.029548231,0.095697845
liberty_high_equity_tracker_c,49,0.072256112,0.029556673,0.095322813
liberty_high_equity_tracker_c,50,0.072280087,0.030059109,0.095109668
liberty_high_equity_tracker_c,51,0.072294859,0.03038994,0.094791391
liberty_high_equity_tracker_c,52,0.0723041,0.030833891,0.094490151
liberty_high_equity_tracker_c,53,0.072343336,0.030937547,0.094128022
liberty_high_equity_tracker_c,54,0.07228905,0.031265319,0.093882839
liberty_high_equity_tracker_c,55,0.07230981,0.031436715,0.093679306
liberty_high_equity_tracker_c,56,0.072329609,0.031741591,0.093550517
liberty_high_equity_tracker_c,57,0.07233952,0.03187581,0.093327703
liberty_high_equity_tracker_c,58,0.072323959,0.032054575,0.092916533
liberty_high_equity_tracker_c,59,0.072297676,0.032488147,0.092494327
liberty_high_equity_tracker_c,60,0.072329713,0.032648146,0.092211584
liberty_high_equity_tracker_c,61,0.072384895,0.032960085,0.092223181
liberty_high_equity_tracker_c,62,0.072365753,0.033172089,0.091877096
liberty_high_equity_tracker_c,63,0.07237612,0.033423732,0.091533115
liberty_high_equity_tracker_c,64,0.072373856,0.033410401,0.091275023
liberty_high_equity_tracker_c,65,0.072387154,0.033680435,0.091332505
liberty_high_equity_tracker_c,66,0.072403301,0.033887051,0.09102635
liberty_high_equity_tracker_c,67,0.07242645,0.03407419,0.090642278
liberty_high_equity_tracker_c,68,0.072437059,0.03439559,0.090602032
liberty_high_equity_tracker_c,69,0.072429949,0.034597516,0.09037212
liberty_high_equity_tracker_c,70,0.072425372,0.03470488,0.09021697
liberty_high_equity_tracker_c,71,0.072474059,0.034946833,0.089940795
liberty_high_equity_tracker_c,72,0.07253286,0.035162943,0.089815394
liberty_high_equity_tracker_c,73,0.072497515,0.035315554,0.089616929
liberty_high_equity_tracker_c,74,0.072466635,0.035513572,0.089425637
liberty_high_equity_tracker_c,75,0.072480889,0.035813001,0.089185251
liberty_high_equity_tracker_c,76,0.072436271,0.036045211,0.088963976
liberty_high_equity_tracker_c,77,0.072374297,0.036272949,0.088708063
liberty_high_equity_tracker_c,78,0.072339188,0.036447009,0.088474716
liberty_high_equity_tracker_c,79,0.07233181,0.036492011,0.088351898
liberty_high_equity_tracker_c,80,0.072322105,0.036619619,0.088339973
liberty_high_equity_tracker_c,81,0.072329073,0.036755905,0.088031695
liberty_high_equity_tracker_c,82,0.072393284,0.03701942,0.088020212
liberty_high_equity_tracker_c,83,0.072403149,0.036980747,0.087885418
liberty_high_equity_tracker_c,84,0.072403612,0.037134856,0.087808705
liberty_high_equity_tracker_c,85,0.072388512,0.037324235,0.087619085
liberty_high_equity_tracker_c,86,0.072414689,0.037416441,0.087508615
liberty_high_equity_tracker_c,87,0.072435664,0.037678072,0.087522486
liberty_high_equity_tracker_c,88,0.072441836,0.037837768,0.087342143
liberty_high_equity_tracker_c,89,0.072446268,0.037975061,0.087100143
liberty_high_equity_tracker_c,90,0.072482661,0.038040783,0.087121607
liberty_high_equity_tracker_c,91,0.072502951,0.038239403,0.087004531
liberty_high_equity_tracker_c,92,0.072491409,0.038362578,0.086751336
liberty_high_equity_tracker_c,93,0.072504864,0.038485611,0.086544564
liberty_high_equity_tracker_c,94,0.072471877,0.038616257,0.086446397
liberty_high_equity_tracker_c,95,0.072474673,0.038873068,0.086178801
liberty_high_equity_tracker_c,96,0.072481873,0.038930884,0.086052048
liberty_high_equity_tracker_c,97,0.072481814,0.038988406,0.085872979
liberty_high_equity_tracker_c,98,0.072510992,0.039175948,0.085871616
liberty_high_equity_tracker_c,99,0.072514231,0.03936707,0.085712304
liberty_high_equity_tracker_c,100,0.072512512,0.039377874,0.085618895
liberty_low_equity_tracker,1,0.054741819,-0.005376503,0.115299932
liberty_low_equity_tracker,2,0.054618277,0.011046498,0.096726863
liberty_low_equity_tracker,3,0.054595722,0.018634886,0.088425451
liberty_low_equity_tracker,4,0.054475466,0.022752108,0.083402053
liberty_low_equity_tracker,5,0.05445509,0.026017428,0.079961935
liberty_low_equity_tracker,6,0.054466159,0.028202228,0.077612774
liberty_low_equity_tracker,7,0.054460129,0.030126588,0.075598647
liberty_low_equity_tracker,8,0.054498164,0.031594811,0.074065822
liberty_low_equity_tracker,9,0.054501134,0.032696736,0.072971077
liberty_low_equity_tracker,10,0.05450271,0.033821462,0.071846423
liberty_low_equity_tracker,11,0.054509629,0.03473366,0.070995198
liberty_low_equity_tracker,12,0.054502049,0.035448851,0.07018377
liberty_low_equity_tracker,13,0.05451719,0.036160764,0.069581262
liberty_low_equity_tracker,14,0.054531603,0.036759411,0.068917422
liberty_low_equity_tracker,15,0.054505245,0.03728302,0.068378475
liberty_low_equity_tracker,16,0.054505043,0.037819156,0.067929376
liberty_low_equity_tracker,17,0.054473965,0.038066665,0.067397652
liberty_low_equity_tracker,18,0.054468157,0.03856402,0.066913042
liberty_low_equity_tracker,19,0.054486944,0.038908194,0.066496662
liberty_low_equity_tracker,20,0.054484098,0.039342779,0.066123283
liberty_low_equity_tracker,21,0.054488533,0.039717001,0.065863344
liberty_low_equity_tracker,22,0.054478951,0.039991079,0.065556729
liberty_low_equity_tracker,23,0.05447307,0.040304786,0.065123127
liberty_low_equity_tracker,24,0.05446466,0.040471763,0.064916073
liberty_low_equity_tracker,25,0.054481217,0.040816655,0.064730092
liberty_low_equity_tracker,26,0.054461009,0.040901192,0.064416914
liberty_low_equity_tracker,27,0.054471758,0.041187434,0.064263701
liberty_low_equity_tracker,28,0.0544788,0.041368422,0.064052931
liberty_low_equity_tracker,29,0.054490948,0.041546262,0.063921708
liberty_low_equity_tracker,30,0.054489125,0.041738942,0.063708682
liberty_low_equity_tracker,31,0.054485726,0.041930714,0.063464511
liberty_low_equity_tracker,32,0.054486082,0.042017529,0.063333066
liberty_low_equity_tracker,33,0.054483738,0.042186196,0.063127765
liberty_low_equity_tracker,34,0.054486792,0.042308197,0.063048297
liberty_low_equity_tracker,35,0.054490147,0.042425489,0.062827097
liberty_low_equity_tracker,36,0.054506568,0.042593093,0.0627028
liberty_low_equity_tracker,37,0.054504309,0.042714254,0.062456464
liberty_low_equity_tracker,38,0.0545082,0.042812949,0.062314781
liberty_low_equity_tracker,39,0.054515301,0.04301178,0.062140833
liberty_low_equity_tracker,40,0.054521305,0.043087937,0.062043363
liberty_low_equity_tracker,41,0.05452269,0.043247361,0.06197415
liberty_low_equity_tracker,42,0.054526076,0.043300917,0.061890452
liberty_low_equity_tracker,43,0.054534575,0.043457554,0.061783469
liberty_low_equity_tracker,44,0.054532172,0.043536213,0.061718753
liberty_low_equity_tracker,45,0.054527831,0.043635359,0.061601068
liberty_low_equity_tracker,46,0.054533954,0.043701483,0.061491543
liberty_low_equity_tracker,47,0.05453273,0.043801259,0.061414394
liberty_low_equity_tracker,48,0.05453752,0.043877165,0.061382081
liberty_low_equity_tracker,49,0.054536594,0.043933504,0.061235418
liberty_low_equity_tracker,50,0.05454627,0.043974293,0.061215459
liberty_low_equity_tracker,51,0.054545113,0.044052358,0.061133559
liberty_low_equity_tracker,52,0.054547337,0.044198615,0.061014234
liberty_low_equity_tracker,53,0.054549358,0.044260578,0.060949737
liberty_low_equity_tracker,54,0.054541079,0.04431211,0.060885058
liberty_low_equity_tracker,55,0.054542319,0.04440648,0.06079398
liberty_low_equity_tracker,56,0.054538167,0.044513843,0.060764373
liberty_low_equity_tracker,57,0.054541474,0.044566794,0.06066351
liberty_low_equity_tracker,58,0.054543064,0.044620202,0.060602851
liberty_low_equity_tracker,59,0.054533361,0.044691716,0.060516716
liberty_low_equity_tracker,60,0.054537616,0.044744461,0.060391986
liberty_low_equity_tracker,61,0.054542074,0.044827046,0.060357698
liberty_low_equity_tracker,62,0.05454415,0.044898601,0.060279369
liberty_low_equity_tracker,63,0.054544108,0.04492059,0.060238301
liberty_low_equity_tracker,64,0.05454638,0.044941271,0.060178338
liberty_low_equity_tracker,65,0.054546134,0.04497722,0.060127306
liberty_low_equity_tracker,66,0.054548912,0.045042492,0.060079857
liberty_low_equity_tracker,67,0.05454849,0.045124025,0.059998865
liberty_low_equity_tracker,68,0.054543605,0.045199016,0.059941713
liberty_low_equity_tracker,69,0.054542936,0.045273454,0.059900918
liberty_low_equity_tracker,70,0.054546785,0.045293668,0.059852404
liberty_low_equity_tracker,71,0.054555956,0.045399017,0.059802175
liberty_low_equity_tracker,72,0.054561936,0.045432715,0.059762784
liberty_low_equity_tracker,73,0.054554856,0.045456989,0.059720679
liberty_low_equity_tracker,74,0.054550101,0.045498543,0.059659003
liberty_low_equity_tracker,75,0.054544875,0.045554006,0.059583438
liberty_low_equity_tracker,76,0.05454174,0.045630311,0.059547437
liberty_low_equity_tracker,77,0.054538288,0.045673558,0.059511585
liberty_low_equity_tracker,78,0.05453368,0.045699537,0.05946288
liberty_low_equity_tracker,79,0.054529525,0.045724454,0.059399752
liberty_low_equity_tracker,80,0.054528684,0.045790642,0.059378367
liberty_low_equity_tracker,81,0.054532172,0.04580164,0.059324323
liberty_low_equity_tracker,82,0.054541583,0.045841621,0.059271443
liberty_low_equity_tracker,83,0.054540945,0.045889967,0.059244406
liberty_low_equity_tracker,84,0.054540147,0.045901734,0.059216355
liberty_low_equity_tracker,85,0.054534718,0.045982097,0.059158187
liberty_low_equity_tracker,86,0.054539855,0.046015325,0.059123158
liberty_low_equity_tracker,87,0.054546776,0.046095953,0.059166482
liberty_low_equity_tracker,88,0.054552491,0.046139573,0.05911757
liberty_low_equity_tracker,89,0.054554609,0.046186923,0.059062538
liberty_low_equity_tracker,90,0.054559621,0.046216957,0.059042002
liberty_low_equity_tracker,91,0.054562039,0.046253702,0.058996187
liberty_low_equity_tracker,92,0.054559539,0.046267854,0.058939878
liberty_low_equity_tracker,93,0.054557296,0.046282926,0.05889784
liberty_low_equity_tracker,94,0.054554234,0.046304158,0.058867692
liberty_low_equity_tracker,95,0.054555724,0.046339064,0.058816683
liberty_low_equity_tracker,96,0.054558027,0.046365288,0.0587916
liberty_low_equity_tracker,97,0.054558333,0.046385845,0.058752415
liberty_low_equity_tracker,98,0.054562301,0.04640928,0.058724404
liberty_low_equity_tracker,99,0.054568114,0.04646798,0.058711238
liberty_low_equity_tracker,100,0.054567371,0.046495369,0.058678427
liberty_low_equity_tracker_c,1,0.054741819,-0.005376503,0.115299932
liberty_low_equity_tracker_c,2,0.054618277,0.011046498,0.096726863
liberty_low_equity_tracker_c,3,0.054595722,0.018634886,0.088425451
liberty_low_equity_tracker_c,4,0.054475466,0.022752108,0.083402053
liberty_low_equity_tracker_c,5,0.05445509,0.026017428,0.079961935
liberty_low_equity_tracker_c,6,0.054466159,0.028202228,0.077612774
liberty_low_equity_tracker_c,7,0.054460129,0.030126588,0.075598647
liberty_low_equity_tracker_c,8,0.054498164,0.031594811,0.074065822
liberty_low_equity_tracker_c,9,0.054501134,0.032696736,0.072971077
liberty_low_equity_tracker_c,10,0.05450271,0.033821462,0.071846423
liberty_low_equity_tracker_c,11,0.054509629,0.03473366,0.070995198
liberty_low_equity_tracker_c,12,0.054502049,0.035448851,0.07018377
liberty_low_equity_tracker_c,13,0.05451719,0.036160764,0.069581262
liberty_low_equity_tracker_c,14,0.054531603,0.036759411,0.068917422
liberty_low_equity_tracker_c,15,0.054505245,0.03728302,0.068378475
liberty_low_equity_tracker_c,16,0.054505043,0.037819156,0.067929376
liberty_low_equity_tracker_c,17,0.054473965,0.038066665,0.067397652
liberty_low_equity_tracker_c,18,0.054468157,0.03856402,0.066913042
liberty_low_equity_tracker_c,19,0.054486944,0.038908194,0.066496662
liberty_low_equity_tracker_c,20,0.054484098,0.039342779,0.066123283
liberty_low_equity_tracker_c,21,0.054488533,0.039717001,0.065863344
liberty_low_equity_tracker_c,22,0.054478951,0.039991079,0.065556729
liberty_low_equity_tracker_c,23,0.05447307,0.040304786,0.065123127
liberty_low_equity_tracker_c,24,0.05446466,0.040471763,0.064916073
liberty_low_equity_tracker_c,25,0.054481217,0.040816655,0.064730092
liberty_low_equity_tracker_c,26,0.054461009,0.040901192,0.064416914
liberty_low_equity_tracker_c,27,0.054471758,0.041187434,0.064263701
liberty_low_equity_tracker_c,28,0.0544788,0.041368422,0.064052931
liberty_low_equity_tracker_c,29,0.054490948,0.041546262,0.063921708
liberty_low_equity_tracker_c,30,0.054489125,0.041738942,0.063708682
liberty_low_equity_tracker_c,31,0.054485726,0.041930714,0.063464511
liberty_low_equity_tracker_c,32,0.054486082,0.042017529,0.063333066
liberty_low_equity_tracker_c,33,0.054483738,0.042186196,0.063127765
liberty_low_equity_tracker_c,34,0.054486792,0.042308197,0.063048297
liberty_low_equity_tracker_c,35,0.054490147,0.042425489,0.062827097
liberty_low_equity_tracker_c,36,0.054506568,0.042593093,0.0627028
liberty_low_equity_tracker_c,37,0.054504309,0.042714254,0.062456464
liberty_low_equity_tracker_c,38,0.0545082,0.042812949,0.062314781
liberty_low_equity_tracker_c,39,0.054515301,0.04301178,0.062140833
liberty_low_equity_tracker_c,40,0.054521305,0.043087937,0.062043363
liberty_low_equity_tracker_c,41,0.05452269,0.043247361,0.06197415
liberty_low_equity_tracker_c,42,0.054526076,0.043300917,0.061890452
liberty_low_equity_tracker_c,43,0.054534575,0.043457554,0.061783469
liberty_low_equity_tracker_c,44,0.054532172,0.043536213,0.061718753
liberty_low_equity_tracker_c,45,0.054527831,0.043635359,0.061601068
liberty_low_equity_tracker_c,46,0.054533954,0.043701483,0.061491543
liberty_low_equity_tracker_c,47,0.05453273,0.043801259,0.061414394
liberty_low_equity_tracker_c,48,0.05453752,0.043877165,0.061382081
liberty_low_equity_tracker_c,49,0.054536594,0.043933504,0.061235418
liberty_low_equity_tracker_c,50,0.05454627,0.043974293,0.061215459
liberty_low_equity_tracker_c,51,0.054545113,0.044052358,0.061133559
liberty_low_equity_tracker_c,52,0.054547337,0.044198615,0.061014234
liberty_low_equity_tracker_c,53,0.054549358,0.044260578,0.060949737
liberty_low_equity_tracker_c,54,0.054541079,0.04431211,0.060885058
liberty_low_equity_tracker_c,55,0.054542319,0.04440648,0.06079398
liberty_low_equity_tracker_c,56,0.054538167,0.044513843,0.060764373
liberty_low_equity_tracker_c,57,0.054541474,0.044566794,0.06066351
liberty_low_equity_tracker_c,58,0.054543064,0.044620202,0.060602851
liberty_low_equity_tracker_c,59,0.054533361,0.044691716,0.060516716
liberty_low_equity_tracker_c,60,0.054537616,0.044744461,0.060391986
liberty_low_equity_tracker_c,61,0.054542074,0.044827046,0.060357698
liberty_low_equity_tracker_c,62,0.05454415,0.044898601,0.060279369
liberty_low_equity_tracker_c,63,0.054544108,0.04492059,0.060238301
liberty_low_equity_tracker_c,64,0.05454638,0.044941271,0.060178338
liberty_low_equity_tracker_c,65,0.054546134,0.04497722,0.060127306
liberty_low_equity_tracker_c,66,0.054548912,0.045042492,0.060079857
liberty_low_equity_tracker_c,67,0.05454849,0.045124025,0.059998865
liberty_low_equity_tracker_c,68,0.054543605,0.045199016,0.059941713
liberty_low_equity_tracker_c,69,0.054542936,0.045273454,0.059900918
liberty_low_equity_tracker_c,70,0.054546785,0.045293668,0.059852404
liberty_low_equity_tracker_c,71,0.054555956,0.045399017,0.059802175
liberty_low_equity_tracker_c,72,0.054561936,0.045432715,0.059762784
liberty_low_equity_tracker_c,73,0.054554856,0.045456989,0.059720679
liberty_low_equity_tracker_c,74,0.054550101,0.045498543,0.059659003
liberty_low_equity_tracker_c,75,0.054544875,0.045554006,0.059583438
liberty_low_equity_tracker_c,76,0.05454174,0.045630311,0.059547437
liberty_low_equity_tracker_c,77,0.054538288,0.045673558,0.059511585
liberty_low_equity_tracker_c,78,0.05453368,0.045699537,0.05946288
liberty_low_equity_tracker_c,79,0.054529525,0.045724454,0.059399752
liberty_low_equity_tracker_c,80,0.054528684,0.045790642,0.059378367
liberty_low_equity_tracker_c,81,0.054532172,0.04580164,0.059324323
liberty_low_equity_tracker_c,82,0.054541583,0.045841621,0.059271443
liberty_low_equity_tracker_c,83,0.054540945,0.045889967,0.059244406
liberty_low_equity_tracker_c,84,0.054540147,0.045901734,0.059216355
liberty_low_equity_tracker_c,85,0.054534718,0.045982097,0.059158187
liberty_low_equity_tracker_c,86,0.054539855,0.046015325,0.059123158
liberty_low_equity_tracker_c,87,0.054546776,0.046095953,0.059166482
liberty_low_equity_tracker_c,88,0.054552491,0.046139573,0.05911757
liberty_low_equity_tracker_c,89,0.054554609,0.046186923,0.059062538
liberty_low_equity_tracker_c,90,0.054559621,0.046216957,0.059042002
liberty_low_equity_tracker_c,91,0.054562039,0.046253702,0.058996187
liberty_low_equity_tracker_c,92,0.054559539,0.046267854,0.058939878
liberty_low_equity_tracker_c,93,0.054557296,0.046282926,0.05889784
liberty_low_equity_tracker_c,94,0.054554234,0.046304158,0.058867692
liberty_low_equity_tracker_c,95,0.054555724,0.046339064,0.058816683
liberty_low_equity_tracker_c,96,0.054558027,0.046365288,0.0587916
liberty_low_equity_tracker_c,97,0.054558333,0.046385845,0.058752415
liberty_low_equity_tracker_c,98,0.054562301,0.04640928,0.058724404
liberty_low_equity_tracker_c,99,0.054568114,0.04646798,0.058711238
liberty_low_equity_tracker_c,100,0.054567371,0.046495369,0.058678427
liberty_lower_capped_tracker,1,0.066812601,-0.194799678,0.327799467
liberty_lower_capped_tracker,2,0.064765037,-0.128925426,0.247652409
liberty_lower_capped_tracker,3,0.06446576,-0.096349229,0.209183706
liberty_lower_capped_tracker,4,0.063475277,-0.077259838,0.186069735
liberty_lower_capped_tracker,5,0.063570796,-0.062206794,0.172190894
liberty_lower_capped_tracker,6,0.063859384,-0.053314074,0.162053677
liberty_lower_capped_tracker,7,0.06369741,-0.044548868,0.154972024
liberty_lower_capped_tracker,8,0.064141462,-0.037544262,0.148031017
liberty_lower_capped_tracker,9,0.064340549,-0.034485455,0.142803677
liberty_lower_capped_tracker,10,0.064588719,-0.029185862,0.139110765
liberty_lower_capped_tracker,11,0.064620569,-0.025912405,0.134164578
liberty_lower_capped_tracker,12,0.064674388,-0.022477215,0.130530049
liberty_lower_capped_tracker,13,0.064699806,-0.020328531,0.127805273
liberty_lower_capped_tracker,14,0.064653672,-0.017693222,0.125170329
liberty_lower_capped_tracker,15,0.064823689,-0.014886504,0.122523233
liberty_lower_capped_tracker,16,0.064817304,-0.013314125,0.120908144
liberty_lower_capped_tracker,17,0.064454655,-0.01119977,0.118820277
liberty_lower_capped_tracker,18,0.064523775,-0.008802112,0.117050181
liberty_lower_capped_tracker,19,0.064503409,-0.006819276,0.114043476
liberty_lower_capped_tracker,20,0.064503581,-0.005342138,0.112178837
liberty_lower_capped_tracker,21,0.06437482,-0.003097506,0.11140788
liberty_lower_capped_tracker,22,0.064264617,-0.002691956,0.109348188
liberty_lower_capped_tracker,23,0.064223237,-0.00169061,0.108389712
liberty_lower_capped_tracker,24,0.064189447,-0.001016925,0.106359444
liberty_lower_capped_tracker,25,0.064285593,0.000159022,0.105157509
liberty_lower_capped_tracker,26,0.064233651,0.000330528,0.10404605
liberty_lower_capped_tracker,27,0.064283962,0.00152144,0.103437257
liberty_lower_capped_tracker,28,0.064374053,0.002630383,0.102606608
liberty_lower_capped_tracker,29,0.064328808,0.003624153,0.102490492
liberty_lower_capped_tracker,30,0.064404918,0.004310775,0.101412663
liberty_lower_capped_tracker,31,0.064227685,0.005354453,0.099870747
liberty_lower_capped_tracker,32,0.064183226,0.005747746,0.099298691
liberty_lower_capped_tracker,33,0.064179642,0.006352866,0.098129559
liberty_lower_capped_tracker,34,0.064164969,0.00695334,0.097322732
liberty_lower_capped_tracker,35,0.064100893,0.007418928,0.096887549
liberty_lower_capped_tracker,36,0.064180772,0.00811642,0.096125924
liberty_lower_capped_tracker,37,0.064104094,0.00877696,0.094748131
liberty_lower_capped_tracker,38,0.064109736,0.009149556,0.094525235
liberty_lower_capped_tracker,39,0.06417844,0.009464786,0.093606212
liberty_lower_capped_tracker,40,0.064199834,0.010224906,0.093384665
liberty_lower_capped_tracker,41,0.064240796,0.010775271,0.0928549
liberty_lower_capped_tracker,42,0.064350047,0.011319582,0.092838221
liberty_lower_capped_tracker,43,0.064358374,0.012114903,0.092693961
liberty_lower_capped_tracker,44,0.064292878,0.012516806,0.092516085
liberty_lower_capped_tracker,45,0.064267373,0.012850606,0.091641764
liberty_lower_capped_tracker,46,0.064210189,0.012989599,0.090590033
liberty_lower_capped_tracker,47,0.064242181,0.01350843,0.090058605
liberty_lower_capped_tracker,48,0.06429111,0.013917662,0.090271951
liberty_lower_capped_tracker,49,0.064344303,0.013818133,0.089697634
liberty_lower_capped_tracker,50,0.064360823,0.014509993,0.089552676
liberty_lower_capped_tracker,51,0.064392723,0.014957879,0.089131098
liberty_lower_capped_tracker,52,0.064399901,0.015395698,0.088911003
liberty_lower_capped_tracker,53,0.064442767,0.015473878,0.088426287
liberty_lower_capped_tracker,54,0.064377684,0.015879356,0.088358906
liberty_lower_capped_tracker,55,0.064416068,0.015882608,0.088091603
liberty_lower_capped_tracker,56,0.064451436,0.01633805,0.08827392
liberty_lower_capped_tracker,57,0.064452913,0.016465895,0.087934182
liberty_lower_capped_tracker,58,0.064420664,0.016685341,0.087366083
liberty_lower_capped_tracker,59,0.06437866,0.017144108,0.087035678
liberty_lower_capped_tracker,60,0.064409509,0.017373782,0.086582243
liberty_lower_capped_tracker,61,0.064521714,0.017887794,0.086635365
liberty_lower_capped_tracker,62,0.064467578,0.017970995,0.086278085
liberty_lower_capped_tracker,63,0.064501961,0.018373834,0.085979739
liberty_lower_capped_tracker,64,0.064510698,0.018152241,0.085702329
liberty_lower_capped_tracker,65,0.064535793,0.018685828,0.08589825
liberty_lower_capped_tracker,66,0.06457005,0.0190899,0.085598612
liberty_lower_capped_tracker,67,0.064599935,0.019069868,0.085105265
liberty_lower_capped_tracker,68,0.064640752,0.019645001,0.085056877
liberty_lower_capped_tracker,69,0.064638911,0.019881713,0.084747211
liberty_lower_capped_tracker,70,0.064622662,0.019874655,0.084433977
liberty_lower_capped_tracker,71,0.064708986,0.020131092,0.084198417
liberty_lower_capped_tracker,72,0.064787399,0.020293127,0.083967209
liberty_lower_capped_tracker,73,0.064768288,0.020347296,0.083644465
liberty_lower_capped_tracker,74,0.064724289,0.020621099,0.083518751
liberty_lower_capped_tracker,75,0.064794825,0.021141473,0.083297441
liberty_lower_capped_tracker,76,0.064697395,0.021283351,0.083053339
liberty_lower_capped_tracker,77,0.064579236,0.02172795,0.082698043
liberty_lower_capped_tracker,78,0.064570794,0.021878928,0.082472151
liberty_lower_capped_tracker,79,0.064595999,0.022107873,0.082304375
liberty_lower_capped_tracker,80,0.06458264,0.022351203,0.082235458
liberty_lower_capped_tracker,81,0.064590188,0.022476646,0.081845578
liberty_lower_capped_tracker,82,0.064677849,0.022663418,0.081768121
liberty_lower_capped_tracker,83,0.064720059,0.022569075,0.081695326
liberty_lower_capped_tracker,84,0.064699268,0.022799596,0.081627489
liberty_lower_capped_tracker,85,0.064677002,0.022965174,0.081433903
liberty_lower_capped_tracker,86,0.064725208,0.023083695,0.081362866
liberty_lower_capped_tracker,87,0.064749183,0.023183471,0.081320056
liberty_lower_capped_tracker,88,0.06468331,0.023518896,0.081025332
liberty_lower_capped_tracker,89,0.064693718,0.023628726,0.080839274
liberty_lower_capped_tracker,90,0.064728381,0.023636021,0.080966593
liberty_lower_capped_tracker,91,0.064727961,0.023901632,0.080767537
liberty_lower_capped_tracker,92,0.064708962,0.02418417,0.080444329
liberty_lower_capped_tracker,93,0.064763838,0.024300655,0.080114882
liberty_lower_capped_tracker,94,0.064708933,0.024454937,0.080101808
liberty_lower_capped_tracker,95,0.064717255,0.024904787,0.0797237
liberty_lower_capped_tracker,96,0.06471043,0.025044594,0.07947706
liberty_lower_capped_tracker,97,0.064681534,0.025076212,0.079342512
liberty_lower_capped_tracker,98,0.064735687,0.025251686,0.079384152
liberty_lower_capped_tracker,99,0.06474495,0.025374347,0.079205391
liberty_lower_capped_tracker,100,0.064743358,0.02530628,0.079023479
liberty_lower_capped_tracker_c,1,0.066812601,-0.194799678,0.327799467
liberty_lower_capped_tracker_c,2,0.064765037,-0.128925426,0.247652409
liberty_lower_capped_tracker_c,3,0.06446576,-0.096349229,0.209183706
liberty_lower_capped_tracker_c,4,0.063475277,-0.077259838,0.186069735
liberty_lower_capped_tracker_c,5,0.063570796,-0.062206794,0.172190894
liberty_lower_capped_tracker_c,6,0.063859384,-0.053314074,0.162053677
liberty_lower_capped_tracker_c,7,0.06369741,-0.044548868,0.154972024
liberty_lower_capped_tracker_c,8,0.064141462,-0.037544262,0.148031017
liberty_lower_capped_tracker_c,9,0.064340549,-0.034485455,0.142803677
liberty_lower_capped_tracker_c,10,0.064588719,-0.029185862,0.139110765
liberty_lower_capped_tracker_c,11,0.064620569,-0.025912405,0.134164578
liberty_lower_capped_tracker_c,12,0.064674388,-0.022477215,0.130530049
liberty_lower_capped_tracker_c,13,0.064699806,-0.020328531,0.127805273
liberty_lower_capped_tracker_c,14,0.064653672,-0.017693222,0.125170329
liberty_lower_capped_tracker_c,15,0.064823689,-0.014886504,0.122523233
liberty_lower_capped_tracker_c,16,0.064817304,-0.013314125,0.120908144
liberty_lower_capped_tracker_c,17,0.064454655,-0.01119977,0.118820277
liberty_lower_capped_tracker_c,18,0.064523775,-0.008802112,0.117050181
liberty_lower_capped_tracker_c,19,0.064503409,-0.006819276,0.114043476
liberty_lower_capped_tracker_c,20,0.064503581,-0.005342138,0.112178837
liberty_lower_capped_tracker_c,21,0.06437482,-0.003097506,0.11140788
liberty_lower_capped_tracker_c,22,0.064264617,-0.002691956,0.109348188
liberty_lower_capped_tracker_c,23,0.064223237,-0.00169061,0.108389712
liberty_lower_capped_tracker_c,24,0.064189447,-0.001016925,0.106359444
liberty_lower_capped_tracker_c,25,0.064285593,0.000159022,0.105157509
liberty_lower_capped_tracker_c,26,0.064233651,0.000330528,0.10404605
liberty_lower_capped_tracker_c,27,0.064283962,0.00152144,0.103437257
liberty_lower_capped_tracker_c,28,0.064374053,0.002630383,0.102606608
liberty_lower_capped_tracker_c,29,0.064328808,0.003624153,0.102490492
liberty_lower_capped_tracker_c,30,0.064404918,0.004310775,0.101412663
liberty_lower_capped_tracker_c,31,0.064227685,0.005354453,0.099870747
liberty_lower_capped_tracker_c,32,0.064183226,0.005747746,0.099298691
liberty_lower_capped_tracker_c,33,0.064179642,0.006352866,0.098129559
liberty_lower_capped_tracker_c,34,0.064164969,0.00695334,0.097322732
liberty_lower_capped_tracker_c,35,0.064100893,0.007418928,0.096887549
liberty_lower_capped_tracker_c,36,0.064180772,0.00811642,0.096125924
liberty_lower_capped_tracker_c,37,0.064104094,0.00877696,0.094748131
liberty_lower_capped_tracker_c,38,0.064109736,0.009149556,0.094525235
liberty_lower_capped_tracker_c,39,0.06417844,0.009464786,0.093606212
liberty_lower_capped_tracker_c,40,0.064199834,0.010224906,0.093384665
liberty_lower_capped_tracker_c,41,0.064240796,0.010775271,0.0928549
liberty_lower_capped_tracker_c,42,0.064350047,0.011319582,0.092838221
liberty_lower_capped_tracker_c,43,0.064358374,0.012114903,0.092693961
liberty_lower_capped_tracker_c,44,0.064292878,0.012516806,0.092516085
liberty_lower_capped_tracker_c,45,0.064267373,0.012850606,0.091641764
liberty_lower_capped_tracker_c,46,0.064210189,0.012989599,0.090590033
liberty_lower_capped_tracker_c,47,0.064242181,0.01350843,0.090058605
liberty_lower_capped_tracker_c,48,0.06429111,0.013917662,0.090271951
liberty_lower_capped_tracker_c,49,0.064344303,0.013818133,0.089697634
liberty_lower_capped_tracker_c,50,0.064360823,0.014509993,0.089552676
liberty_lower_capped_tracker_c,51,0.064392723,0.014957879,0.089131098
liberty_lower_capped_tracker_c,52,0.064399901,0.015395698,0.088911003
liberty_lower_capped_tracker_c,53,0.064442767,0.015473878,0.088426287
liberty_lower_capped_tracker_c,54,0.064377684,0.015879356,0.088358906
liberty_lower_capped_tracker_c,55,0.064416068,0.015882608,0.088091603
liberty_lower_capped_tracker_c,56,0.064451436,0.01633805,0.08827392
liberty_lower_capped_tracker_c,57,0.064452913,0.016465895,0.087934182
liberty_lower_capped_tracker_c,58,0.064420664,0.016685341,0.087366083
liberty_lower_capped_tracker_c,59,0.06437866,0.017144108,0.087035678
liberty_lower_capped_tracker_c,60,0.064409509,0.017373782,0.086582243
liberty_lower_capped_tracker_c,61,0.064521714,0.017887794,0.086635365
liberty_lower_capped_tracker_c,62,0.064467578,0.017970995,0.086278085
liberty_lower_capped_tracker_c,63,0.064501961,0.018373834,0.085979739
liberty_lower_capped_tracker_c,64,0.064510698,0.018152241,0.085702329
liberty_lower_capped_tracker_c,65,0.064535793,0.018685828,0.08589825
liberty_lower_capped_tracker_c,66,0.06457005,0.0190899,0.085598612
liberty_lower_capped_tracker_c,67,0.064599935,0.019069868,0.085105265
liberty_lower_capped_tracker_c,68,0.064640752,0.019645001,0.085056877
liberty_lower_capped_tracker_c,69,0.064638911,0.019881713,0.084747211
liberty_lower_capped_tracker_c,70,0.064622662,0.019874655,0.084433977
liberty_lower_capped_tracker_c,71,0.064708986,0.020131092,0.084198417
liberty_lower_capped_tracker_c,72,0.064787399,0.020293127,0.083967209
liberty_lower_capped_tracker_c,73,0.064768288,0.020347296,0.083644465
liberty_lower_capped_tracker_c,74,0.064724289,0.020621099,0.083518751
liberty_lower_capped_tracker_c,75,0.064794825,0.021141473,0.083297441
liberty_lower_capped_tracker_c,76,0.064697395,0.021283351,0.083053339
liberty_lower_capped_tracker_c,77,0.064579236,0.02172795,0.082698043
liberty_lower_capped_tracker_c,78,0.064570794,0.021878928,0.082472151
liberty_lower_capped_tracker_c,79,0.064595999,0.022107873,0.082304375
liberty_lower_capped_tracker_c,80,0.06458264,0.022351203,0.082235458
liberty_lower_capped_tracker_c,81,0.064590188,0.022476646,0.081845578
liberty_lower_capped_tracker_c,82,0.064677849,0.022663418,0.081768121
liberty_lower_capped_tracker_c,83,0.064720059,0.022569075,0.081695326
liberty_lower_capped_tracker_c,84,0.064699268,0.022799596,0.081627489
liberty_lower_capped_tracker_c,85,0.064677002,0.022965174,0.081433903
liberty_lower_capped_tracker_c,86,0.064725208,0.023083695,0.081362866
liberty_lower_capped_tracker_c,87,0.064749183,0.023183471,0.081320056
liberty_lower_capped_tracker_c,88,0.06468331,0.023518896,0.081025332
liberty_lower_capped_tracker_c,89,0.064693718,0.023628726,0.080839274
liberty_lower_capped_tracker_c,90,0.064728381,0.023636021,0.080966593
liberty_lower_capped_tracker_c,91,0.064727961,0.023901632,0.080767537
liberty_lower_capped_tracker_c,92,0.064708962,0.02418417,0.080444329
liberty_lower_capped_tracker_c,93,0.064763838,0.024300655,0.080114882
liberty_lower_capped_tracker_c,94,0.064708933,0.024454937,0.080101808
liberty_lower_capped_tracker_c,95,0.064717255,0.024904787,0.0797237
liberty_lower_capped_tracker_c,96,0.06471043,0.025044594,0.07947706
liberty_lower_capped_tracker_c,97,0.064681534,0.025076212,0.079342512
liberty_lower_capped_tracker_c,98,0.064735687,0.025251686,0.079384152
liberty_lower_capped_tracker_c,99,0.06474495,0.025374347,0.079205391
liberty_lower_capped_tracker_c,100,0.064743358,0.02530628,0.079023479
liberty_medium_equity_tracker,1,0.070516652,-0.12496091,0.265952811
liberty_medium_equity_tracker,2,0.070249147,-0.072199144,0.205760654
liberty_medium_equity_tracker,3,0.070177549,-0.04818682,0.178197076
liberty_medium_equity_tracker,4,0.069674077,-0.033966653,0.161574277
liberty_medium_equity_tracker,5,0.069532981,-0.023667135,0.151029017
liberty_medium_equity_tracker,6,0.069510266,-0.016417909,0.143012457
liberty_medium_equity_tracker,7,0.069481853,-0.010489688,0.137187809
liberty_medium_equity_tracker,8,0.069612525,-0.005307835,0.131889505
liberty_medium_equity_tracker,9,0.069743366,-0.001920782,0.128192312
liberty_medium_equity_tracker,10,0.069814257,0.001756152,0.124877754
liberty_medium_equity_tracker,11,0.069878158,0.004611983,0.121801251
liberty_medium_equity_tracker,12,0.069910943,0.006910469,0.119286578
liberty_medium_equity_tracker,13,0.069934329,0.00887467,0.117190665
liberty_medium_equity_tracker,14,0.069990498,0.010738558,0.115330891
liberty_medium_equity_tracker,15,0.069971882,0.012487601,0.11339139
liberty_medium_equity_tracker,16,0.069988544,0.013917094,0.111934207
liberty_medium_equity_tracker,17,0.069830862,0.014927735,0.110256821
liberty_medium_equity_tracker,18,0.069808142,0.01665092,0.108888315
liberty_medium_equity_tracker,19,0.069827925,0.017988904,0.107099682
liberty_medium_equity_tracker,20,0.069812036,0.0191205,0.105946587
liberty_medium_equity_tracker,21,0.069793051,0.020435787,0.105240013
liberty_medium_equity_tracker,22,0.069789708,0.021130846,0.103982635
liberty_medium_equity_tracker,23,0.069768842,0.02192908,0.102874116
liberty_medium_equity_tracker,24,0.069766466,0.022446866,0.101978964
liberty_medium_equity_tracker,25,0.069821074,0.023552033,0.101204423
liberty_medium_equity_tracker,26,0.069773201,0.023812606,0.100416507
liberty_medium_equity_tracker,27,0.069803863,0.024713535,0.09984306
liberty_medium_equity_tracker,28,0.069827401,0.02535017,0.098976842
liberty_medium_equity_tracker,29,0.069831587,0.025990857,0.098576763
liberty_medium_equity_tracker,30,0.069875093,0.026617223,0.098022661
liberty_medium_equity_tracker,31,0.069815739,0.027312762,0.097053547
liberty_medium_equity_tracker,32,0.069795546,0.027694581,0.096525348
liberty_medium_equity_tracker,33,0.069794843,0.028201885,0.095829028
liberty_medium_equity_tracker,34,0.06979096,0.028648379,0.095496026
liberty_medium_equity_tracker,35,0.069779274,0.029087888,0.094903412
liberty_medium_equity_tracker,36,0.069841726,0.029638733,0.094504313
liberty_medium_equity_tracker,37,0.069827355,0.030026973,0.093725656
liberty_medium_equity_tracker,38,0.069815311,0.030413925,0.093392634
liberty_medium_equity_tracker,39,0.069824906,0.030784976,0.0927909
liberty_medium_equity_tracker,40,0.06983346,0.031079294,0.092521413
liberty_medium_equity_tracker,41,0.069849985,0.031614429,0.092207747
liberty_medium_equity_tracker,42,0.069869641,0.031908021,0.09201061
liberty_medium_equity_tracker,43,0.069900266,0.032336547,0.091720582
liberty_medium_equity_tracker,44,0.069870611,0.032688642,0.091601428
liberty_medium_equity_tracker,45,0.069848109,0.032914934,0.091191528
liberty_medium_equity_tracker,46,0.069839538,0.033157944,0.090749165
liberty_medium_equity_tracker,47,0.069845791,0.033476376,0.090452127
liberty_medium_equity_tracker,48,0.069852896,0.033771137,0.090314694
liberty_medium_equity_tracker,49,0.069871679,0.033819186,0.089979882
liberty_medium_equity_tracker,50,0.069895314,0.034183282,0.089806619
liberty_medium_equity_tracker,51,0.06990311,0.034454075,0.089542363
liberty_medium_equity_tracker,52,0.069911259,0.034860316,0.089246369
liberty_medium_equity_tracker,53,0.069940388,0.03497666,0.088962991
liberty_medium_equity_tracker,54,0.069897422,0.035229448,0.088728984
liberty_medium_equity_tracker,55,0.069911205,0.035424239,0.088537412
liberty_medium_equity_tracker,56,0.069922036,0.035688658,0.088394032
liberty_medium_equity_tracker,57,0.069932195,0.03581572,0.088189824
liberty_medium_equity_tracker,58,0.069923641,0.035974728,0.087877088
liberty_medium_equity_tracker,59,0.069900411,0.036322352,0.08751344
liberty_medium_equity_tracker,60,0.069926454,0.036460306,0.087256719
liberty_medium_equity_tracker,61,0.069962473,0.03670998,0.087241562
liberty_medium_equity_tracker,62,0.0699539,0.036919398,0.086946522
liberty_medium_equity_tracker,63,0.069958627,0.037097174,0.086668689
liberty_medium_equity_tracker,64,0.069957177,0.037120504,0.086450426
liberty_medium_equity_tracker,65,0.069965591,0.037306026,0.086448892
liberty_medium_equity_tracker,66,0.069976564,0.037466117,0.086197119
liberty_medium_equity_tracker,67,0.0699925,0.037671577,0.085888453
liberty_medium_equity_tracker,68,0.06999361,0.037917561,0.085828751
liberty_medium_equity_tracker,69,0.069987435,0.038098715,0.085646186
liberty_medium_equity_tracker,70,0.069987768,0.038202216,0.085526611
liberty_medium_equity_tracker,71,0.070023825,0.03843355,0.085291491
liberty_medium_equity_tracker,72,0.070067983,0.038616065,0.085191588
liberty_medium_equity_tracker,73,0.070035604,0.038753013,0.085038898
liberty_medium_equity_tracker,74,0.070011874,0.038910603,0.084860006
liberty_medium_equity_tracker,75,0.070012642,0.039133529,0.084640094
liberty_medium_equity_tracker,76,0.069984487,0.03935582,0.084462547
liberty_medium_equity_tracker,77,0.069944076,0.039520905,0.084267177
liberty_medium_equity_tracker,78,0.069912646,0.039662547,0.08407059
liberty_medium_equity_tracker,79,0.069901155,0.039684526,0.083953282
liberty_medium_equity_tracker,80,0.069894159,0.039801181,0.083940864
liberty_medium_equity_tracker,81,0.06990132,0.039907551,0.083695262
liberty_medium_equity_tracker,82,0.069950862,0.040133097,0.083668248
liberty_medium_equity_tracker,83,0.069953927,0.040135513,0.083547025
liberty_medium_equity_tracker,84,0.069956306,0.040243373,0.083476078
liberty_medium_equity_tracker,85,0.069942636,0.040425433,0.083307147
liberty_medium_equity_tracker,86,0.06996217,0.040508991,0.083204725
liberty_medium_equity_tracker,87,0.069981024,0.040765151,0.083243386
liberty_medium_equity_tracker,88,0.069997351,0.040886665,0.083099663
liberty_medium_equity_tracker,89,0.070001034,0.041015329,0.082883828
liberty_medium_equity_tracker,90,0.070030519,0.041086842,0.082875919
liberty_medium_equity_tracker,91,0.070049527,0.041243654,0.082777903
liberty_medium_equity_tracker,92,0.070040708,0.041322257,0.082568636
liberty_medium_equity_tracker,93,0.070044141,0.041419186,0.082407744
liberty_medium_equity_tracker,94,0.070021119,0.041521992,0.082310785
liberty_medium_equity_tracker,95,0.070023199,0.041704361,0.082099717
liberty_medium_equity_tracker,96,0.070031522,0.04175296,0.082007821
liberty_medium_equity_tracker,97,0.070035152,0.041808482,0.081846485
liberty_medium_equity_tracker,98,0.070055783,0.041957784,0.081827119
liberty_medium_equity_tracker,99,0.070061296,0.042138695,0.081706146
liberty_medium_equity_tracker,100,0.070059603,0.042172077,0.081633473
liberty_medium_equity_tracker_c,1,0.070516652,-0.12496091,0.265952811
liberty_medium_equity_tracker_c,2,0.070249147,-0.072199144,0.205760654
liberty_medium_equity_tracker_c,3,0.070177549,-0.04818682,0.178197076
liberty_medium_equity_tracker_c,4,0.069674077,-0.033966653,0.161574277
liberty_medium_equity_tracker_c,5,0.069532981,-0.023667135,0.151029017
liberty_medium_equity_tracker_c,6,0.069510266,-0.016417909,0.143012457
liberty_medium_equity_tracker_c,7,0.069481853,-0.010489688,0.137187809
liberty_medium_equity_tracker_c,8,0.069612525,-0.005307835,0.131889505
liberty_medium_equity_tracker_c,9,0.069743366,-0.001920782,0.128192312
liberty_medium_equity_tracker_c,10,0.069814257,0.001756152,0.124877754
liberty_medium_equity_tracker_c,11,0.069878158,0.004611983,0.121801251
liberty_medium_equity_tracker_c,12,0.069910943,0.006910469,0.119286578
liberty_medium_equity_tracker_c,13,0.069934329,0.00887467,0.117190665
liberty_medium_equity_tracker_c,14,0.069990498,0.010738558,0.115330891
liberty_medium_equity_tracker_c,15,0.069971882,0.012487601,0.11339139
liberty_medium_equity_tracker_c,16,0.069988544,0.013917094,0.111934207
liberty_medium_equity_tracker_c,17,0.069830862,0.014927735,0.110256821
liberty_medium_equity_tracker_c,18,0.069808142,0.01665092,0.108888315
liberty_medium_equity_tracker_c,19,0.069827925,0.017988904,0.107099682
liberty_medium_equity_tracker_c,20,0.069812036,0.0191205,0.105946587
liberty_medium_equity_tracker_c,21,0.069793051,0.020435787,0.105240013
liberty_medium_equity_tracker_c,22,0.069789708,0.021130846,0.103982635
liberty_medium_equity_tracker_c,23,0.069768842,0.02192908,0.102874116
liberty_medium_equity_tracker_c,24,0.069766466,0.022446866,0.101978964
liberty_medium_equity_tracker_c,25,0.069821074,0.023552033,0.101204423
liberty_medium_equity_tracker_c,26,0.069773201,0.023812606,0.100416507
liberty_medium_equity_tracker_c,27,0.069803863,0.024713535,0.09984306
liberty_medium_equity_tracker_c,28,0.069827401,0.02535017,0.098976842
liberty_medium_equity_tracker_c,29,0.069831587,0.025990857,0.098576763
liberty_medium_equity_tracker_c,30,0.069875093,0.026617223,0.098022661
liberty_medium_equity_tracker_c,31,0.069815739,0.027312762,0.097053547
liberty_medium_equity_tracker_c,32,0.069795546,0.027694581,0.096525348
liberty_medium_equity_tracker_c,33,0.069794843,0.028201885,0.095829028
liberty_medium_equity_tracker_c,34,0.06979096,0.028648379,0.095496026
liberty_medium_equity_tracker_c,35,0.069779274,0.029087888,0.094903412
liberty_medium_equity_tracker_c,36,0.069841726,0.029638733,0.094504313
liberty_medium_equity_tracker_c,37,0.069827355,0.030026973,0.093725656
liberty_medium_equity_tracker_c,38,0.069815311,0.030413925,0.093392634
liberty_medium_equity_tracker_c,39,0.069824906,0.030784976,0.0927909
liberty_medium_equity_tracker_c,40,0.06983346,0.031079294,0.092521413
liberty_medium_equity_tracker_c,41,0.069849985,0.031614429,0.092207747
liberty_medium_equity_tracker_c,42,0.069869641,0.031908021,0.09201061
liberty_medium_equity_tracker_c,43,0.069900266,0.032336547,0.091720582
liberty_medium_equity_tracker_c,44,0.069870611,0.032688642,0.091601428
liberty_medium_equity_tracker_c,45,0.069848109,0.032914934,0.091191528
liberty_medium_equity_tracker_c,46,0.069839538,0.033157944,0.090749165
liberty_medium_equity_tracker_c,47,0.069845791,0.033476376,0.090452127
liberty_medium_equity_tracker_c,48,0.069852896,0.033771137,0.090314694
liberty_medium_equity_tracker_c,49,0.069871679,0.033819186,0.089979882
liberty_medium_equity_tracker_c,50,0.069895314,0.034183282,0.089806619
liberty_medium_equity_tracker_c,51,0.06990311,0.034454075,0.089542363
liberty_medium_equity_tracker_c,52,0.069911259,0.034860316,0.089246369
liberty_medium_equity_tracker_c,53,0.069940388,0.03497666,0.088962991
liberty_medium_equity_tracker_c,54,0.069897422,0.035229448,0.088728984
liberty_medium_equity_tracker_c,55,0.069911205,0.035424239,0.088537412
liberty_medium_equity_tracker_c,56,0.069922036,0.035688658,0.088394032
liberty_medium_equity_tracker_c,57,0.069932195,0.03581572,0.088189824
liberty_medium_equity_tracker_c,58,0.069923641,0.035974728,0.087877088
liberty_medium_equity_tracker_c,59,0.069900411,0.036322352,0.08751344
liberty_medium_equity_tracker_c,60,0.069926454,0.036460306,0.087256719
liberty_medium_equity_tracker_c,61,0.069962473,0.03670998,0.087241562
liberty_medium_equity_tracker_c,62,0.0699539,0.036919398,0.086946522
liberty_medium_equity_tracker_c,63,0.069958627,0.037097174,0.086668689
liberty_medium_equity_tracker_c,64,0.069957177,0.037120504,0.086450426
liberty_medium_equity_tracker_c,65,0.069965591,0.037306026,0.086448892
liberty_medium_equity_tracker_c,66,0.069976564,0.037466117,0.086197119
liberty_medium_equity_tracker_c,67,0.0699925,0.037671577,0.085888453
liberty_medium_equity_tracker_c,68,0.06999361,0.037917561,0.085828751
liberty_medium_equity_tracker_c,69,0.069987435,0.038098715,0.085646186
liberty_medium_equity_tracker_c,70,0.069987768,0.038202216,0.085526611
liberty_medium_equity_tracker_c,71,0.070023825,0.03843355,0.085291491
liberty_medium_equity_tracker_c,72,0.070067983,0.038616065,0.085191588
liberty_medium_equity_tracker_c,73,0.070035604,0.038753013,0.085038898
liberty_medium_equity_tracker_c,74,0.070011874,0.038910603,0.084860006
liberty_medium_equity_tracker_c,75,0.070012642,0.039133529,0.084640094
liberty_medium_equity_tracker_c,76,0.069984487,0.03935582,0.084462547
liberty_medium_equity_tracker_c,77,0.069944076,0.039520905,0.084267177
liberty_medium_equity_tracker_c,78,0.069912646,0.039662547,0.08407059
liberty_medium_equity_tracker_c,79,0.069901155,0.039684526,0.083953282
liberty_medium_equity_tracker_c,80,0.069894159,0.039801181,0.083940864
liberty_medium_equity_tracker_c,81,0.06990132,0.039907551,0.083695262
liberty_medium_equity_tracker_c,82,0.069950862,0.040133097,0.083668248
liberty_medium_equity_tracker_c,83,0.069953927,0.040135513,0.083547025
liberty_medium_equity_tracker_c,84,0.069956306,0.040243373,0.083476078
liberty_medium_equity_tracker_c,85,0.069942636,0.040425433,0.083307147
liberty_medium_equity_tracker_c,86,0.06996217,0.040508991,0.083204725
liberty_medium_equity_tracker_c,87,0.069981024,0.040765151,0.083243386
liberty_medium_equity_tracker_c,88,0.069997351,0.040886665,0.083099663
liberty_medium_equity_tracker_c,89,0.070001034,0.041015329,0.082883828
liberty_medium_equity_tracker_c,90,0.070030519,0.041086842,0.082875919
liberty_medium_equity_tracker_c,91,0.070049527,0.041243654,0.082777903
liberty_medium_equity_tracker_c,92,0.070040708,0.041322257,0.082568636
liberty_medium_equity_tracker_c,93,0.070044141,0.041419186,0.082407744
liberty_medium_equity_tracker_c,94,0.070021119,0.041521992,0.082310785
liberty_medium_equity_tracker_c,95,0.070023199,0.041704361,0.082099717
liberty_medium_equity_tracker_c,96,0.070031522,0.04175296,0.082007821
liberty_medium_equity_tracker_c,97,0.070035152,0.041808482,0.081846485
liberty_medium_equity_tracker_c,98,0.070055783,0.041957784,0.081827119
liberty_medium_equity_tracker_c,99,0.070061296,0.042138695,0.081706146
liberty_medium_equity_tracker_c,100,0.070059603,0.042172077,0.081633473
liberty_multi_manager_shari_ah_balanced_fund,1,0.06364939,-0.164572723,0.293913227
liberty_multi_manager_shari_ah_balanced_fund,2,0.062743608,-0.106991599,0.222648015
liberty_multi_manager_shari_ah_balanced_fund,3,0.063113278,-0.07803196,0.19044088
liberty_multi_manager_shari_ah_balanced_fund,4,0.062820662,-0.061353826,0.171694078
liberty_multi_manager_shari_ah_balanced_fund,5,0.062831757,-0.048357868,0.158322169
liberty_multi_manager_shari_ah_balanced_fund,6,0.063000137,-0.04009095,0.149219801
liberty_multi_manager_shari_ah_balanced_fund,7,0.062913208,-0.033065203,0.141918162
liberty_multi_manager_shari_ah_balanced_fund,8,0.063153777,-0.027283042,0.136534032
liberty_multi_manager_shari_ah_balanced_fund,9,0.06314554,-0.023703068,0.132113087
liberty_multi_manager_shari_ah_balanced_fund,10,0.063172614,-0.019540288,0.127849127
liberty_multi_manager_shari_ah_balanced_fund,11,0.063234615,-0.016335238,0.12416786
liberty_multi_manager_shari_ah_balanced_fund,12,0.063142228,-0.013559058,0.120854723
liberty_multi_manager_shari_ah_balanced_fund,13,0.063201284,-0.010807561,0.118553815
liberty_multi_manager_shari_ah_balanced_fund,14,0.063188439,-0.008724459,0.115905655
liberty_multi_manager_shari_ah_balanced_fund,15,0.063181732,-0.006334378,0.114193126
liberty_multi_manager_shari_ah_balanced_fund,16,0.06303226,-0.004476486,0.112192192
liberty_multi_manager_shari_ah_balanced_fund,17,0.062952706,-0.002788731,0.110240988
liberty_multi_manager_shari_ah_balanced_fund,18,0.063034747,-0.00106208,0.108640981
liberty_multi_manager_shari_ah_balanced_fund,19,0.063097339,0.000396972,0.106879223
liberty_multi_manager_shari_ah_balanced_fund,20,0.063045033,0.001675937,0.105603099
liberty_multi_manager_shari_ah_balanced_fund,21,0.063012052,0.003556521,0.104357189
liberty_multi_manager_shari_ah_balanced_fund,22,0.06296323,0.004149424,0.102798652
liberty_multi_manager_shari_ah_balanced_fund,23,0.06298442,0.005213508,0.102010845
liberty_multi_manager_shari_ah_balanced_fund,24,0.063006362,0.00591753,0.100866588
liberty_multi_manager_shari_ah_balanced_fund,25,0.063061055,0.006931917,0.099938408
liberty_multi_manager_shari_ah_balanced_fund,26,0.063046294,0.00757697,0.098655287
liberty_multi_manager_shari_ah_balanced_fund,27,0.063052399,0.008457332,0.097798829
liberty_multi_manager_shari_ah_balanced_fund,28,0.063038586,0.009337894,0.097181808
liberty_multi_manager_shari_ah_balanced_fund,29,0.063011027,0.01015977,0.096805572
liberty_multi_manager_shari_ah_balanced_fund,30,0.063007455,0.010937947,0.096036936
liberty_multi_manager_shari_ah_balanced_fund,31,0.062973224,0.011361382,0.095131314
liberty_multi_manager_shari_ah_balanced_fund,32,0.062997335,0.011767632,0.094626639
liberty_multi_manager_shari_ah_balanced_fund,33,0.062982072,0.012514435,0.093829784
liberty_multi_manager_shari_ah_balanced_fund,34,0.062998063,0.012944853,0.093217764
liberty_multi_manager_shari_ah_balanced_fund,35,0.063027414,0.013544967,0.092524309
liberty_multi_manager_shari_ah_balanced_fund,36,0.063084865,0.014153426,0.092077958
liberty_multi_manager_shari_ah_balanced_fund,37,0.063051727,0.014645825,0.091151872
liberty_multi_manager_shari_ah_balanced_fund,38,0.063062626,0.015123773,0.090711315
liberty_multi_manager_shari_ah_balanced_fund,39,0.063107292,0.015568043,0.090191676
liberty_multi_manager_shari_ah_balanced_fund,40,0.063131186,0.016048155,0.089770563
liberty_multi_manager_shari_ah_balanced_fund,41,0.063112723,0.01661981,0.089320364
liberty_multi_manager_shari_ah_balanced_fund,42,0.063118886,0.016844791,0.089067019
liberty_multi_manager_shari_ah_balanced_fund,43,0.063117639,0.017632542,0.088793293
liberty_multi_manager_shari_ah_balanced_fund,44,0.06303799,0.017965962,0.088254062
liberty_multi_manager_shari_ah_balanced_fund,45,0.063038977,0.018099248,0.087712488
liberty_multi_manager_shari_ah_balanced_fund,46,0.063035502,0.01839353,0.087248432
liberty_multi_manager_shari_ah_balanced_fund,47,0.063055175,0.018820513,0.086894678
liberty_multi_manager_shari_ah_balanced_fund,48,0.0630655,0.019345086,0.086856998
liberty_multi_manager_shari_ah_balanced_fund,49,0.063044292,0.019571632,0.086475571
liberty_multi_manager_shari_ah_balanced_fund,50,0.0630957,0.019945615,0.086258131
liberty_multi_manager_shari_ah_balanced_fund,51,0.063089483,0.020226045,0.08595679
liberty_multi_manager_shari_ah_balanced_fund,52,0.063090572,0.020686394,0.085565671
liberty_multi_manager_shari_ah_balanced_fund,53,0.063089383,0.020928424,0.085188425
liberty_multi_manager_shari_ah_balanced_fund,54,0.063072274,0.021182099,0.084955729
liberty_multi_manager_shari_ah_balanced_fund,55,0.063082232,0.021158644,0.084544344
liberty_multi_manager_shari_ah_balanced_fund,56,0.063093111,0.02158456,0.084492045
liberty_multi_manager_shari_ah_balanced_fund,57,0.063103924,0.021841159,0.084201284
liberty_multi_manager_shari_ah_balanced_fund,58,0.063076343,0.02204152,0.083909996
liberty_multi_manager_shari_ah_balanced_fund,59,0.063042514,0.022317727,0.083556979
liberty_multi_manager_shari_ah_balanced_fund,60,0.063039909,0.022683094,0.083162261
liberty_multi_manager_shari_ah_balanced_fund,61,0.063091805,0.022967712,0.083156988
liberty_multi_manager_shari_ah_balanced_fund,62,0.063085429,0.023016566,0.082863346
liberty_multi_manager_shari_ah_balanced_fund,63,0.063115556,0.023198435,0.08259987
liberty_multi_manager_shari_ah_balanced_fund,64,0.063110234,0.023320301,0.08238969
liberty_multi_manager_shari_ah_balanced_fund,65,0.06315416,0.023618207,0.082338137
liberty_multi_manager_shari_ah_balanced_fund,66,0.063194667,0.023838666,0.082147029
liberty_multi_manager_shari_ah_balanced_fund,67,0.063199216,0.024144169,0.081834272
liberty_multi_manager_shari_ah_balanced_fund,68,0.063201869,0.024416028,0.081680877
liberty_multi_manager_shari_ah_balanced_fund,69,0.063209331,0.024689654,0.081426663
liberty_multi_manager_shari_ah_balanced_fund,70,0.063219727,0.02478046,0.08121644
liberty_multi_manager_shari_ah_balanced_fund,71,0.063257627,0.025118865,0.081062775
liberty_multi_manager_shari_ah_balanced_fund,72,0.063281993,0.025273102,0.08076806
liberty_multi_manager_shari_ah_balanced_fund,73,0.063289483,0.025342974,0.080598255
liberty_multi_manager_shari_ah_balanced_fund,74,0.063273493,0.025516902,0.08055232
liberty_multi_manager_shari_ah_balanced_fund,75,0.063297776,0.025824987,0.080357877
liberty_multi_manager_shari_ah_balanced_fund,76,0.063294576,0.025932448,0.080167329
liberty_multi_manager_shari_ah_balanced_fund,77,0.063241384,0.026270434,0.079819206
liberty_multi_manager_shari_ah_balanced_fund,78,0.063250072,0.026291223,0.079717286
liberty_multi_manager_shari_ah_balanced_fund,79,0.06325601,0.026486285,0.079458947
liberty_multi_manager_shari_ah_balanced_fund,80,0.063266151,0.026651496,0.079292347
liberty_multi_manager_shari_ah_balanced_fund,81,0.063269805,0.026837853,0.079093961
liberty_multi_manager_shari_ah_balanced_fund,82,0.063298936,0.026932984,0.078922301
liberty_multi_manager_shari_ah_balanced_fund,83,0.063283689,0.02708545,0.078734137
liberty_multi_manager_shari_ah_balanced_fund,84,0.063249687,0.027197036,0.078621955
liberty_multi_manager_shari_ah_balanced_fund,85,0.063242717,0.027395715,0.078455462
liberty_multi_manager_shari_ah_balanced_fund,86,0.06326445,0.027573187,0.078337742
liberty_multi_manager_shari_ah_balanced_fund,87,0.063284693,0.027771572,0.078301742
liberty_multi_manager_shari_ah_balanced_fund,88,0.063263145,0.027937363,0.078148921
liberty_multi_manager_shari_ah_balanced_fund,89,0.063258227,0.028088716,0.077938404
liberty_multi_manager_shari_ah_balanced_fund,90,0.063262914,0.028145974,0.07790376
liberty_multi_manager_shari_ah_balanced_fund,91,0.063232477,0.028334993,0.077754962
liberty_multi_manager_shari_ah_balanced_fund,92,0.063228112,0.02855069,0.077518193
liberty_multi_manager_shari_ah_balanced_fund,93,0.063268268,0.028605659,0.077283165
liberty_multi_manager_shari_ah_balanced_fund,94,0.063215826,0.028679048,0.077122451
liberty_multi_manager_shari_ah_balanced_fund,95,0.063245403,0.028880636,0.076921614
liberty_multi_manager_shari_ah_balanced_fund,96,0.063238011,0.028961919,0.076803818
liberty_multi_manager_shari_ah_balanced_fund,97,0.063234576,0.029054235,0.076716204
liberty_multi_manager_shari_ah_balanced_fund,98,0.063300566,0.029206197,0.076680054
liberty_multi_manager_shari_ah_balanced_fund,99,0.063331716,0.02936345,0.076630759
liberty_multi_manager_shari_ah_balanced_fund,100,0.063318582,0.029436507,0.076466891
liberty_offshore_aggressive,1,0.066549475,-0.127599334,0.260296072
liberty_offshore_aggressive,2,0.067702297,-0.072078021,0.201007732
liberty_offshore_aggressive,3,0.067760825,-0.048461139,0.174433329
liberty_offshore_aggressive,4,0.067541283,-0.033704302,0.158665404
liberty_offshore_aggressive,5,0.06721635,-0.024623792,0.148429932
liberty_offshore_aggressive,6,0.06699442,-0.016805487,0.139922619
liberty_offshore_aggressive,7,0.067039083,-0.01167829,0.134012711
liberty_offshore_aggressive,8,0.066979465,-0.006524632,0.128562667
liberty_offshore_aggressive,9,0.067159218,-0.002180773,0.124885704
liberty_offshore_aggressive,10,0.067173544,0.001290274,0.121382635
liberty_offshore_aggressive,11,0.067298371,0.004388492,0.118711064
liberty_offshore_aggressive,12,0.067358465,0.00653011,0.116449049
liberty_offshore_aggressive,13,0.067355992,0.008648295,0.114094522
liberty_offshore_aggressive,14,0.067486239,0.010324064,0.112555176
liberty_offshore_aggressive,15,0.067405359,0.011790655,0.110596229
liberty_offshore_aggressive,16,0.067439567,0.013311076,0.10895819
liberty_offshore_aggressive,17,0.067383133,0.01399468,0.107266364
liberty_offshore_aggressive,18,0.067304771,0.015620404,0.105975119
liberty_offshore_aggressive,19,0.067340356,0.017017725,0.104394928
liberty_offshore_aggressive,20,0.067314685,0.018001785,0.103541081
liberty_offshore_aggressive,21,0.067335251,0.018980634,0.102714074
liberty_offshore_aggressive,22,0.067407276,0.019980592,0.10159853
liberty_offshore_aggressive,23,0.067393979,0.020676733,0.100369273
liberty_offshore_aggressive,24,0.06743025,0.021196117,0.099886216
liberty_offshore_aggressive,25,0.06745533,0.022467028,0.099137881
liberty_offshore_aggressive,26,0.067415243,0.022890592,0.09851928
liberty_offshore_aggressive,27,0.067426562,0.02375351,0.097778474
liberty_offshore_aggressive,28,0.067412453,0.024256751,0.096626443
liberty_offshore_aggressive,29,0.067424829,0.024840481,0.095935596
liberty_offshore_aggressive,30,0.067487403,0.025549913,0.095693075
liberty_offshore_aggressive,31,0.067474236,0.026204863,0.09486948
liberty_offshore_aggressive,32,0.067447098,0.026752819,0.094139438
liberty_offshore_aggressive,33,0.06745149,0.027298044,0.093656328
liberty_offshore_aggressive,34,0.067447129,0.027802044,0.093460577
liberty_offshore_aggressive,35,0.067455619,0.028378453,0.092782946
liberty_offshore_aggressive,36,0.067509089,0.028927622,0.092467956
liberty_offshore_aggressive,37,0.067538829,0.029192076,0.09196997
liberty_offshore_aggressive,38,0.067501308,0.029699872,0.091555214
liberty_offshore_aggressive,39,0.067463678,0.030036303,0.091031081
liberty_offshore_aggressive,40,0.067458918,0.030090342,0.090719236
liberty_offshore_aggressive,41,0.067472334,0.030738871,0.090414736
liberty_offshore_aggressive,42,0.067439075,0.030977339,0.090046826
liberty_offshore_aggressive,43,0.06748862,0.031224923,0.08959482
liberty_offshore_aggressive,44,0.06746672,0.031683022,0.08950732
liberty_offshore_aggressive,45,0.067436734,0.031846462,0.089320103
liberty_offshore_aggressive,46,0.067440318,0.032188565,0.08915038
liberty_offshore_aggressive,47,0.067434794,0.032433879,0.088912623
liberty_offshore_aggressive,48,0.067413469,0.032784914,0.088461947
liberty_offshore_aggressive,49,0.067418831,0.032904192,0.088303742
liberty_offshore_aggressive,50,0.067448481,0.033271722,0.088005663
liberty_offshore_aggressive,51,0.067443229,0.033521767,0.087777662
liberty_offshore_aggressive,52,0.067454066,0.033909339,0.087447102
liberty_offshore_aggressive,53,0.067493248,0.034029275,0.087215587
liberty_offshore_aggressive,54,0.067457374,0.034329087,0.086785262
liberty_offshore_aggressive,55,0.067460489,0.034615313,0.086659335
liberty_offshore_aggressive,56,0.067467957,0.034749635,0.086221605
liberty_offshore_aggressive,57,0.067485421,0.034877609,0.086145827
liberty_offshore_aggressive,58,0.067481433,0.035030665,0.085866705
liberty_offshore_aggressive,59,0.067472523,0.035451058,0.085360495
liberty_offshore_aggressive,60,0.067504423,0.035540766,0.085269552
liberty_offshore_aggressive,61,0.06751187,0.035651203,0.085240652
liberty_offshore_aggressive,62,0.067523635,0.035966777,0.084918849
liberty_offshore_aggressive,63,0.067511831,0.036105621,0.084517008
liberty_offshore_aggressive,64,0.067497559,0.036295784,0.084259729
liberty_offshore_aggressive,65,0.067500873,0.03635206,0.0842009
liberty_offshore_aggressive,66,0.06749869,0.036376939,0.083868579
liberty_offshore_aggressive,67,0.067514643,0.03671295,0.083598805
liberty_offshore_aggressive,68,0.06750259,0.036774509,0.083572305
liberty_offshore_aggressive,69,0.067491173,0.036956558,0.083413681
liberty_offshore_aggressive,70,0.067498644,0.037194601,0.083418669
liberty_offshore_aggressive,71,0.067508288,0.037401809,0.083110134
liberty_offshore_aggressive,72,0.067546843,0.037668511,0.083085535
liberty_offshore_aggressive,73,0.067502616,0.037917391,0.082996894
liberty_offshore_aggressive,74,0.067486328,0.038067114,0.082787184
liberty_offshore_aggressive,75,0.067454812,0.038162053,0.082538348
liberty_offshore_aggressive,76,0.067459276,0.038440903,0.082337144
liberty_offshore_aggressive,77,0.067448478,0.038485846,0.08215419
liberty_offshore_aggressive,78,0.067389961,0.03866128,0.081921159
liberty_offshore_aggressive,79,0.067351504,0.03853373,0.081866676
liberty_offshore_aggressive,80,0.067346451,0.038558297,0.08188616
liberty_offshore_aggressive,81,0.067349639,0.038721023,0.081671648
liberty_offshore_aggressive,82,0.067388302,0.039066124,0.081730531
liberty_offshore_aggressive,83,0.067368689,0.039068812,0.081526661
liberty_offshore_aggressive,84,0.067391806,0.039157098,0.081461273
liberty_offshore_aggressive,85,0.067387256,0.039335436,0.081290867
liberty_offshore_aggressive,86,0.067392558,0.039433991,0.081150986
liberty_offshore_aggressive,87,0.067406128,0.039804993,0.081182543
liberty_offshore_aggressive,88,0.067476521,0.039798176,0.081115499
liberty_offshore_aggressive,89,0.067475375,0.039960195,0.080846892
liberty_offshore_aggressive,90,0.067510043,0.040053919,0.080750107
liberty_offshore_aggressive,91,0.067547425,0.040195439,0.080721145
liberty_offshore_aggressive,92,0.067542284,0.040185647,0.080558191
liberty_offshore_aggressive,93,0.067519963,0.040328729,0.08045004
liberty_offshore_aggressive,94,0.067506943,0.040432861,0.080264665
liberty_offshore_aggressive,95,0.067504852,0.04051315,0.080114048
liberty_offshore_aggressive,96,0.067524734,0.040471216,0.080091419
liberty_offshore_aggressive,97,0.067551019,0.04055204,0.079877991
liberty_offshore_aggressive,98,0.067556704,0.040754493,0.079818736
liberty_offshore_aggressive,99,0.067550943,0.041022349,0.079660399
liberty_offshore_aggressive,100,0.067549648,0.041087281,0.079651225
liberty_offshore_balanced_fund,1,0.058531527,-0.119946593,0.236790161
liberty_offshore_balanced_fund,2,0.059658818,-0.068922335,0.182496941
liberty_offshore_balanced_fund,3,0.059712731,-0.047041527,0.158092377
liberty_offshore_balanced_fund,4,0.059560016,-0.033423865,0.143695063
liberty_offshore_balanced_fund,5,0.059294035,-0.02505773,0.134222039
liberty_offshore_balanced_fund,6,0.059119124,-0.017905668,0.126457143
liberty_offshore_balanced_fund,7,0.059153458,-0.013143382,0.120987704
liberty_offshore_balanced_fund,8,0.059101522,-0.008497677,0.11601859
liberty_offshore_balanced_fund,9,0.059259507,-0.004501423,0.112602731
liberty_offshore_balanced_fund,10,0.059279062,-0.001290525,0.109445332
liberty_offshore_balanced_fund,11,0.059393252,0.001534422,0.106977503
liberty_offshore_balanced_fund,12,0.059447391,0.003577139,0.10488579
liberty_offshore_balanced_fund,13,0.059436993,0.005510054,0.10267014
liberty_offshore_balanced_fund,14,0.05954648,0.007058585,0.101260842
liberty_offshore_balanced_fund,15,0.059485579,0.008420067,0.099472186
liberty_offshore_balanced_fund,16,0.059509986,0.009846287,0.098012276
liberty_offshore_balanced_fund,17,0.059467351,0.010512934,0.096474352
liberty_offshore_balanced_fund,18,0.059403619,0.011972382,0.095275856
liberty_offshore_balanced_fund,19,0.059440484,0.013291397,0.093827421
liberty_offshore_balanced_fund,20,0.059423392,0.014214134,0.093039234
liberty_offshore_balanced_fund,21,0.059437642,0.015104985,0.092247685
liberty_offshore_balanced_fund,22,0.059497318,0.016037625,0.091235802
liberty_offshore_balanced_fund,23,0.059485139,0.016686547,0.09013324
liberty_offshore_balanced_fund,24,0.059517597,0.017151421,0.089647933
liberty_offshore_balanced_fund,25,0.059535296,0.01830753,0.088965268
liberty_offshore_balanced_fund,26,0.059499183,0.018717469,0.088381345
liberty_offshore_balanced_fund,27,0.05950507,0.019495672,0.087702846
liberty_offshore_balanced_fund,28,0.059495766,0.019973653,0.086679784
liberty_offshore_balanced_fund,29,0.059504143,0.020520249,0.086041997
liberty_offshore_balanced_fund,30,0.059560234,0.021151779,0.085804686
liberty_offshore_balanced_fund,31,0.059552276,0.021757692,0.085081486
liberty_offshore_balanced_fund,32,0.059526215,0.022259709,0.084398667
liberty_offshore_balanced_fund,33,0.059529613,0.022767153,0.083975462
liberty_offshore_balanced_fund,34,0.059526026,0.023244003,0.083752193
liberty_offshore_balanced_fund,35,0.059533622,0.023773482,0.083166883
liberty_offshore_balanced_fund,36,0.059577385,0.024270809,0.082837817
liberty_offshore_balanced_fund,37,0.059606925,0.024506385,0.08238
liberty_offshore_balanced_fund,38,0.059575306,0.024967678,0.081999549
liberty_offshore_balanced_fund,39,0.059543769,0.025281929,0.08152199
liberty_offshore_balanced_fund,40,0.059540058,0.025340749,0.081251505
liberty_offshore_balanced_fund,41,0.059553362,0.025926273,0.080961727
liberty_offshore_balanced_fund,42,0.059523944,0.026139203,0.080605817
liberty_offshore_balanced_fund,43,0.05956704,0.026382942,0.080182687
liberty_offshore_balanced_fund,44,0.059548262,0.026794063,0.08007949
liberty_offshore_balanced_fund,45,0.059521049,0.026960558,0.079903867
liberty_offshore_balanced_fund,46,0.059523611,0.027247357,0.079743196
liberty_offshore_balanced_fund,47,0.059517894,0.027474771,0.079521162
liberty_offshore_balanced_fund,48,0.059500437,0.027805943,0.079111279
liberty_offshore_balanced_fund,49,0.059501839,0.027931206,0.078948311
liberty_offshore_balanced_fund,50,0.059529168,0.028266734,0.078682169
liberty_offshore_balanced_fund,51,0.05952157,0.028514271,0.078464558
liberty_offshore_balanced_fund,52,0.059531127,0.0288521,0.078172756
liberty_offshore_balanced_fund,53,0.05956589,0.028971621,0.077971932
liberty_offshore_balanced_fund,54,0.059538194,0.029257161,0.077579552
liberty_offshore_balanced_fund,55,0.059540139,0.02950588,0.077454847
liberty_offshore_balanced_fund,56,0.059546036,0.02963469,0.077067237
liberty_offshore_balanced_fund,57,0.059561717,0.029751901,0.076993224
liberty_offshore_balanced_fund,58,0.059557083,0.029905531,0.07673811
liberty_offshore_balanced_fund,59,0.059547833,0.030280172,0.076289812
liberty_offshore_balanced_fund,60,0.059575132,0.030368485,0.076191775
liberty_offshore_balanced_fund,61,0.059584624,0.030477176,0.076154022
liberty_offshore_balanced_fund,62,0.059594982,0.030756943,0.075868051
liberty_offshore_balanced_fund,63,0.059584806,0.030891709,0.075512512
liberty_offshore_balanced_fund,64,0.059572732,0.031064223,0.075270174
liberty_offshore_balanced_fund,65,0.059575847,0.031135231,0.075208275
liberty_offshore_balanced_fund,66,0.059573665,0.031173435,0.074904482
liberty_offshore_balanced_fund,67,0.059586078,0.03145954,0.074664489
liberty_offshore_balanced_fund,68,0.059576548,0.031517992,0.074626273
liberty_offshore_balanced_fund,69,0.059567082,0.031698953,0.074479726
liberty_offshore_balanced_fund,70,0.059575649,0.031919144,0.07447858
liberty_offshore_balanced_fund,71,0.059583733,0.032114251,0.074207394
liberty_offshore_balanced_fund,72,0.05961635,0.032347848,0.074177387
liberty_offshore_balanced_fund,73,0.05957993,0.032567291,0.074089191
liberty_offshore_balanced_fund,74,0.059566327,0.032715899,0.073918118
liberty_offshore_balanced_fund,75,0.059540844,0.032809738,0.073690149
liberty_offshore_balanced_fund,76,0.059544491,0.033048167,0.073511687
liberty_offshore_balanced_fund,77,0.059535003,0.033106917,0.073338643
liberty_offshore_balanced_fund,78,0.059485142,0.03324878,0.073133685
liberty_offshore_balanced_fund,79,0.059450769,0.033145408,0.073083461
liberty_offshore_balanced_fund,80,0.059447147,0.033189554,0.073082037
liberty_offshore_balanced_fund,81,0.059449324,0.033337083,0.072897139
liberty_offshore_balanced_fund,82,0.059482171,0.03364524,0.072935384
liberty_offshore_balanced_fund,83,0.0594654,0.033658162,0.072749295
liberty_offshore_balanced_fund,84,0.059486282,0.033735282,0.072697159
liberty_offshore_balanced_fund,85,0.059482625,0.033890919,0.072545215
liberty_offshore_balanced_fund,86,0.059488251,0.034001373,0.07242186
liberty_offshore_balanced_fund,87,0.059499317,0.034317952,0.07244354
liberty_offshore_balanced_fund,88,0.059559612,0.034323223,0.072378042
liberty_offshore_balanced_fund,89,0.059559263,0.034473378,0.072148274
liberty_offshore_balanced_fund,90,0.059587834,0.034547973,0.072047892
liberty_offshore_balanced_fund,91,0.059619093,0.034679109,0.072018115
liberty_offshore_balanced_fund,92,0.059613884,0.034680933,0.071878059
liberty_offshore_balanced_fund,93,0.05959514,0.034811277,0.071766997
liberty_offshore_balanced_fund,94,0.059583624,0.03490085,0.071597661
liberty_offshore_balanced_fund,95,0.05958236,0.034976133,0.07146504
liberty_offshore_balanced_fund,96,0.059599795,0.034936714,0.071436153
liberty_offshore_balanced_fund,97,0.059622042,0.035010312,0.071246532
liberty_offshore_balanced_fund,98,0.059627522,0.035187069,0.071178043
liberty_offshore_balanced_fund,99,0.059623194,0.035438607,0.071033592
liberty_offshore_balanced_fund,100,0.059622153,0.035493494,0.071019405
liberty_offshore_cautious,1,0.028246851,-0.083843777,0.140591314
liberty_offshore_cautious,2,0.029194337,-0.051834664,0.107390522
liberty_offshore_cautious,3,0.029229447,-0.037413616,0.092184243
liberty_offshore_cautious,4,0.029308017,-0.028660266,0.083520339
liberty_offshore_cautious,5,0.029257681,-0.023358225,0.077370361
liberty_offshore_cautious,6,0.02926062,-0.019002148,0.072690668
liberty_offshore_cautious,7,0.029262744,-0.015784413,0.069143857
liberty_offshore_cautious,8,0.029236017,-0.013236169,0.066160969
liberty_offshore_cautious,9,0.02930656,-0.010711216,0.063883664
liberty_offshore_cautious,10,0.029337934,-0.008628283,0.062129013
liberty_offshore_cautious,11,0.029406072,-0.006940189,0.060523129
liberty_offshore_cautious,12,0.029434952,-0.005391171,0.059151993
liberty_offshore_cautious,13,0.029402914,-0.004217864,0.057606331
liberty_offshore_cautious,14,0.029431384,-0.003213569,0.056732338
liberty_offshore_cautious,15,0.029439412,-0.002306218,0.05565252
liberty_offshore_cautious,16,0.029427325,-0.00130012,0.054884736
liberty_offshore_cautious,17,0.029436866,-0.000728408,0.053994783
liberty_offshore_cautious,18,0.029429925,6.45E-05,0.05321375
liberty_offshore_cautious,19,0.029468432,0.000999732,0.052329836
liberty_offshore_cautious,20,0.029482542,0.001645296,0.051810476
liberty_offshore_cautious,21,0.029473565,0.002178076,0.051204262
liberty_offshore_cautious,22,0.029487273,0.002825237,0.050627301
liberty_offshore_cautious,23,0.029480763,0.003261305,0.050037436
liberty_offshore_cautious,24,0.029496479,0.003516081,0.049574716
liberty_offshore_cautious,25,0.029485953,0.004193907,0.049168203
liberty_offshore_cautious,26,0.029467225,0.004523388,0.048747599
liberty_offshore_cautious,27,0.029455836,0.004952976,0.048339309
liberty_offshore_cautious,28,0.029462833,0.005312539,0.047825606
liberty_offshore_cautious,29,0.029458028,0.005688846,0.047419715
liberty_offshore_cautious,30,0.029486949,0.006012679,0.047209415
liberty_offshore_cautious,31,0.029497065,0.006406596,0.046882687
liberty_offshore_cautious,32,0.02947673,0.006712272,0.046414948
liberty_offshore_cautious,33,0.029476528,0.007051928,0.046221845
liberty_offshore_cautious,34,0.029476718,0.007388299,0.045933753
liberty_offshore_cautious,35,0.029481105,0.007725204,0.04570192
liberty_offshore_cautious,36,0.029486929,0.007995117,0.045349398
liberty_offshore_cautious,37,0.029512465,0.008125827,0.045060527
liberty_offshore_cautious,38,0.02950379,0.008399093,0.044823225
liberty_offshore_cautious,39,0.029495292,0.008612485,0.044540283
liberty_offshore_cautious,40,0.029495318,0.008690259,0.044429572
liberty_offshore_cautious,41,0.029507009,0.009019424,0.044212699
liberty_offshore_cautious,42,0.029492348,0.009126681,0.043925795
liberty_offshore_cautious,43,0.029508544,0.009338133,0.043638114
liberty_offshore_cautious,44,0.029502892,0.009558435,0.043485766
liberty_offshore_cautious,45,0.029488021,0.009726249,0.04336322
liberty_offshore_cautious,46,0.029485781,0.009808277,0.043241191
liberty_offshore_cautious,47,0.029480167,0.009955757,0.043081216
liberty_offshore_cautious,48,0.029477039,0.010196077,0.042833099
liberty_offshore_cautious,49,0.029465119,0.01033728,0.042672911
liberty_offshore_cautious,50,0.029481981,0.010539656,0.042538067
liberty_offshore_cautious,51,0.029466255,0.010754544,0.042364913
liberty_offshore_cautious,52,0.029471191,0.010896948,0.042237057
liberty_offshore_cautious,53,0.029488587,0.011008594,0.042148169
liberty_offshore_cautious,54,0.029490875,0.011224767,0.041914562
liberty_offshore_cautious,55,0.029489156,0.011332414,0.041800233
liberty_offshore_cautious,56,0.029489895,0.01143403,0.041612928
liberty_offshore_cautious,57,0.029498694,0.011506353,0.04154686
liberty_offshore_cautious,58,0.029493241,0.011654351,0.041393152
liberty_offshore_cautious,59,0.029483458,0.011842372,0.041180708
liberty_offshore_cautious,60,0.029493888,0.011922673,0.041067594
liberty_offshore_cautious,61,0.029509174,0.012014911,0.041002188
liberty_offshore_cautious,62,0.029514343,0.012151356,0.040858935
liberty_offshore_cautious,63,0.029510107,0.012262028,0.040690938
liberty_offshore_cautious,64,0.029506456,0.012365362,0.040511704
liberty_offshore_cautious,65,0.029507858,0.012474865,0.040441409
liberty_offshore_cautious,66,0.029506345,0.012557956,0.040263551
liberty_offshore_cautious,67,0.029506432,0.012649323,0.04014461
liberty_offshore_cautious,68,0.02950667,0.012698142,0.040068452
liberty_offshore_cautious,69,0.029505439,0.012859404,0.039979289
liberty_offshore_cautious,70,0.029516194,0.013005247,0.039958665
liberty_offshore_cautious,71,0.029518171,0.013145376,0.039829127
liberty_offshore_cautious,72,0.029527276,0.013246708,0.03977953
liberty_offshore_cautious,73,0.02952108,0.013346137,0.03969763
liberty_offshore_cautious,74,0.029518108,0.013481128,0.039668576
liberty_offshore_cautious,75,0.02951483,0.013559899,0.039536446
liberty_offshore_cautious,76,0.029514396,0.013644645,0.039447514
liberty_offshore_cautious,77,0.029509762,0.013742508,0.039324614
liberty_offshore_cautious,78,0.029492853,0.013762256,0.039228763
liberty_offshore_cautious,79,0.029475532,0.013756438,0.039191841
liberty_offshore_cautious,80,0.029477218,0.013861152,0.039119922
liberty_offshore_cautious,81,0.02947575,0.01394444,0.03904895
liberty_offshore_cautious,82,0.029486507,0.014097428,0.039015659
liberty_offshore_cautious,83,0.029480711,0.014145723,0.038899243
liberty_offshore_cautious,84,0.029492465,0.014179442,0.038892849
liberty_offshore_cautious,85,0.029491789,0.01424292,0.038818008
liberty_offshore_cautious,86,0.029498271,0.0143886,0.038758567
liberty_offshore_cautious,87,0.029499638,0.014494819,0.038742909
liberty_offshore_cautious,88,0.029520876,0.014541114,0.038690296
liberty_offshore_cautious,89,0.029523096,0.014640793,0.038605138
liberty_offshore_cautious,90,0.02952874,0.014646678,0.038498103
liberty_offshore_cautious,91,0.029536384,0.01472962,0.038468423
liberty_offshore_cautious,92,0.029531591,0.014771266,0.038417031
liberty_offshore_cautious,93,0.029525789,0.014846727,0.038305642
liberty_offshore_cautious,94,0.029520739,0.014882257,0.038203685
liberty_offshore_cautious,95,0.029522274,0.014933975,0.038143377
liberty_offshore_cautious,96,0.029530089,0.014913458,0.038093503
liberty_offshore_cautious,97,0.029537177,0.014958803,0.037998554
liberty_offshore_cautious,98,0.029541224,0.01503351,0.037909663
liberty_offshore_cautious,99,0.029541716,0.015206203,0.037817424
liberty_offshore_cautious,100,0.029541589,0.015225424,0.037788085
liberty_top_40_tracker,1,0.066812601,-0.194799678,0.327799467
liberty_top_40_tracker,2,0.064765037,-0.128925426,0.247652409
liberty_top_40_tracker,3,0.06446576,-0.096349229,0.209183706
liberty_top_40_tracker,4,0.063475277,-0.077259838,0.186069735
liberty_top_40_tracker,5,0.063570796,-0.062206794,0.172190894
liberty_top_40_tracker,6,0.063859384,-0.053314074,0.162053677
liberty_top_40_tracker,7,0.06369741,-0.044548868,0.154972024
liberty_top_40_tracker,8,0.064141462,-0.037544262,0.148031017
liberty_top_40_tracker,9,0.064340549,-0.034485455,0.142803677
liberty_top_40_tracker,10,0.064588719,-0.029185862,0.139110765
liberty_top_40_tracker,11,0.064620569,-0.025912405,0.134164578
liberty_top_40_tracker,12,0.064674388,-0.022477215,0.130530049
liberty_top_40_tracker,13,0.064699806,-0.020328531,0.127805273
liberty_top_40_tracker,14,0.064653672,-0.017693222,0.125170329
liberty_top_40_tracker,15,0.064823689,-0.014886504,0.122523233
liberty_top_40_tracker,16,0.064817304,-0.013314125,0.120908144
liberty_top_40_tracker,17,0.064454655,-0.01119977,0.118820277
liberty_top_40_tracker,18,0.064523775,-0.008802112,0.117050181
liberty_top_40_tracker,19,0.064503409,-0.006819276,0.114043476
liberty_top_40_tracker,20,0.064503581,-0.005342138,0.112178837
liberty_top_40_tracker,21,0.06437482,-0.003097506,0.11140788
liberty_top_40_tracker,22,0.064264617,-0.002691956,0.109348188
liberty_top_40_tracker,23,0.064223237,-0.00169061,0.108389712
liberty_top_40_tracker,24,0.064189447,-0.001016925,0.106359444
liberty_top_40_tracker,25,0.064285593,0.000159022,0.105157509
liberty_top_40_tracker,26,0.064233651,0.000330528,0.10404605
liberty_top_40_tracker,27,0.064283962,0.00152144,0.103437257
liberty_top_40_tracker,28,0.064374053,0.002630383,0.102606608
liberty_top_40_tracker,29,0.064328808,0.003624153,0.102490492
liberty_top_40_tracker,30,0.064404918,0.004310775,0.101412663
liberty_top_40_tracker,31,0.064227685,0.005354453,0.099870747
liberty_top_40_tracker,32,0.064183226,0.005747746,0.099298691
liberty_top_40_tracker,33,0.064179642,0.006352866,0.098129559
liberty_top_40_tracker,34,0.064164969,0.00695334,0.097322732
liberty_top_40_tracker,35,0.064100893,0.007418928,0.096887549
liberty_top_40_tracker,36,0.064180772,0.00811642,0.096125924
liberty_top_40_tracker,37,0.064104094,0.00877696,0.094748131
liberty_top_40_tracker,38,0.064109736,0.009149556,0.094525235
liberty_top_40_tracker,39,0.06417844,0.009464786,0.093606212
liberty_top_40_tracker,40,0.064199834,0.010224906,0.093384665
liberty_top_40_tracker,41,0.064240796,0.010775271,0.0928549
liberty_top_40_tracker,42,0.064350047,0.011319582,0.092838221
liberty_top_40_tracker,43,0.064358374,0.012114903,0.092693961
liberty_top_40_tracker,44,0.064292878,0.012516806,0.092516085
liberty_top_40_tracker,45,0.064267373,0.012850606,0.091641764
liberty_top_40_tracker,46,0.064210189,0.012989599,0.090590033
liberty_top_40_tracker,47,0.064242181,0.01350843,0.090058605
liberty_top_40_tracker,48,0.06429111,0.013917662,0.090271951
liberty_top_40_tracker,49,0.064344303,0.013818133,0.089697634
liberty_top_40_tracker,50,0.064360823,0.014509993,0.089552676
liberty_top_40_tracker,51,0.064392723,0.014957879,0.089131098
liberty_top_40_tracker,52,0.064399901,0.015395698,0.088911003
liberty_top_40_tracker,53,0.064442767,0.015473878,0.088426287
liberty_top_40_tracker,54,0.064377684,0.015879356,0.088358906
liberty_top_40_tracker,55,0.064416068,0.015882608,0.088091603
liberty_top_40_tracker,56,0.064451436,0.01633805,0.08827392
liberty_top_40_tracker,57,0.064452913,0.016465895,0.087934182
liberty_top_40_tracker,58,0.064420664,0.016685341,0.087366083
liberty_top_40_tracker,59,0.06437866,0.017144108,0.087035678
liberty_top_40_tracker,60,0.064409509,0.017373782,0.086582243
liberty_top_40_tracker,61,0.064521714,0.017887794,0.086635365
liberty_top_40_tracker,62,0.064467578,0.017970995,0.086278085
liberty_top_40_tracker,63,0.064501961,0.018373834,0.085979739
liberty_top_40_tracker,64,0.064510698,0.018152241,0.085702329
liberty_top_40_tracker,65,0.064535793,0.018685828,0.08589825
liberty_top_40_tracker,66,0.06457005,0.0190899,0.085598612
liberty_top_40_tracker,67,0.064599935,0.019069868,0.085105265
liberty_top_40_tracker,68,0.064640752,0.019645001,0.085056877
liberty_top_40_tracker,69,0.064638911,0.019881713,0.084747211
liberty_top_40_tracker,70,0.064622662,0.019874655,0.084433977
liberty_top_40_tracker,71,0.064708986,0.020131092,0.084198417
liberty_top_40_tracker,72,0.064787399,0.020293127,0.083967209
liberty_top_40_tracker,73,0.064768288,0.020347296,0.083644465
liberty_top_40_tracker,74,0.064724289,0.020621099,0.083518751
liberty_top_40_tracker,75,0.064794825,0.021141473,0.083297441
liberty_top_40_tracker,76,0.064697395,0.021283351,0.083053339
liberty_top_40_tracker,77,0.064579236,0.02172795,0.082698043
liberty_top_40_tracker,78,0.064570794,0.021878928,0.082472151
liberty_top_40_tracker,79,0.064595999,0.022107873,0.082304375
liberty_top_40_tracker,80,0.06458264,0.022351203,0.082235458
liberty_top_40_tracker,81,0.064590188,0.022476646,0.081845578
liberty_top_40_tracker,82,0.064677849,0.022663418,0.081768121
liberty_top_40_tracker,83,0.064720059,0.022569075,0.081695326
liberty_top_40_tracker,84,0.064699268,0.022799596,0.081627489
liberty_top_40_tracker,85,0.064677002,0.022965174,0.081433903
liberty_top_40_tracker,86,0.064725208,0.023083695,0.081362866
liberty_top_40_tracker,87,0.064749183,0.023183471,0.081320056
liberty_top_40_tracker,88,0.06468331,0.023518896,0.081025332
liberty_top_40_tracker,89,0.064693718,0.023628726,0.080839274
liberty_top_40_tracker,90,0.064728381,0.023636021,0.080966593
liberty_top_40_tracker,91,0.064727961,0.023901632,0.080767537
liberty_top_40_tracker,92,0.064708962,0.02418417,0.080444329
liberty_top_40_tracker,93,0.064763838,0.024300655,0.080114882
liberty_top_40_tracker,94,0.064708933,0.024454937,0.080101808
liberty_top_40_tracker,95,0.064717255,0.024904787,0.0797237
liberty_top_40_tracker,96,0.06471043,0.025044594,0.07947706
liberty_top_40_tracker,97,0.064681534,0.025076212,0.079342512
liberty_top_40_tracker,98,0.064735687,0.025251686,0.079384152
liberty_top_40_tracker,99,0.06474495,0.025374347,0.079205391
liberty_top_40_tracker,100,0.064743358,0.02530628,0.079023479
liberty_top_40_tracker_c,1,0.066812601,-0.194799678,0.327799467
liberty_top_40_tracker_c,2,0.064765037,-0.128925426,0.247652409
liberty_top_40_tracker_c,3,0.06446576,-0.096349229,0.209183706
liberty_top_40_tracker_c,4,0.063475277,-0.077259838,0.186069735
liberty_top_40_tracker_c,5,0.063570796,-0.062206794,0.172190894
liberty_top_40_tracker_c,6,0.063859384,-0.053314074,0.162053677
liberty_top_40_tracker_c,7,0.06369741,-0.044548868,0.154972024
liberty_top_40_tracker_c,8,0.064141462,-0.037544262,0.148031017
liberty_top_40_tracker_c,9,0.064340549,-0.034485455,0.142803677
liberty_top_40_tracker_c,10,0.064588719,-0.029185862,0.139110765
liberty_top_40_tracker_c,11,0.064620569,-0.025912405,0.134164578
liberty_top_40_tracker_c,12,0.064674388,-0.022477215,0.130530049
liberty_top_40_tracker_c,13,0.064699806,-0.020328531,0.127805273
liberty_top_40_tracker_c,14,0.064653672,-0.017693222,0.125170329
liberty_top_40_tracker_c,15,0.064823689,-0.014886504,0.122523233
liberty_top_40_tracker_c,16,0.064817304,-0.013314125,0.120908144
liberty_top_40_tracker_c,17,0.064454655,-0.01119977,0.118820277
liberty_top_40_tracker_c,18,0.064523775,-0.008802112,0.117050181
liberty_top_40_tracker_c,19,0.064503409,-0.006819276,0.114043476
liberty_top_40_tracker_c,20,0.064503581,-0.005342138,0.112178837
liberty_top_40_tracker_c,21,0.06437482,-0.003097506,0.11140788
liberty_top_40_tracker_c,22,0.064264617,-0.002691956,0.109348188
liberty_top_40_tracker_c,23,0.064223237,-0.00169061,0.108389712
liberty_top_40_tracker_c,24,0.064189447,-0.001016925,0.106359444
liberty_top_40_tracker_c,25,0.064285593,0.000159022,0.105157509
liberty_top_40_tracker_c,26,0.064233651,0.000330528,0.10404605
liberty_top_40_tracker_c,27,0.064283962,0.00152144,0.103437257
liberty_top_40_tracker_c,28,0.064374053,0.002630383,0.102606608
liberty_top_40_tracker_c,29,0.064328808,0.003624153,0.102490492
liberty_top_40_tracker_c,30,0.064404918,0.004310775,0.101412663
liberty_top_40_tracker_c,31,0.064227685,0.005354453,0.099870747
liberty_top_40_tracker_c,32,0.064183226,0.005747746,0.099298691
liberty_top_40_tracker_c,33,0.064179642,0.006352866,0.098129559
liberty_top_40_tracker_c,34,0.064164969,0.00695334,0.097322732
liberty_top_40_tracker_c,35,0.064100893,0.007418928,0.096887549
liberty_top_40_tracker_c,36,0.064180772,0.00811642,0.096125924
liberty_top_40_tracker_c,37,0.064104094,0.00877696,0.094748131
liberty_top_40_tracker_c,38,0.064109736,0.009149556,0.094525235
liberty_top_40_tracker_c,39,0.06417844,0.009464786,0.093606212
liberty_top_40_tracker_c,40,0.064199834,0.010224906,0.093384665
liberty_top_40_tracker_c,41,0.064240796,0.010775271,0.0928549
liberty_top_40_tracker_c,42,0.064350047,0.011319582,0.092838221
liberty_top_40_tracker_c,43,0.064358374,0.012114903,0.092693961
liberty_top_40_tracker_c,44,0.064292878,0.012516806,0.092516085
liberty_top_40_tracker_c,45,0.064267373,0.012850606,0.091641764
liberty_top_40_tracker_c,46,0.064210189,0.012989599,0.090590033
liberty_top_40_tracker_c,47,0.064242181,0.01350843,0.090058605
liberty_top_40_tracker_c,48,0.06429111,0.013917662,0.090271951
liberty_top_40_tracker_c,49,0.064344303,0.013818133,0.089697634
liberty_top_40_tracker_c,50,0.064360823,0.014509993,0.089552676
liberty_top_40_tracker_c,51,0.064392723,0.014957879,0.089131098
liberty_top_40_tracker_c,52,0.064399901,0.015395698,0.088911003
liberty_top_40_tracker_c,53,0.064442767,0.015473878,0.088426287
liberty_top_40_tracker_c,54,0.064377684,0.015879356,0.088358906
liberty_top_40_tracker_c,55,0.064416068,0.015882608,0.088091603
liberty_top_40_tracker_c,56,0.064451436,0.01633805,0.08827392
liberty_top_40_tracker_c,57,0.064452913,0.016465895,0.087934182
liberty_top_40_tracker_c,58,0.064420664,0.016685341,0.087366083
liberty_top_40_tracker_c,59,0.06437866,0.017144108,0.087035678
liberty_top_40_tracker_c,60,0.064409509,0.017373782,0.086582243
liberty_top_40_tracker_c,61,0.064521714,0.017887794,0.086635365
liberty_top_40_tracker_c,62,0.064467578,0.017970995,0.086278085
liberty_top_40_tracker_c,63,0.064501961,0.018373834,0.085979739
liberty_top_40_tracker_c,64,0.064510698,0.018152241,0.085702329
liberty_top_40_tracker_c,65,0.064535793,0.018685828,0.08589825
liberty_top_40_tracker_c,66,0.06457005,0.0190899,0.085598612
liberty_top_40_tracker_c,67,0.064599935,0.019069868,0.085105265
liberty_top_40_tracker_c,68,0.064640752,0.019645001,0.085056877
liberty_top_40_tracker_c,69,0.064638911,0.019881713,0.084747211
liberty_top_40_tracker_c,70,0.064622662,0.019874655,0.084433977
liberty_top_40_tracker_c,71,0.064708986,0.020131092,0.084198417
liberty_top_40_tracker_c,72,0.064787399,0.020293127,0.083967209
liberty_top_40_tracker_c,73,0.064768288,0.020347296,0.083644465
liberty_top_40_tracker_c,74,0.064724289,0.020621099,0.083518751
liberty_top_40_tracker_c,75,0.064794825,0.021141473,0.083297441
liberty_top_40_tracker_c,76,0.064697395,0.021283351,0.083053339
liberty_top_40_tracker_c,77,0.064579236,0.02172795,0.082698043
liberty_top_40_tracker_c,78,0.064570794,0.021878928,0.082472151
liberty_top_40_tracker_c,79,0.064595999,0.022107873,0.082304375
liberty_top_40_tracker_c,80,0.06458264,0.022351203,0.082235458
liberty_top_40_tracker_c,81,0.064590188,0.022476646,0.081845578
liberty_top_40_tracker_c,82,0.064677849,0.022663418,0.081768121
liberty_top_40_tracker_c,83,0.064720059,0.022569075,0.081695326
liberty_top_40_tracker_c,84,0.064699268,0.022799596,0.081627489
liberty_top_40_tracker_c,85,0.064677002,0.022965174,0.081433903
liberty_top_40_tracker_c,86,0.064725208,0.023083695,0.081362866
liberty_top_40_tracker_c,87,0.064749183,0.023183471,0.081320056
liberty_top_40_tracker_c,88,0.06468331,0.023518896,0.081025332
liberty_top_40_tracker_c,89,0.064693718,0.023628726,0.080839274
liberty_top_40_tracker_c,90,0.064728381,0.023636021,0.080966593
liberty_top_40_tracker_c,91,0.064727961,0.023901632,0.080767537
liberty_top_40_tracker_c,92,0.064708962,0.02418417,0.080444329
liberty_top_40_tracker_c,93,0.064763838,0.024300655,0.080114882
liberty_top_40_tracker_c,94,0.064708933,0.024454937,0.080101808
liberty_top_40_tracker_c,95,0.064717255,0.024904787,0.0797237
liberty_top_40_tracker_c,96,0.06471043,0.025044594,0.07947706
liberty_top_40_tracker_c,97,0.064681534,0.025076212,0.079342512
liberty_top_40_tracker_c,98,0.064735687,0.025251686,0.079384152
liberty_top_40_tracker_c,99,0.06474495,0.025374347,0.079205391
liberty_top_40_tracker_c,100,0.064743358,0.02530628,0.079023479
liberty_unlisted_property,1,0.006898063,-0.155946006,0.168597215
liberty_unlisted_property,2,0.006531263,-0.110567086,0.118792021
liberty_unlisted_property,3,0.006518337,-0.08808775,0.0956282
liberty_unlisted_property,4,0.006689995,-0.077870089,0.084159096
liberty_unlisted_property,5,0.006903345,-0.069567528,0.075780115
liberty_unlisted_property,6,0.00711957,-0.062964859,0.069021193
liberty_unlisted_property,7,0.006951594,-0.058358436,0.063109255
liberty_unlisted_property,8,0.006905547,-0.054966254,0.05939614
liberty_unlisted_property,9,0.006801936,-0.05175199,0.056279206
liberty_unlisted_property,10,0.006904201,-0.0485228,0.052724194
liberty_unlisted_property,11,0.006946455,-0.045688172,0.050499496
liberty_unlisted_property,12,0.006931921,-0.043912713,0.049004745
liberty_unlisted_property,13,0.006971473,-0.042036722,0.04684154
liberty_unlisted_property,14,0.007094198,-0.040327942,0.045944112
liberty_unlisted_property,15,0.00716578,-0.039443403,0.044296469
liberty_unlisted_property,16,0.007163116,-0.037742645,0.042864067
liberty_unlisted_property,17,0.007161068,-0.036593468,0.041721395
liberty_unlisted_property,18,0.007152718,-0.035706362,0.040672511
liberty_unlisted_property,19,0.007044058,-0.034733083,0.039400333
liberty_unlisted_property,20,0.00695422,-0.033943301,0.038170252
liberty_unlisted_property,21,0.006934141,-0.033176042,0.037256321
liberty_unlisted_property,22,0.00688222,-0.031799046,0.036357237
liberty_unlisted_property,23,0.006884475,-0.031276129,0.035620884
liberty_unlisted_property,24,0.006862818,-0.030580651,0.035064257
liberty_unlisted_property,25,0.006961117,-0.030039386,0.034514491
liberty_unlisted_property,26,0.006973686,-0.029635205,0.033923661
liberty_unlisted_property,27,0.00698745,-0.02837414,0.033305046
liberty_unlisted_property,28,0.0069175,-0.027879644,0.032774611
liberty_unlisted_property,29,0.006905273,-0.027538017,0.032013391
liberty_unlisted_property,30,0.006879151,-0.027284497,0.031731788
liberty_unlisted_property,31,0.006928881,-0.026622849,0.031323
liberty_unlisted_property,32,0.006877065,-0.026358019,0.030430031
liberty_unlisted_property,33,0.006882473,-0.025700081,0.030342944
liberty_unlisted_property,34,0.006846335,-0.025655083,0.029875037
liberty_unlisted_property,35,0.006857072,-0.025077251,0.029549108
liberty_unlisted_property,36,0.006824696,-0.024686618,0.029080019
liberty_unlisted_property,37,0.006795285,-0.02431809,0.028669439
liberty_unlisted_property,38,0.006822839,-0.023584989,0.028180226
liberty_unlisted_property,39,0.006846077,-0.023365489,0.027769487
liberty_unlisted_property,40,0.00681464,-0.022978664,0.027568353
liberty_unlisted_property,41,0.006815354,-0.022753083,0.027287036
liberty_unlisted_property,42,0.006804851,-0.022834802,0.026840225
liberty_unlisted_property,43,0.006812079,-0.022428318,0.026485778
liberty_unlisted_property,44,0.00680317,-0.022359224,0.026088944
liberty_unlisted_property,45,0.00679619,-0.02187853,0.025692739
liberty_unlisted_property,46,0.006796599,-0.021932088,0.025457069
liberty_unlisted_property,47,0.00680025,-0.021773313,0.025213993
liberty_unlisted_property,48,0.006831026,-0.021468215,0.025069382
liberty_unlisted_property,49,0.006828524,-0.021063927,0.024849118
liberty_unlisted_property,50,0.006823475,-0.020594552,0.024701727
liberty_unlisted_property,51,0.006870391,-0.020539684,0.024326025
liberty_unlisted_property,52,0.0068555,-0.020545252,0.02431422
liberty_unlisted_property,53,0.006825874,-0.020223177,0.024003806
liberty_unlisted_property,54,0.006871974,-0.019874887,0.023907808
liberty_unlisted_property,55,0.006870133,-0.019538196,0.023637182
liberty_unlisted_property,56,0.006830228,-0.019431828,0.023392561
liberty_unlisted_property,57,0.006819482,-0.019314228,0.023220577
liberty_unlisted_property,58,0.006799914,-0.019123091,0.022932012
liberty_unlisted_property,59,0.00683126,-0.019015585,0.022852186
liberty_unlisted_property,60,0.006832122,-0.018890413,0.022720953
liberty_unlisted_property,61,0.006849397,-0.018754077,0.02257458
liberty_unlisted_property,62,0.006863786,-0.018781517,0.022590295
liberty_unlisted_property,63,0.006840229,-0.01837044,0.022395627
liberty_unlisted_property,64,0.006793318,-0.018186174,0.022156019
liberty_unlisted_property,65,0.006808781,-0.018115761,0.022031105
liberty_unlisted_property,66,0.006828288,-0.017958588,0.021966645
liberty_unlisted_property,67,0.006847542,-0.01786254,0.021631914
liberty_unlisted_property,68,0.00686474,-0.017568724,0.021489032
liberty_unlisted_property,69,0.006847099,-0.017622337,0.021248175
liberty_unlisted_property,70,0.006878036,-0.01765803,0.021117825
liberty_unlisted_property,71,0.006842894,-0.017741112,0.020964728
liberty_unlisted_property,72,0.006851597,-0.017407195,0.020840111
liberty_unlisted_property,73,0.006814018,-0.01724993,0.02086139
liberty_unlisted_property,74,0.006814448,-0.016952984,0.020721421
liberty_unlisted_property,75,0.006839157,-0.01679108,0.020540434
liberty_unlisted_property,76,0.00681068,-0.016581348,0.020344668
liberty_unlisted_property,77,0.006825415,-0.016677423,0.020317405
liberty_unlisted_property,78,0.006819571,-0.01648535,0.02015931
liberty_unlisted_property,79,0.006816886,-0.016433023,0.019892446
liberty_unlisted_property,80,0.006838184,-0.016396818,0.019899297
liberty_unlisted_property,81,0.006835307,-0.016231822,0.019885448
liberty_unlisted_property,82,0.006812086,-0.016039846,0.01979744
liberty_unlisted_property,83,0.006827356,-0.015972369,0.019841061
liberty_unlisted_property,84,0.006829033,-0.015738668,0.019734562
liberty_unlisted_property,85,0.006837716,-0.01554577,0.019612261
liberty_unlisted_property,86,0.006824129,-0.015608414,0.019370748
liberty_unlisted_property,87,0.006835596,-0.015511417,0.01924555
liberty_unlisted_property,88,0.006836952,-0.015214081,0.019211449
liberty_unlisted_property,89,0.006819918,-0.015106231,0.019126142
liberty_unlisted_property,90,0.006833011,-0.015045218,0.019004984
liberty_unlisted_property,91,0.006819715,-0.015106909,0.018823459
liberty_unlisted_property,92,0.006810468,-0.014967401,0.018682823
liberty_unlisted_property,93,0.006832448,-0.015023087,0.018747625
liberty_unlisted_property,94,0.006854692,-0.014903181,0.01862755
liberty_unlisted_property,95,0.006868144,-0.014806903,0.018653454
liberty_unlisted_property,96,0.006870068,-0.014851945,0.018580878
liberty_unlisted_property,97,0.006862928,-0.014730227,0.018409508
liberty_unlisted_property,98,0.00687728,-0.014509447,0.018462809
liberty_unlisted_property,99,0.006863688,-0.014440031,0.018282251
liberty_unlisted_property,100,0.006891989,-0.014237352,0.018300969
liberty_unlisted_property_c,1,0.006898063,-0.155946006,0.168597215
liberty_unlisted_property_c,2,0.006531263,-0.110567086,0.118792021
liberty_unlisted_property_c,3,0.006518337,-0.08808775,0.0956282
liberty_unlisted_property_c,4,0.006689995,-0.077870089,0.084159096
liberty_unlisted_property_c,5,0.006903345,-0.069567528,0.075780115
liberty_unlisted_property_c,6,0.00711957,-0.062964859,0.069021193
liberty_unlisted_property_c,7,0.006951594,-0.058358436,0.063109255
liberty_unlisted_property_c,8,0.006905547,-0.054966254,0.05939614
liberty_unlisted_property_c,9,0.006801936,-0.05175199,0.056279206
liberty_unlisted_property_c,10,0.006904201,-0.0485228,0.052724194
liberty_unlisted_property_c,11,0.006946455,-0.045688172,0.050499496
liberty_unlisted_property_c,12,0.006931921,-0.043912713,0.049004745
liberty_unlisted_property_c,13,0.006971473,-0.042036722,0.04684154
liberty_unlisted_property_c,14,0.007094198,-0.040327942,0.045944112
liberty_unlisted_property_c,15,0.00716578,-0.039443403,0.044296469
liberty_unlisted_property_c,16,0.007163116,-0.037742645,0.042864067
liberty_unlisted_property_c,17,0.007161068,-0.036593468,0.041721395
liberty_unlisted_property_c,18,0.007152718,-0.035706362,0.040672511
liberty_unlisted_property_c,19,0.007044058,-0.034733083,0.039400333
liberty_unlisted_property_c,20,0.00695422,-0.033943301,0.038170252
liberty_unlisted_property_c,21,0.006934141,-0.033176042,0.037256321
liberty_unlisted_property_c,22,0.00688222,-0.031799046,0.036357237
liberty_unlisted_property_c,23,0.006884475,-0.031276129,0.035620884
liberty_unlisted_property_c,24,0.006862818,-0.030580651,0.035064257
liberty_unlisted_property_c,25,0.006961117,-0.030039386,0.034514491
liberty_unlisted_property_c,26,0.006973686,-0.029635205,0.033923661
liberty_unlisted_property_c,27,0.00698745,-0.02837414,0.033305046
liberty_unlisted_property_c,28,0.0069175,-0.027879644,0.032774611
liberty_unlisted_property_c,29,0.006905273,-0.027538017,0.032013391
liberty_unlisted_property_c,30,0.006879151,-0.027284497,0.031731788
liberty_unlisted_property_c,31,0.006928881,-0.026622849,0.031323
liberty_unlisted_property_c,32,0.006877065,-0.026358019,0.030430031
liberty_unlisted_property_c,33,0.006882473,-0.025700081,0.030342944
liberty_unlisted_property_c,34,0.006846335,-0.025655083,0.029875037
liberty_unlisted_property_c,35,0.006857072,-0.025077251,0.029549108
liberty_unlisted_property_c,36,0.006824696,-0.024686618,0.029080019
liberty_unlisted_property_c,37,0.006795285,-0.02431809,0.028669439
liberty_unlisted_property_c,38,0.006822839,-0.023584989,0.028180226
liberty_unlisted_property_c,39,0.006846077,-0.023365489,0.027769487
liberty_unlisted_property_c,40,0.00681464,-0.022978664,0.027568353
liberty_unlisted_property_c,41,0.006815354,-0.022753083,0.027287036
liberty_unlisted_property_c,42,0.006804851,-0.022834802,0.026840225
liberty_unlisted_property_c,43,0.006812079,-0.022428318,0.026485778
liberty_unlisted_property_c,44,0.00680317,-0.022359224,0.026088944
liberty_unlisted_property_c,45,0.00679619,-0.02187853,0.025692739
liberty_unlisted_property_c,46,0.006796599,-0.021932088,0.025457069
liberty_unlisted_property_c,47,0.00680025,-0.021773313,0.025213993
liberty_unlisted_property_c,48,0.006831026,-0.021468215,0.025069382
liberty_unlisted_property_c,49,0.006828524,-0.021063927,0.024849118
liberty_unlisted_property_c,50,0.006823475,-0.020594552,0.024701727
liberty_unlisted_property_c,51,0.006870391,-0.020539684,0.024326025
liberty_unlisted_property_c,52,0.0068555,-0.020545252,0.02431422
liberty_unlisted_property_c,53,0.006825874,-0.020223177,0.024003806
liberty_unlisted_property_c,54,0.006871974,-0.019874887,0.023907808
liberty_unlisted_property_c,55,0.006870133,-0.019538196,0.023637182
liberty_unlisted_property_c,56,0.006830228,-0.019431828,0.023392561
liberty_unlisted_property_c,57,0.006819482,-0.019314228,0.023220577
liberty_unlisted_property_c,58,0.006799914,-0.019123091,0.022932012
liberty_unlisted_property_c,59,0.00683126,-0.019015585,0.022852186
liberty_unlisted_property_c,60,0.006832122,-0.018890413,0.022720953
liberty_unlisted_property_c,61,0.006849397,-0.018754077,0.02257458
liberty_unlisted_property_c,62,0.006863786,-0.018781517,0.022590295
liberty_unlisted_property_c,63,0.006840229,-0.01837044,0.022395627
liberty_unlisted_property_c,64,0.006793318,-0.018186174,0.022156019
liberty_unlisted_property_c,65,0.006808781,-0.018115761,0.022031105
liberty_unlisted_property_c,66,0.006828288,-0.017958588,0.021966645
liberty_unlisted_property_c,67,0.006847542,-0.01786254,0.021631914
liberty_unlisted_property_c,68,0.00686474,-0.017568724,0.021489032
liberty_unlisted_property_c,69,0.006847099,-0.017622337,0.021248175
liberty_unlisted_property_c,70,0.006878036,-0.01765803,0.021117825
liberty_unlisted_property_c,71,0.006842894,-0.017741112,0.020964728
liberty_unlisted_property_c,72,0.006851597,-0.017407195,0.020840111
liberty_unlisted_property_c,73,0.006814018,-0.01724993,0.02086139
liberty_unlisted_property_c,74,0.006814448,-0.016952984,0.020721421
liberty_unlisted_property_c,75,0.006839157,-0.01679108,0.020540434
liberty_unlisted_property_c,76,0.00681068,-0.016581348,0.020344668
liberty_unlisted_property_c,77,0.006825415,-0.016677423,0.020317405
liberty_unlisted_property_c,78,0.006819571,-0.01648535,0.02015931
liberty_unlisted_property_c,79,0.006816886,-0.016433023,0.019892446
liberty_unlisted_property_c,80,0.006838184,-0.016396818,0.019899297
liberty_unlisted_property_c,81,0.006835307,-0.016231822,0.019885448
liberty_unlisted_property_c,82,0.006812086,-0.016039846,0.01979744
liberty_unlisted_property_c,83,0.006827356,-0.015972369,0.019841061
liberty_unlisted_property_c,84,0.006829033,-0.015738668,0.019734562
liberty_unlisted_property_c,85,0.006837716,-0.01554577,0.019612261
liberty_unlisted_property_c,86,0.006824129,-0.015608414,0.019370748
liberty_unlisted_property_c,87,0.006835596,-0.015511417,0.01924555
liberty_unlisted_property_c,88,0.006836952,-0.015214081,0.019211449
liberty_unlisted_property_c,89,0.006819918,-0.015106231,0.019126142
liberty_unlisted_property_c,90,0.006833011,-0.015045218,0.019004984
liberty_unlisted_property_c,91,0.006819715,-0.015106909,0.018823459
liberty_unlisted_property_c,92,0.006810468,-0.014967401,0.018682823
liberty_unlisted_property_c,93,0.006832448,-0.015023087,0.018747625
liberty_unlisted_property_c,94,0.006854692,-0.014903181,0.01862755
liberty_unlisted_property_c,95,0.006868144,-0.014806903,0.018653454
liberty_unlisted_property_c,96,0.006870068,-0.014851945,0.018580878
liberty_unlisted_property_c,97,0.006862928,-0.014730227,0.018409508
liberty_unlisted_property_c,98,0.00687728,-0.014509447,0.018462809
liberty_unlisted_property_c,99,0.006863688,-0.014440031,0.018282251
liberty_unlisted_property_c,100,0.006891989,-0.014237352,0.018300969
m_and_g_balanced_fund,1,0.059921635,-0.1670481,0.28870918
m_and_g_balanced_fund,2,0.05892951,-0.109365936,0.218137414
m_and_g_balanced_fund,3,0.059138658,-0.080671134,0.185891994
m_and_g_balanced_fund,4,0.058761222,-0.064136483,0.167000657
m_and_g_balanced_fund,5,0.058816521,-0.051252214,0.153973749
m_and_g_balanced_fund,6,0.059002741,-0.043092732,0.144983808
m_and_g_balanced_fund,7,0.058895725,-0.036043346,0.13775737
m_and_g_balanced_fund,8,0.059156811,-0.030277777,0.132290363
m_and_g_balanced_fund,9,0.059173065,-0.026812009,0.127944041
m_and_g_balanced_fund,10,0.059243491,-0.022551358,0.123914364
m_and_g_balanced_fund,11,0.05930635,-0.019414035,0.120209923
m_and_g_balanced_fund,12,0.059249716,-0.016553259,0.116899899
m_and_g_balanced_fund,13,0.059285876,-0.014019285,0.114594047
m_and_g_balanced_fund,14,0.059264762,-0.011860896,0.112036643
m_and_g_balanced_fund,15,0.059287443,-0.00950026,0.110157827
m_and_g_balanced_fund,16,0.059184149,-0.007675932,0.108365691
m_and_g_balanced_fund,17,0.059066078,-0.006043595,0.106474287
m_and_g_balanced_fund,18,0.059139473,-0.004269018,0.104862267
m_and_g_balanced_fund,19,0.059186342,-0.002774314,0.102964329
m_and_g_balanced_fund,20,0.05914699,-0.001428699,0.101596251
m_and_g_balanced_fund,21,0.059096625,0.000433015,0.100502837
m_and_g_balanced_fund,22,0.059039079,0.001004961,0.098903991
m_and_g_balanced_fund,23,0.059045226,0.002046812,0.098040265
m_and_g_balanced_fund,24,0.059057427,0.002644355,0.096806639
m_and_g_balanced_fund,25,0.059114363,0.003704141,0.09588569
m_and_g_balanced_fund,26,0.059085431,0.004290061,0.094658826
m_and_g_balanced_fund,27,0.059104743,0.005178466,0.093905798
m_and_g_balanced_fund,28,0.05911771,0.006056514,0.093259515
m_and_g_balanced_fund,29,0.059092039,0.00688606,0.092943052
m_and_g_balanced_fund,30,0.059099944,0.007591592,0.092145838
m_and_g_balanced_fund,31,0.059054025,0.008138703,0.09117853
m_and_g_balanced_fund,32,0.059066199,0.008519523,0.090664828
m_and_g_balanced_fund,33,0.059058221,0.009211771,0.08985583
m_and_g_balanced_fund,34,0.059068134,0.009651003,0.089190814
m_and_g_balanced_fund,35,0.059084638,0.010217793,0.08860784
m_and_g_balanced_fund,36,0.05914277,0.010817509,0.088078998
m_and_g_balanced_fund,37,0.059110119,0.011312901,0.087104413
m_and_g_balanced_fund,38,0.059119897,0.011747327,0.086715016
m_and_g_balanced_fund,39,0.059165817,0.012175039,0.08612544
m_and_g_balanced_fund,40,0.0591904,0.01268524,0.085798186
m_and_g_balanced_fund,41,0.059184442,0.01324344,0.085366592
m_and_g_balanced_fund,42,0.059212524,0.01350068,0.085118383
m_and_g_balanced_fund,43,0.059215746,0.014274103,0.084875273
m_and_g_balanced_fund,44,0.059151392,0.014575304,0.084432276
m_and_g_balanced_fund,45,0.059145462,0.014755238,0.083848045
m_and_g_balanced_fund,46,0.059127864,0.015011679,0.083284949
m_and_g_balanced_fund,47,0.059144459,0.015450153,0.082923823
m_and_g_balanced_fund,48,0.059168298,0.015897167,0.082922718
m_and_g_balanced_fund,49,0.059158206,0.016067552,0.082503769
m_and_g_balanced_fund,50,0.059199899,0.0164497,0.082328886
m_and_g_balanced_fund,51,0.059198483,0.016765673,0.082023704
m_and_g_balanced_fund,52,0.059206087,0.017200847,0.081662733
m_and_g_balanced_fund,53,0.059210687,0.017431253,0.081283631
m_and_g_balanced_fund,54,0.059181586,0.017694284,0.081067751
m_and_g_balanced_fund,55,0.0591888,0.017703295,0.080684418
m_and_g_balanced_fund,56,0.059201051,0.018131797,0.080683167
m_and_g_balanced_fund,57,0.059210868,0.018354661,0.080384194
m_and_g_balanced_fund,58,0.059184729,0.018543652,0.080077154
m_and_g_balanced_fund,59,0.059151235,0.018818524,0.079727931
m_and_g_balanced_fund,60,0.059152061,0.019146595,0.079321205
m_and_g_balanced_fund,61,0.059210453,0.019468945,0.079312481
m_and_g_balanced_fund,62,0.059199367,0.019542444,0.07900766
m_and_g_balanced_fund,63,0.059228703,0.019751645,0.078771123
m_and_g_balanced_fund,64,0.059227765,0.019812702,0.078544833
m_and_g_balanced_fund,65,0.059264029,0.020147554,0.078518096
m_and_g_balanced_fund,66,0.05930608,0.020397373,0.078320815
m_and_g_balanced_fund,67,0.059310665,0.020636082,0.077988954
m_and_g_balanced_fund,68,0.05931887,0.020943766,0.077859286
m_and_g_balanced_fund,69,0.059322253,0.021213165,0.077606819
m_and_g_balanced_fund,70,0.059330916,0.02128721,0.077378452
m_and_g_balanced_fund,71,0.059377687,0.021610374,0.077205708
m_and_g_balanced_fund,72,0.059405899,0.021758404,0.076942708
m_and_g_balanced_fund,73,0.059405143,0.021816141,0.076764095
m_and_g_balanced_fund,74,0.059383265,0.022007438,0.07671854
m_and_g_balanced_fund,75,0.059414839,0.022335968,0.076491975
m_and_g_balanced_fund,76,0.059391884,0.022468007,0.076310467
m_and_g_balanced_fund,77,0.059337397,0.022804202,0.075991038
m_and_g_balanced_fund,78,0.059338814,0.022847208,0.075871355
m_and_g_balanced_fund,79,0.059346948,0.023031088,0.075645259
m_and_g_balanced_fund,80,0.059352105,0.023228944,0.075482305
m_and_g_balanced_fund,81,0.059351257,0.023385116,0.075253826
m_and_g_balanced_fund,82,0.059392424,0.023512019,0.0750947
m_and_g_balanced_fund,83,0.059387593,0.023625809,0.074938399
m_and_g_balanced_fund,84,0.059362083,0.023740047,0.074844726
m_and_g_balanced_fund,85,0.059350995,0.023928298,0.074676187
m_and_g_balanced_fund,86,0.059373766,0.024104017,0.074579393
m_and_g_balanced_fund,87,0.059394995,0.024287556,0.074561955
m_and_g_balanced_fund,88,0.059367839,0.024473223,0.074385669
m_and_g_balanced_fund,89,0.05936462,0.024610269,0.074201289
m_and_g_balanced_fund,90,0.059369118,0.024669192,0.07417398
m_and_g_balanced_fund,91,0.059348626,0.024855147,0.074026656
m_and_g_balanced_fund,92,0.059344128,0.025068085,0.073789034
m_and_g_balanced_fund,93,0.059379824,0.025126189,0.073542462
m_and_g_balanced_fund,94,0.059328653,0.025203628,0.073410677
m_and_g_balanced_fund,95,0.059355251,0.025431747,0.073192458
m_and_g_balanced_fund,96,0.059343272,0.025521712,0.073051349
m_and_g_balanced_fund,97,0.059335223,0.025603322,0.072957548
m_and_g_balanced_fund,98,0.059399255,0.025746693,0.072903439
m_and_g_balanced_fund,99,0.059425575,0.025892848,0.072846791
m_and_g_balanced_fund,100,0.059417057,0.025941189,0.072673405
m_and_g_inflation_plus_fund,1,0.054485817,-0.144328251,0.255524245
m_and_g_inflation_plus_fund,2,0.053926525,-0.092231437,0.193661833
m_and_g_inflation_plus_fund,3,0.054016478,-0.067136794,0.165844206
m_and_g_inflation_plus_fund,4,0.053714092,-0.053208475,0.149359149
m_and_g_inflation_plus_fund,5,0.053768172,-0.042033411,0.137673053
m_and_g_inflation_plus_fund,6,0.05389511,-0.034870424,0.129887949
m_and_g_inflation_plus_fund,7,0.053821442,-0.028466933,0.123159912
m_and_g_inflation_plus_fund,8,0.05400875,-0.023664776,0.11836014
m_and_g_inflation_plus_fund,9,0.053982033,-0.020362906,0.11466028
m_and_g_inflation_plus_fund,10,0.054027114,-0.016667673,0.111071596
m_and_g_inflation_plus_fund,11,0.054056739,-0.013777611,0.108054093
m_and_g_inflation_plus_fund,12,0.054016345,-0.011235612,0.105214934
m_and_g_inflation_plus_fund,13,0.054042516,-0.009012699,0.103201198
m_and_g_inflation_plus_fund,14,0.054033434,-0.007022657,0.100929772
m_and_g_inflation_plus_fund,15,0.054006843,-0.005074879,0.099231561
m_and_g_inflation_plus_fund,16,0.053952789,-0.003301704,0.097809627
m_and_g_inflation_plus_fund,17,0.053863015,-0.002162037,0.096106134
m_and_g_inflation_plus_fund,18,0.053897321,-0.000630116,0.094573069
m_and_g_inflation_plus_fund,19,0.053953764,0.000624127,0.093078978
m_and_g_inflation_plus_fund,20,0.053938092,0.001989405,0.091798099
m_and_g_inflation_plus_fund,21,0.053929868,0.003435693,0.090870664
m_and_g_inflation_plus_fund,22,0.053882843,0.004139499,0.089689344
m_and_g_inflation_plus_fund,23,0.053873798,0.005161729,0.088580478
m_and_g_inflation_plus_fund,24,0.053868097,0.005643979,0.087636281
m_and_g_inflation_plus_fund,25,0.05391858,0.006662887,0.086950559
m_and_g_inflation_plus_fund,26,0.053870013,0.007133035,0.085852787
m_and_g_inflation_plus_fund,27,0.05388949,0.007958947,0.085285564
m_and_g_inflation_plus_fund,28,0.05391374,0.00865737,0.084718637
m_and_g_inflation_plus_fund,29,0.053923179,0.009359863,0.084368177
m_and_g_inflation_plus_fund,30,0.053910446,0.009926488,0.08362841
m_and_g_inflation_plus_fund,31,0.053898902,0.010467929,0.082861948
m_and_g_inflation_plus_fund,32,0.053911868,0.010743717,0.082444501
m_and_g_inflation_plus_fund,33,0.053904472,0.011332963,0.081763402
m_and_g_inflation_plus_fund,34,0.053916623,0.011738136,0.08127194
m_and_g_inflation_plus_fund,35,0.053936541,0.012165262,0.080678046
m_and_g_inflation_plus_fund,36,0.053984571,0.012701021,0.080201624
m_and_g_inflation_plus_fund,37,0.053965293,0.013106763,0.079344202
m_and_g_inflation_plus_fund,38,0.053978542,0.013473111,0.078946552
m_and_g_inflation_plus_fund,39,0.054019915,0.014014775,0.078407857
m_and_g_inflation_plus_fund,40,0.054043104,0.014418561,0.078127382
m_and_g_inflation_plus_fund,41,0.05403838,0.014899993,0.077808826
m_and_g_inflation_plus_fund,42,0.054059424,0.015110858,0.077537434
m_and_g_inflation_plus_fund,43,0.05406922,0.015735716,0.077245533
m_and_g_inflation_plus_fund,44,0.054043442,0.015950742,0.076882382
m_and_g_inflation_plus_fund,45,0.054033774,0.016225978,0.076409423
m_and_g_inflation_plus_fund,46,0.054035922,0.016409391,0.075988252
m_and_g_inflation_plus_fund,47,0.054039696,0.016785151,0.075712701
m_and_g_inflation_plus_fund,48,0.054062023,0.017072102,0.075685786
m_and_g_inflation_plus_fund,49,0.05404481,0.017258211,0.075200121
m_and_g_inflation_plus_fund,50,0.054078734,0.017449267,0.075112084
m_and_g_inflation_plus_fund,51,0.054069434,0.017748034,0.0748419
m_and_g_inflation_plus_fund,52,0.054075985,0.018167379,0.074466093
m_and_g_inflation_plus_fund,53,0.054077135,0.018409068,0.074212777
m_and_g_inflation_plus_fund,54,0.054058247,0.018587521,0.074031962
m_and_g_inflation_plus_fund,55,0.054058053,0.018734826,0.073676662
m_and_g_inflation_plus_fund,56,0.054056211,0.019130095,0.073680652
m_and_g_inflation_plus_fund,57,0.05406483,0.019324568,0.073352602
m_and_g_inflation_plus_fund,58,0.054055208,0.019529687,0.073146546
m_and_g_inflation_plus_fund,59,0.054022149,0.019710591,0.072891392
m_and_g_inflation_plus_fund,60,0.054025062,0.01996563,0.072462917
m_and_g_inflation_plus_fund,61,0.054057279,0.020264082,0.072365966
m_and_g_inflation_plus_fund,62,0.054056587,0.020412345,0.072112062
m_and_g_inflation_plus_fund,63,0.054070289,0.020541688,0.071988923
m_and_g_inflation_plus_fund,64,0.05407516,0.020598356,0.071785733
m_and_g_inflation_plus_fund,65,0.054091408,0.020825154,0.0716685
m_and_g_inflation_plus_fund,66,0.054118401,0.021056208,0.07150694
m_and_g_inflation_plus_fund,67,0.05411582,0.021273456,0.071259955
m_and_g_inflation_plus_fund,68,0.054109434,0.021542379,0.071071961
m_and_g_inflation_plus_fund,69,0.054110574,0.021792797,0.070878347
m_and_g_inflation_plus_fund,70,0.054124814,0.021844844,0.070679576
m_and_g_inflation_plus_fund,71,0.054162214,0.022168153,0.070540417
m_and_g_inflation_plus_fund,72,0.054176501,0.022280436,0.070348698
m_and_g_inflation_plus_fund,73,0.054169235,0.022320301,0.070203747
m_and_g_inflation_plus_fund,74,0.05415372,0.022487245,0.070110656
m_and_g_inflation_plus_fund,75,0.054164347,0.022741023,0.069881079
m_and_g_inflation_plus_fund,76,0.054147731,0.022897938,0.069761049
m_and_g_inflation_plus_fund,77,0.054122537,0.023148711,0.069558154
m_and_g_inflation_plus_fund,78,0.054121054,0.023175914,0.069452696
m_and_g_inflation_plus_fund,79,0.054119499,0.023307473,0.069244667
m_and_g_inflation_plus_fund,80,0.054123148,0.023544998,0.069110886
m_and_g_inflation_plus_fund,81,0.054127755,0.023630092,0.068929184
m_and_g_inflation_plus_fund,82,0.054159785,0.023742353,0.068737275
m_and_g_inflation_plus_fund,83,0.054159833,0.023893558,0.068622843
m_and_g_inflation_plus_fund,84,0.054146879,0.023945154,0.068548349
m_and_g_inflation_plus_fund,85,0.054130224,0.024134635,0.068391186
m_and_g_inflation_plus_fund,86,0.054148673,0.024303612,0.068313462
m_and_g_inflation_plus_fund,87,0.05416901,0.024487311,0.06835757
m_and_g_inflation_plus_fund,88,0.054160447,0.024662378,0.068193779
m_and_g_inflation_plus_fund,89,0.054161657,0.024796379,0.068031932
m_and_g_inflation_plus_fund,90,0.054163148,0.024872373,0.067968028
m_and_g_inflation_plus_fund,91,0.054153081,0.025008131,0.067844528
m_and_g_inflation_plus_fund,92,0.054146812,0.025145148,0.067640124
m_and_g_inflation_plus_fund,93,0.054159619,0.025171571,0.06743764
m_and_g_inflation_plus_fund,94,0.054132977,0.025230736,0.067349902
m_and_g_inflation_plus_fund,95,0.054146859,0.025380054,0.067174107
m_and_g_inflation_plus_fund,96,0.054143703,0.025477708,0.067058458
m_and_g_inflation_plus_fund,97,0.0541387,0.02555039,0.066952697
m_and_g_inflation_plus_fund,98,0.054173011,0.02562755,0.066861903
m_and_g_inflation_plus_fund,99,0.054199297,0.025782683,0.066833058
m_and_g_inflation_plus_fund,100,0.054198248,0.025865982,0.066696582
melville_douglas_global_equity_feeder_fund,1,0.067576546,-0.187078761,0.326384816
melville_douglas_global_equity_feeder_fund,2,0.066892174,-0.125414658,0.24566447
melville_douglas_global_equity_feeder_fund,3,0.068109169,-0.092372024,0.210303714
melville_douglas_global_equity_feeder_fund,4,0.068349816,-0.072479216,0.190682858
melville_douglas_global_equity_feeder_fund,5,0.068335229,-0.057944048,0.175104575
melville_douglas_global_equity_feeder_fund,6,0.06853437,-0.048185818,0.164558173
melville_douglas_global_equity_feeder_fund,7,0.06842149,-0.041707414,0.155807531
melville_douglas_global_equity_feeder_fund,8,0.068626843,-0.035072817,0.150504904
melville_douglas_global_equity_feeder_fund,9,0.06850311,-0.030565486,0.145702187
melville_douglas_global_equity_feeder_fund,10,0.068377605,-0.026238476,0.140008395
melville_douglas_global_equity_feeder_fund,11,0.068575329,-0.02259791,0.136222561
melville_douglas_global_equity_feeder_fund,12,0.068312903,-0.01967739,0.132134628
melville_douglas_global_equity_feeder_fund,13,0.068396863,-0.015773034,0.12964053
melville_douglas_global_equity_feeder_fund,14,0.068388324,-0.01378604,0.12641977
melville_douglas_global_equity_feeder_fund,15,0.068316561,-0.011001865,0.125109834
melville_douglas_global_equity_feeder_fund,16,0.067947961,-0.008673281,0.122103136
melville_douglas_global_equity_feeder_fund,17,0.068086032,-0.006461202,0.11994373
melville_douglas_global_equity_feeder_fund,18,0.068262073,-0.004860644,0.118292246
melville_douglas_global_equity_feeder_fund,19,0.068384736,-0.00343291,0.116882894
melville_douglas_global_equity_feeder_fund,20,0.068235053,-0.002252013,0.115969371
melville_douglas_global_equity_feeder_fund,21,0.068185275,0.000176672,0.113984224
melville_douglas_global_equity_feeder_fund,22,0.068174582,0.000641726,0.111955496
melville_douglas_global_equity_feeder_fund,23,0.0682903,0.00184287,0.111829759
melville_douglas_global_equity_feeder_fund,24,0.068400356,0.002636556,0.110949257
melville_douglas_global_equity_feeder_fund,25,0.068421038,0.00367553,0.109808978
melville_douglas_global_equity_feeder_fund,26,0.068468819,0.005083174,0.108042922
melville_douglas_global_equity_feeder_fund,27,0.068448923,0.005743311,0.106620886
melville_douglas_global_equity_feeder_fund,28,0.068327557,0.00677815,0.106045046
melville_douglas_global_equity_feeder_fund,29,0.068240252,0.007694941,0.105528523
melville_douglas_global_equity_feeder_fund,30,0.06820404,0.008804813,0.104949527
melville_douglas_global_equity_feeder_fund,31,0.068252587,0.008702913,0.104240827
melville_douglas_global_equity_feeder_fund,32,0.068343259,0.009319357,0.103567831
melville_douglas_global_equity_feeder_fund,33,0.068325449,0.010412132,0.102907712
melville_douglas_global_equity_feeder_fund,34,0.068362835,0.010710733,0.102003107
melville_douglas_global_equity_feeder_fund,35,0.068478968,0.011763746,0.101203994
melville_douglas_global_equity_feeder_fund,36,0.068541654,0.012424249,0.100864661
melville_douglas_global_equity_feeder_fund,37,0.068535457,0.012934211,0.100120377
melville_douglas_global_equity_feeder_fund,38,0.068547173,0.013621411,0.099496985
melville_douglas_global_equity_feeder_fund,39,0.068577267,0.013943147,0.09921893
melville_douglas_global_equity_feeder_fund,40,0.068611285,0.014369205,0.098613314
melville_douglas_global_equity_feeder_fund,41,0.068538681,0.015142966,0.098035276
melville_douglas_global_equity_feeder_fund,42,0.068471017,0.015099064,0.09752693
melville_douglas_global_equity_feeder_fund,43,0.068455381,0.016242004,0.097275987
melville_douglas_global_equity_feeder_fund,44,0.068290073,0.016622242,0.096268262
melville_douglas_global_equity_feeder_fund,45,0.068322158,0.016361108,0.095797913
melville_douglas_global_equity_feeder_fund,46,0.068315191,0.01697004,0.09553695
melville_douglas_global_equity_feeder_fund,47,0.06834275,0.017456788,0.095186631
melville_douglas_global_equity_feeder_fund,48,0.068334296,0.018377152,0.094968834
melville_douglas_global_equity_feeder_fund,49,0.068258451,0.018891284,0.094901873
melville_douglas_global_equity_feeder_fund,50,0.068357564,0.019325314,0.09448124
melville_douglas_global_equity_feeder_fund,51,0.068331579,0.019496429,0.094236784
melville_douglas_global_equity_feeder_fund,52,0.068341887,0.020000287,0.09371578
melville_douglas_global_equity_feeder_fund,53,0.068299004,0.020426104,0.093165136
melville_douglas_global_equity_feeder_fund,54,0.068292029,0.020693506,0.092657273
melville_douglas_global_equity_feeder_fund,55,0.068278955,0.020357416,0.092031973
melville_douglas_global_equity_feeder_fund,56,0.06829324,0.020850596,0.091774299
melville_douglas_global_equity_feeder_fund,57,0.068318978,0.021278745,0.091591979
melville_douglas_global_equity_feeder_fund,58,0.068259971,0.021392074,0.091384036
melville_douglas_global_equity_feeder_fund,59,0.068231412,0.021651296,0.09077354
melville_douglas_global_equity_feeder_fund,60,0.068185971,0.022304857,0.090452923
melville_douglas_global_equity_feeder_fund,61,0.068239983,0.022435124,0.090594971
melville_douglas_global_equity_feeder_fund,62,0.068262605,0.022295478,0.090229261
melville_douglas_global_equity_feeder_fund,63,0.068326112,0.022432893,0.089787766
melville_douglas_global_equity_feeder_fund,64,0.068300526,0.02287859,0.089580803
melville_douglas_global_equity_feeder_fund,65,0.068404166,0.023217803,0.089468885
melville_douglas_global_equity_feeder_fund,66,0.068491763,0.023309513,0.089329726
melville_douglas_global_equity_feeder_fund,67,0.068478436,0.023971846,0.08899332
melville_douglas_global_equity_feeder_fund,68,0.068477649,0.024021047,0.088895326
melville_douglas_global_equity_feeder_fund,69,0.068495267,0.024389962,0.088575683
melville_douglas_global_equity_feeder_fund,70,0.068525017,0.024635017,0.088388849
melville_douglas_global_equity_feeder_fund,71,0.068540122,0.025071639,0.088218392
melville_douglas_global_equity_feeder_fund,72,0.06853831,0.025272514,0.08771997
melville_douglas_global_equity_feeder_fund,73,0.068576491,0.025385091,0.087642986
melville_douglas_global_equity_feeder_fund,74,0.06856777,0.025515521,0.087832354
melville_douglas_global_equity_feeder_fund,75,0.068595736,0.025768761,0.087596541
melville_douglas_global_equity_feeder_fund,76,0.068661046,0.025840491,0.087345801
melville_douglas_global_equity_feeder_fund,77,0.068618164,0.026247538,0.08677743
melville_douglas_global_equity_feeder_fund,78,0.068643427,0.026171078,0.086764322
melville_douglas_global_equity_feeder_fund,79,0.068653714,0.026438858,0.086398272
melville_douglas_global_equity_feeder_fund,80,0.068687982,0.026487068,0.086029299
melville_douglas_global_equity_feeder_fund,81,0.068664147,0.026851482,0.085910346
melville_douglas_global_equity_feeder_fund,82,0.068663143,0.026924325,0.085718521
melville_douglas_global_equity_feeder_fund,83,0.068579072,0.02723724,0.085347774
melville_douglas_global_equity_feeder_fund,84,0.068511344,0.027344015,0.085165766
melville_douglas_global_equity_feeder_fund,85,0.068528691,0.02758406,0.084989667
melville_douglas_global_equity_feeder_fund,86,0.068530387,0.027850501,0.084800311
melville_douglas_global_equity_feeder_fund,87,0.068551665,0.028167404,0.084683965
melville_douglas_global_equity_feeder_fund,88,0.068529382,0.028190481,0.084635035
melville_douglas_global_equity_feeder_fund,89,0.068498412,0.028380064,0.084394376
melville_douglas_global_equity_feeder_fund,90,0.068471785,0.028460871,0.084250815
melville_douglas_global_equity_feeder_fund,91,0.068397553,0.028670188,0.084090871
melville_douglas_global_equity_feeder_fund,92,0.068417687,0.028974751,0.083887498
melville_douglas_global_equity_feeder_fund,93,0.068485719,0.029034561,0.083643305
melville_douglas_global_equity_feeder_fund,94,0.068377471,0.029042769,0.083224546
melville_douglas_global_equity_feeder_fund,95,0.068463859,0.029167619,0.083113551
melville_douglas_global_equity_feeder_fund,96,0.068422566,0.029177086,0.083053719
melville_douglas_global_equity_feeder_fund,97,0.068433898,0.029344309,0.083038346
melville_douglas_global_equity_feeder_fund,98,0.068590656,0.02960412,0.082952177
melville_douglas_global_equity_feeder_fund,99,0.068644741,0.029778506,0.082996473
melville_douglas_global_equity_feeder_fund,100,0.068602925,0.029892598,0.082742953
multi_strategy_1,1,0.046899456,-0.041641581,0.136443849
multi_strategy_1,2,0.047001615,-0.017123568,0.109203694
multi_strategy_1,3,0.047025349,-0.005746717,0.097214811
multi_strategy_1,4,0.04696555,0.000338729,0.090087715
multi_strategy_1,5,0.046959808,0.005085733,0.084809589
multi_strategy_1,6,0.046988428,0.008348857,0.081353291
multi_strategy_1,7,0.04697908,0.011187394,0.078217562
multi_strategy_1,8,0.047008421,0.013182845,0.076020179
multi_strategy_1,9,0.046985844,0.014960208,0.074411741
multi_strategy_1,10,0.046976892,0.016572342,0.072733916
multi_strategy_1,11,0.046993826,0.017963352,0.071556285
multi_strategy_1,12,0.046973373,0.019085145,0.070380775
multi_strategy_1,13,0.046985988,0.020152295,0.069430069
multi_strategy_1,14,0.047004284,0.021050118,0.068475055
multi_strategy_1,15,0.046958615,0.02178007,0.06770989
multi_strategy_1,16,0.046943696,0.022671167,0.067074619
multi_strategy_1,17,0.04693215,0.023021214,0.066296396
multi_strategy_1,18,0.04692799,0.023680266,0.065566112
multi_strategy_1,19,0.046965294,0.024202777,0.06503627
multi_strategy_1,20,0.046966611,0.024877926,0.064498206
multi_strategy_1,21,0.046980361,0.025381356,0.064041682
multi_strategy_1,22,0.046970395,0.025861506,0.063653975
multi_strategy_1,23,0.046966998,0.02635525,0.06302064
multi_strategy_1,24,0.046956013,0.026579325,0.062735365
multi_strategy_1,25,0.046971602,0.027090504,0.062489217
multi_strategy_1,26,0.046943103,0.027280642,0.061998742
multi_strategy_1,27,0.04695062,0.027682276,0.06175579
multi_strategy_1,28,0.046956697,0.027949443,0.061482174
multi_strategy_1,29,0.046974407,0.028215365,0.061230718
multi_strategy_1,30,0.046961827,0.028472964,0.060932458
multi_strategy_1,31,0.046979254,0.02873819,0.060665482
multi_strategy_1,32,0.046983519,0.028860922,0.060444383
multi_strategy_1,33,0.046979054,0.029137544,0.060203763
multi_strategy_1,34,0.046985064,0.029318457,0.060051414
multi_strategy_1,35,0.046997726,0.029508069,0.059733248
multi_strategy_1,36,0.047015225,0.029750625,0.059522687
multi_strategy_1,37,0.047018883,0.029907646,0.059194325
multi_strategy_1,38,0.047027914,0.030083448,0.058957275
multi_strategy_1,39,0.047040251,0.030397458,0.058727447
multi_strategy_1,40,0.04704856,0.030503531,0.058590616
multi_strategy_1,41,0.047047279,0.030731107,0.058480724
multi_strategy_1,42,0.047042882,0.030774122,0.058299351
multi_strategy_1,43,0.047054183,0.031012662,0.058109916
multi_strategy_1,44,0.047054063,0.031104506,0.057956887
multi_strategy_1,45,0.047049076,0.031277468,0.057808338
multi_strategy_1,46,0.047063091,0.031351147,0.057697801
multi_strategy_1,47,0.047058204,0.031490839,0.05759392
multi_strategy_1,48,0.047063411,0.031610735,0.057515879
multi_strategy_1,49,0.047051622,0.031747215,0.057279357
multi_strategy_1,50,0.047067893,0.031778079,0.057255568
multi_strategy_1,51,0.04705951,0.031902619,0.057125834
multi_strategy_1,52,0.047061738,0.032100545,0.05695022
multi_strategy_1,53,0.047059213,0.032233791,0.056880118
multi_strategy_1,54,0.047058202,0.032304865,0.056770862
multi_strategy_1,55,0.047056349,0.032443227,0.056610283
multi_strategy_1,56,0.047046614,0.032605088,0.05655909
multi_strategy_1,57,0.047052156,0.032691387,0.056405417
multi_strategy_1,58,0.047054571,0.032800755,0.056340911
multi_strategy_1,59,0.047039248,0.032867885,0.056236768
multi_strategy_1,60,0.047041902,0.032961171,0.056034871
multi_strategy_1,61,0.04704553,0.033074205,0.055958052
multi_strategy_1,62,0.047053591,0.033173761,0.055857797
multi_strategy_1,63,0.047051884,0.033203622,0.055816155
multi_strategy_1,64,0.047055026,0.033259667,0.055718256
multi_strategy_1,65,0.047055307,0.033308893,0.055606317
multi_strategy_1,66,0.047058284,0.033402895,0.055541173
multi_strategy_1,67,0.047053482,0.033523304,0.055448085
multi_strategy_1,68,0.047043841,0.033616014,0.055334131
multi_strategy_1,69,0.047044215,0.033736138,0.055272777
multi_strategy_1,70,0.047055422,0.03378059,0.055208651
multi_strategy_1,71,0.047062049,0.03394323,0.055144865
multi_strategy_1,72,0.047063557,0.033986515,0.055077914
multi_strategy_1,73,0.0470564,0.034020525,0.055023182
multi_strategy_1,74,0.047053299,0.034092722,0.054961277
multi_strategy_1,75,0.047044231,0.034161449,0.054845256
multi_strategy_1,76,0.047045802,0.034262304,0.05480316
multi_strategy_1,77,0.047049041,0.03432851,0.054750953
multi_strategy_1,78,0.047046303,0.034335008,0.054695727
multi_strategy_1,79,0.047038525,0.034374679,0.054595013
multi_strategy_1,80,0.047040888,0.034495349,0.054538968
multi_strategy_1,81,0.047045426,0.03451314,0.054488961
multi_strategy_1,82,0.047051336,0.034567667,0.054390932
multi_strategy_1,83,0.047047722,0.034667556,0.054342192
multi_strategy_1,84,0.04704675,0.034668374,0.054308443
multi_strategy_1,85,0.047039305,0.034777703,0.054229425
multi_strategy_1,86,0.047045493,0.034857254,0.054178163
multi_strategy_1,87,0.04705402,0.034966028,0.054230742
multi_strategy_1,88,0.047063833,0.035039479,0.054169557
multi_strategy_1,89,0.047066456,0.035116808,0.054097639
multi_strategy_1,90,0.04706822,0.035154872,0.05403307
multi_strategy_1,91,0.047068085,0.035198694,0.053970037
multi_strategy_1,92,0.047064976,0.035222727,0.053900898
multi_strategy_1,93,0.047060047,0.035233612,0.053834327
multi_strategy_1,94,0.047059065,0.035250906,0.053778839
multi_strategy_1,95,0.047062801,0.035277814,0.053726222
multi_strategy_1,96,0.047066399,0.0353135,0.053690292
multi_strategy_1,97,0.047067399,0.035349208,0.053626675
multi_strategy_1,98,0.047072851,0.0353699,0.053566466
multi_strategy_1,99,0.047084877,0.035474017,0.053551504
multi_strategy_1,100,0.047084044,0.035529435,0.053509413
multi_strategy_1_c,1,0.046899456,-0.041641581,0.136443849
multi_strategy_1_c,2,0.047001615,-0.017123568,0.109203694
multi_strategy_1_c,3,0.047025349,-0.005746717,0.097214811
multi_strategy_1_c,4,0.04696555,0.000338729,0.090087715
multi_strategy_1_c,5,0.046959808,0.005085733,0.084809589
multi_strategy_1_c,6,0.046988428,0.008348857,0.081353291
multi_strategy_1_c,7,0.04697908,0.011187394,0.078217562
multi_strategy_1_c,8,0.047008421,0.013182845,0.076020179
multi_strategy_1_c,9,0.046985844,0.014960208,0.074411741
multi_strategy_1_c,10,0.046976892,0.016572342,0.072733916
multi_strategy_1_c,11,0.046993826,0.017963352,0.071556285
multi_strategy_1_c,12,0.046973373,0.019085145,0.070380775
multi_strategy_1_c,13,0.046985988,0.020152295,0.069430069
multi_strategy_1_c,14,0.047004284,0.021050118,0.068475055
multi_strategy_1_c,15,0.046958615,0.02178007,0.06770989
multi_strategy_1_c,16,0.046943696,0.022671167,0.067074619
multi_strategy_1_c,17,0.04693215,0.023021214,0.066296396
multi_strategy_1_c,18,0.04692799,0.023680266,0.065566112
multi_strategy_1_c,19,0.046965294,0.024202777,0.06503627
multi_strategy_1_c,20,0.046966611,0.024877926,0.064498206
multi_strategy_1_c,21,0.046980361,0.025381356,0.064041682
multi_strategy_1_c,22,0.046970395,0.025861506,0.063653975
multi_strategy_1_c,23,0.046966998,0.02635525,0.06302064
multi_strategy_1_c,24,0.046956013,0.026579325,0.062735365
multi_strategy_1_c,25,0.046971602,0.027090504,0.062489217
multi_strategy_1_c,26,0.046943103,0.027280642,0.061998742
multi_strategy_1_c,27,0.04695062,0.027682276,0.06175579
multi_strategy_1_c,28,0.046956697,0.027949443,0.061482174
multi_strategy_1_c,29,0.046974407,0.028215365,0.061230718
multi_strategy_1_c,30,0.046961827,0.028472964,0.060932458
multi_strategy_1_c,31,0.046979254,0.02873819,0.060665482
multi_strategy_1_c,32,0.046983519,0.028860922,0.060444383
multi_strategy_1_c,33,0.046979054,0.029137544,0.060203763
multi_strategy_1_c,34,0.046985064,0.029318457,0.060051414
multi_strategy_1_c,35,0.046997726,0.029508069,0.059733248
multi_strategy_1_c,36,0.047015225,0.029750625,0.059522687
multi_strategy_1_c,37,0.047018883,0.029907646,0.059194325
multi_strategy_1_c,38,0.047027914,0.030083448,0.058957275
multi_strategy_1_c,39,0.047040251,0.030397458,0.058727447
multi_strategy_1_c,40,0.04704856,0.030503531,0.058590616
multi_strategy_1_c,41,0.047047279,0.030731107,0.058480724
multi_strategy_1_c,42,0.047042882,0.030774122,0.058299351
multi_strategy_1_c,43,0.047054183,0.031012662,0.058109916
multi_strategy_1_c,44,0.047054063,0.031104506,0.057956887
multi_strategy_1_c,45,0.047049076,0.031277468,0.057808338
multi_strategy_1_c,46,0.047063091,0.031351147,0.057697801
multi_strategy_1_c,47,0.047058204,0.031490839,0.05759392
multi_strategy_1_c,48,0.047063411,0.031610735,0.057515879
multi_strategy_1_c,49,0.047051622,0.031747215,0.057279357
multi_strategy_1_c,50,0.047067893,0.031778079,0.057255568
multi_strategy_1_c,51,0.04705951,0.031902619,0.057125834
multi_strategy_1_c,52,0.047061738,0.032100545,0.05695022
multi_strategy_1_c,53,0.047059213,0.032233791,0.056880118
multi_strategy_1_c,54,0.047058202,0.032304865,0.056770862
multi_strategy_1_c,55,0.047056349,0.032443227,0.056610283
multi_strategy_1_c,56,0.047046614,0.032605088,0.05655909
multi_strategy_1_c,57,0.047052156,0.032691387,0.056405417
multi_strategy_1_c,58,0.047054571,0.032800755,0.056340911
multi_strategy_1_c,59,0.047039248,0.032867885,0.056236768
multi_strategy_1_c,60,0.047041902,0.032961171,0.056034871
multi_strategy_1_c,61,0.04704553,0.033074205,0.055958052
multi_strategy_1_c,62,0.047053591,0.033173761,0.055857797
multi_strategy_1_c,63,0.047051884,0.033203622,0.055816155
multi_strategy_1_c,64,0.047055026,0.033259667,0.055718256
multi_strategy_1_c,65,0.047055307,0.033308893,0.055606317
multi_strategy_1_c,66,0.047058284,0.033402895,0.055541173
multi_strategy_1_c,67,0.047053482,0.033523304,0.055448085
multi_strategy_1_c,68,0.047043841,0.033616014,0.055334131
multi_strategy_1_c,69,0.047044215,0.033736138,0.055272777
multi_strategy_1_c,70,0.047055422,0.03378059,0.055208651
multi_strategy_1_c,71,0.047062049,0.03394323,0.055144865
multi_strategy_1_c,72,0.047063557,0.033986515,0.055077914
multi_strategy_1_c,73,0.0470564,0.034020525,0.055023182
multi_strategy_1_c,74,0.047053299,0.034092722,0.054961277
multi_strategy_1_c,75,0.047044231,0.034161449,0.054845256
multi_strategy_1_c,76,0.047045802,0.034262304,0.05480316
multi_strategy_1_c,77,0.047049041,0.03432851,0.054750953
multi_strategy_1_c,78,0.047046303,0.034335008,0.054695727
multi_strategy_1_c,79,0.047038525,0.034374679,0.054595013
multi_strategy_1_c,80,0.047040888,0.034495349,0.054538968
multi_strategy_1_c,81,0.047045426,0.03451314,0.054488961
multi_strategy_1_c,82,0.047051336,0.034567667,0.054390932
multi_strategy_1_c,83,0.047047722,0.034667556,0.054342192
multi_strategy_1_c,84,0.04704675,0.034668374,0.054308443
multi_strategy_1_c,85,0.047039305,0.034777703,0.054229425
multi_strategy_1_c,86,0.047045493,0.034857254,0.054178163
multi_strategy_1_c,87,0.04705402,0.034966028,0.054230742
multi_strategy_1_c,88,0.047063833,0.035039479,0.054169557
multi_strategy_1_c,89,0.047066456,0.035116808,0.054097639
multi_strategy_1_c,90,0.04706822,0.035154872,0.05403307
multi_strategy_1_c,91,0.047068085,0.035198694,0.053970037
multi_strategy_1_c,92,0.047064976,0.035222727,0.053900898
multi_strategy_1_c,93,0.047060047,0.035233612,0.053834327
multi_strategy_1_c,94,0.047059065,0.035250906,0.053778839
multi_strategy_1_c,95,0.047062801,0.035277814,0.053726222
multi_strategy_1_c,96,0.047066399,0.0353135,0.053690292
multi_strategy_1_c,97,0.047067399,0.035349208,0.053626675
multi_strategy_1_c,98,0.047072851,0.0353699,0.053566466
multi_strategy_1_c,99,0.047084877,0.035474017,0.053551504
multi_strategy_1_c,100,0.047084044,0.035529435,0.053509413
multi_strategy_2,1,0.055786243,-0.113603854,0.226189488
multi_strategy_2,2,0.055822057,-0.067338034,0.173986487
multi_strategy_2,3,0.055826402,-0.046113403,0.150567315
multi_strategy_2,4,0.05556102,-0.034092582,0.136550479
multi_strategy_2,5,0.055495843,-0.025094583,0.126899863
multi_strategy_2,6,0.055508408,-0.01881748,0.120098579
multi_strategy_2,7,0.055484466,-0.013554052,0.114576345
multi_strategy_2,8,0.055568849,-0.009391106,0.110176838
multi_strategy_2,9,0.055605787,-0.006223167,0.107033287
multi_strategy_2,10,0.055632101,-0.003098546,0.104012825
multi_strategy_2,11,0.055678961,-0.000528598,0.101548341
multi_strategy_2,12,0.055675948,0.001554145,0.099344976
multi_strategy_2,13,0.055693195,0.00339484,0.097505062
multi_strategy_2,14,0.055734349,0.005062498,0.09580248
multi_strategy_2,15,0.055685619,0.006520059,0.094224091
multi_strategy_2,16,0.055677537,0.007988174,0.093002705
multi_strategy_2,17,0.055598359,0.008765055,0.091527948
multi_strategy_2,18,0.05558445,0.010135669,0.090240951
multi_strategy_2,19,0.055628069,0.011238246,0.088941088
multi_strategy_2,20,0.055622978,0.012366283,0.087930529
multi_strategy_2,21,0.055628538,0.013419016,0.087186044
multi_strategy_2,22,0.055620151,0.014169052,0.086262252
multi_strategy_2,23,0.055608011,0.014984419,0.085191356
multi_strategy_2,24,0.055598952,0.01541087,0.084516927
multi_strategy_2,25,0.055637227,0.016379407,0.083939801
multi_strategy_2,26,0.055589633,0.016687256,0.083135584
multi_strategy_2,27,0.055607791,0.017454619,0.082646567
multi_strategy_2,28,0.055624052,0.017988784,0.082008078
multi_strategy_2,29,0.055640639,0.018531091,0.08158804
multi_strategy_2,30,0.055648339,0.019040717,0.081072623
multi_strategy_2,31,0.055640101,0.019595615,0.080400031
multi_strategy_2,32,0.055635654,0.019881035,0.079954473
multi_strategy_2,33,0.055631258,0.020366955,0.07942754
multi_strategy_2,34,0.055634738,0.020742109,0.079122697
multi_strategy_2,35,0.055641921,0.021114766,0.078568263
multi_strategy_2,36,0.055686494,0.021591264,0.078191848
multi_strategy_2,37,0.055684168,0.021902442,0.077543157
multi_strategy_2,38,0.055686202,0.022246553,0.077177907
multi_strategy_2,39,0.055702415,0.022696657,0.076698627
multi_strategy_2,40,0.055713635,0.022930318,0.076454931
multi_strategy_2,41,0.055719359,0.023378138,0.076205767
multi_strategy_2,42,0.055723218,0.023553226,0.075944031
multi_strategy_2,43,0.055747626,0.02396414,0.075634559
multi_strategy_2,44,0.055733695,0.024204531,0.075431459
multi_strategy_2,45,0.055718528,0.024465954,0.075111447
multi_strategy_2,46,0.055727789,0.024638081,0.074818311
multi_strategy_2,47,0.055725917,0.024910986,0.074592495
multi_strategy_2,48,0.055733091,0.025152711,0.074457347
multi_strategy_2,49,0.055729041,0.02530046,0.074084094
multi_strategy_2,50,0.055754921,0.025493222,0.073980692
multi_strategy_2,51,0.055749719,0.025735893,0.073744092
multi_strategy_2,52,0.055755053,0.026097269,0.073445962
multi_strategy_2,53,0.055765688,0.02627735,0.073258742
multi_strategy_2,54,0.055746733,0.026455018,0.073051506
multi_strategy_2,55,0.055750661,0.0266621,0.07281603
multi_strategy_2,56,0.055747164,0.026929561,0.072705602
multi_strategy_2,57,0.055756789,0.027066425,0.07247528
multi_strategy_2,58,0.055754265,0.027245227,0.072276718
multi_strategy_2,59,0.055729466,0.027458541,0.072018273
multi_strategy_2,60,0.055743193,0.027608628,0.071716053
multi_strategy_2,61,0.055763109,0.027825261,0.071636278
multi_strategy_2,62,0.055766723,0.028010426,0.071411441
multi_strategy_2,63,0.055767442,0.028120937,0.07124699
multi_strategy_2,64,0.055769465,0.028182928,0.071058403
multi_strategy_2,65,0.05577442,0.028316566,0.070955868
multi_strategy_2,66,0.055782051,0.028471088,0.070776304
multi_strategy_2,67,0.055784545,0.028673051,0.070556891
multi_strategy_2,68,0.055775894,0.028865392,0.070423476
multi_strategy_2,69,0.055773312,0.029057122,0.070279063
multi_strategy_2,70,0.055784601,0.029146773,0.070167884
multi_strategy_2,71,0.055806496,0.029397686,0.07000452
multi_strategy_2,72,0.055827588,0.029522175,0.069898243
multi_strategy_2,73,0.055806346,0.02961692,0.069780395
multi_strategy_2,74,0.055792988,0.029756486,0.069650334
multi_strategy_2,75,0.055785707,0.029922672,0.069442391
multi_strategy_2,76,0.055775078,0.030110288,0.069324685
multi_strategy_2,77,0.055760178,0.030250984,0.069183282
multi_strategy_2,78,0.055743771,0.030314498,0.069047752
multi_strategy_2,79,0.055731128,0.030355792,0.068906467
multi_strategy_2,80,0.055730663,0.030522061,0.068847097
multi_strategy_2,81,0.055738004,0.030590185,0.068691737
multi_strategy_2,82,0.055765435,0.030747206,0.068590434
multi_strategy_2,83,0.055763433,0.030838334,0.068488554
multi_strategy_2,84,0.055763711,0.030885802,0.068429592
multi_strategy_2,85,0.05575062,0.031061952,0.068282869
multi_strategy_2,86,0.055765092,0.031178286,0.068193058
multi_strategy_2,87,0.055781195,0.031391965,0.068251577
multi_strategy_2,88,0.055797623,0.031515899,0.068131938
multi_strategy_2,89,0.05580148,0.03164429,0.067968306
multi_strategy_2,90,0.055815597,0.03170952,0.067902752
multi_strategy_2,91,0.055823877,0.031821408,0.067806029
multi_strategy_2,92,0.055817007,0.031881688,0.067647037
multi_strategy_2,93,0.055814353,0.031934026,0.067508717
multi_strategy_2,94,0.055802928,0.031994025,0.067414445
multi_strategy_2,95,0.05580727,0.032099203,0.067271358
multi_strategy_2,96,0.055814499,0.032151612,0.067196838
multi_strategy_2,97,0.055817219,0.032209231,0.067062104
multi_strategy_2,98,0.055831771,0.032294661,0.066996039
multi_strategy_2,99,0.055846069,0.032475507,0.06692864
multi_strategy_2,100,0.055844863,0.03254264,0.066859952
multi_strategy_3,1,0.059649415,-0.132477864,0.252379832
multi_strategy_3,2,0.059526904,-0.080470926,0.193247793
multi_strategy_3,3,0.05950534,-0.056540683,0.166405083
multi_strategy_3,4,0.059130595,-0.042735488,0.150353764
multi_strategy_3,5,0.059044912,-0.032537152,0.139665716
multi_strategy_3,6,0.059060213,-0.025429763,0.131885796
multi_strategy_3,7,0.059027436,-0.019492543,0.125867
multi_strategy_3,8,0.059142674,-0.014637081,0.120810154
multi_strategy_3,9,0.059218952,-0.011200362,0.11719043
multi_strategy_3,10,0.059272107,-0.007617849,0.113859952
multi_strategy_3,11,0.059327484,-0.004767527,0.110932351
multi_strategy_3,12,0.059339029,-0.002430978,0.108434848
multi_strategy_3,13,0.059359213,-0.000421836,0.106354535
multi_strategy_3,14,0.059403038,0.00144396,0.104467732
multi_strategy_3,15,0.059373888,0.003147612,0.102634139
multi_strategy_3,16,0.059370819,0.00469783,0.1012311
multi_strategy_3,17,0.059253686,0.005675833,0.099583328
multi_strategy_3,18,0.059241669,0.007276786,0.098185639
multi_strategy_3,19,0.059275788,0.008567288,0.096572221
multi_strategy_3,20,0.059265683,0.009761287,0.095419906
multi_strategy_3,21,0.059257199,0.011014202,0.09463336
multi_strategy_3,22,0.059246436,0.011784398,0.093491896
multi_strategy_3,23,0.059230148,0.012639462,0.092367603
multi_strategy_3,24,0.059224231,0.013138895,0.091517595
multi_strategy_3,25,0.05927161,0.01421085,0.090809753
multi_strategy_3,26,0.059223573,0.014530698,0.089957313
multi_strategy_3,27,0.059246663,0.015403136,0.089395863
multi_strategy_3,28,0.059267178,0.016029968,0.088631018
multi_strategy_3,29,0.059276457,0.016659544,0.088198942
multi_strategy_3,30,0.059299719,0.017244954,0.087623434
multi_strategy_3,31,0.059267647,0.017894225,0.086783329
multi_strategy_3,32,0.059255537,0.018239792,0.086269007
multi_strategy_3,33,0.059252269,0.01877046,0.08563502
multi_strategy_3,34,0.059252788,0.019199788,0.085276224
multi_strategy_3,35,0.059252071,0.019631013,0.084686957
multi_strategy_3,36,0.059304387,0.020163303,0.084262672
multi_strategy_3,37,0.059294723,0.020533258,0.083509593
multi_strategy_3,38,0.059291626,0.020924016,0.083140159
multi_strategy_3,39,0.059308131,0.021357779,0.082578439
multi_strategy_3,40,0.059318768,0.021652215,0.082311742
multi_strategy_3,41,0.059329261,0.022159575,0.082008146
multi_strategy_3,42,0.059341763,0.022400525,0.081758496
multi_strategy_3,43,0.059367576,0.022856575,0.08144189
multi_strategy_3,44,0.05934485,0.023157782,0.081245531
multi_strategy_3,45,0.059326147,0.023423386,0.080854709
multi_strategy_3,46,0.059326093,0.023627752,0.080467142
multi_strategy_3,47,0.059328687,0.023941179,0.080188817
multi_strategy_3,48,0.059337495,0.024228826,0.080051375
multi_strategy_3,49,0.059342116,0.02434626,0.079670782
multi_strategy_3,50,0.059368204,0.024637426,0.079529034
multi_strategy_3,51,0.059368168,0.024911851,0.079259074
multi_strategy_3,52,0.059374555,0.025304062,0.078952973
multi_strategy_3,53,0.059393587,0.025470336,0.078706182
multi_strategy_3,54,0.059365154,0.02569959,0.078480856
multi_strategy_3,55,0.059373756,0.025902181,0.078244073
multi_strategy_3,56,0.059377037,0.026188034,0.078122283
multi_strategy_3,57,0.059386931,0.026330456,0.077887101
multi_strategy_3,58,0.059380373,0.026517537,0.077621299
multi_strategy_3,59,0.059355068,0.026799082,0.077309296
multi_strategy_3,60,0.059374295,0.02696038,0.077006501
multi_strategy_3,61,0.059404575,0.027208777,0.076948385
multi_strategy_3,62,0.059401998,0.027405576,0.076683092
multi_strategy_3,63,0.059405342,0.027562872,0.076461415
multi_strategy_3,64,0.059405385,0.027611062,0.0762441
multi_strategy_3,65,0.059413232,0.027786551,0.076183229
multi_strategy_3,66,0.059424247,0.027960396,0.075962263
multi_strategy_3,67,0.059433064,0.028164313,0.07569021
multi_strategy_3,68,0.059429885,0.028399919,0.075577542
multi_strategy_3,69,0.059426129,0.028599092,0.075402711
multi_strategy_3,70,0.05943326,0.028697388,0.075275539
multi_strategy_3,71,0.059462983,0.028950998,0.075073819
multi_strategy_3,72,0.059494693,0.029108987,0.074956196
multi_strategy_3,73,0.059469632,0.0292228,0.074812828
multi_strategy_3,74,0.059451368,0.029386223,0.074661724
multi_strategy_3,75,0.059450553,0.029595723,0.074441461
multi_strategy_3,76,0.059430035,0.029799136,0.074288823
multi_strategy_3,77,0.059401321,0.029969109,0.074108778
multi_strategy_3,78,0.059379222,0.030066747,0.073941918
multi_strategy_3,79,0.059367782,0.03011215,0.073799138
multi_strategy_3,80,0.059365184,0.030269918,0.073750666
multi_strategy_3,81,0.05937246,0.030363646,0.073547514
multi_strategy_3,82,0.059410728,0.030554982,0.073468263
multi_strategy_3,83,0.059411976,0.030613233,0.073350549
multi_strategy_3,84,0.059412244,0.030694593,0.073283528
multi_strategy_3,85,0.05939844,0.030876787,0.073122122
multi_strategy_3,86,0.059416351,0.030992031,0.073022609
multi_strategy_3,87,0.059434054,0.03122347,0.073064095
multi_strategy_3,88,0.059447971,0.031361456,0.072925385
multi_strategy_3,89,0.059451599,0.031496753,0.072732211
multi_strategy_3,90,0.059472039,0.03156488,0.072687383
multi_strategy_3,91,0.059483111,0.031703593,0.072583889
multi_strategy_3,92,0.059474716,0.031786651,0.072392199
multi_strategy_3,93,0.059476964,0.031859295,0.072230086
multi_strategy_3,94,0.059459032,0.03194298,0.072131299
multi_strategy_3,95,0.059463128,0.032094046,0.071950001
multi_strategy_3,96,0.059470618,0.03215006,0.071857784
multi_strategy_3,97,0.0594729,0.032211617,0.071706254
multi_strategy_3,98,0.059492082,0.032330673,0.071658343
multi_strategy_3,99,0.059503414,0.032517684,0.071560257
multi_strategy_3,100,0.059502504,0.032574114,0.071482798
multi_strategy_3_c,1,0.059649415,-0.132477864,0.252379832
multi_strategy_3_c,2,0.059526904,-0.080470926,0.193247793
multi_strategy_3_c,3,0.05950534,-0.056540683,0.166405083
multi_strategy_3_c,4,0.059130595,-0.042735488,0.150353764
multi_strategy_3_c,5,0.059044912,-0.032537152,0.139665716
multi_strategy_3_c,6,0.059060213,-0.025429763,0.131885796
multi_strategy_3_c,7,0.059027436,-0.019492543,0.125867
multi_strategy_3_c,8,0.059142674,-0.014637081,0.120810154
multi_strategy_3_c,9,0.059218952,-0.011200362,0.11719043
multi_strategy_3_c,10,0.059272107,-0.007617849,0.113859952
multi_strategy_3_c,11,0.059327484,-0.004767527,0.110932351
multi_strategy_3_c,12,0.059339029,-0.002430978,0.108434848
multi_strategy_3_c,13,0.059359213,-0.000421836,0.106354535
multi_strategy_3_c,14,0.059403038,0.00144396,0.104467732
multi_strategy_3_c,15,0.059373888,0.003147612,0.102634139
multi_strategy_3_c,16,0.059370819,0.00469783,0.1012311
multi_strategy_3_c,17,0.059253686,0.005675833,0.099583328
multi_strategy_3_c,18,0.059241669,0.007276786,0.098185639
multi_strategy_3_c,19,0.059275788,0.008567288,0.096572221
multi_strategy_3_c,20,0.059265683,0.009761287,0.095419906
multi_strategy_3_c,21,0.059257199,0.011014202,0.09463336
multi_strategy_3_c,22,0.059246436,0.011784398,0.093491896
multi_strategy_3_c,23,0.059230148,0.012639462,0.092367603
multi_strategy_3_c,24,0.059224231,0.013138895,0.091517595
multi_strategy_3_c,25,0.05927161,0.01421085,0.090809753
multi_strategy_3_c,26,0.059223573,0.014530698,0.089957313
multi_strategy_3_c,27,0.059246663,0.015403136,0.089395863
multi_strategy_3_c,28,0.059267178,0.016029968,0.088631018
multi_strategy_3_c,29,0.059276457,0.016659544,0.088198942
multi_strategy_3_c,30,0.059299719,0.017244954,0.087623434
multi_strategy_3_c,31,0.059267647,0.017894225,0.086783329
multi_strategy_3_c,32,0.059255537,0.018239792,0.086269007
multi_strategy_3_c,33,0.059252269,0.01877046,0.08563502
multi_strategy_3_c,34,0.059252788,0.019199788,0.085276224
multi_strategy_3_c,35,0.059252071,0.019631013,0.084686957
multi_strategy_3_c,36,0.059304387,0.020163303,0.084262672
multi_strategy_3_c,37,0.059294723,0.020533258,0.083509593
multi_strategy_3_c,38,0.059291626,0.020924016,0.083140159
multi_strategy_3_c,39,0.059308131,0.021357779,0.082578439
multi_strategy_3_c,40,0.059318768,0.021652215,0.082311742
multi_strategy_3_c,41,0.059329261,0.022159575,0.082008146
multi_strategy_3_c,42,0.059341763,0.022400525,0.081758496
multi_strategy_3_c,43,0.059367576,0.022856575,0.08144189
multi_strategy_3_c,44,0.05934485,0.023157782,0.081245531
multi_strategy_3_c,45,0.059326147,0.023423386,0.080854709
multi_strategy_3_c,46,0.059326093,0.023627752,0.080467142
multi_strategy_3_c,47,0.059328687,0.023941179,0.080188817
multi_strategy_3_c,48,0.059337495,0.024228826,0.080051375
multi_strategy_3_c,49,0.059342116,0.02434626,0.079670782
multi_strategy_3_c,50,0.059368204,0.024637426,0.079529034
multi_strategy_3_c,51,0.059368168,0.024911851,0.079259074
multi_strategy_3_c,52,0.059374555,0.025304062,0.078952973
multi_strategy_3_c,53,0.059393587,0.025470336,0.078706182
multi_strategy_3_c,54,0.059365154,0.02569959,0.078480856
multi_strategy_3_c,55,0.059373756,0.025902181,0.078244073
multi_strategy_3_c,56,0.059377037,0.026188034,0.078122283
multi_strategy_3_c,57,0.059386931,0.026330456,0.077887101
multi_strategy_3_c,58,0.059380373,0.026517537,0.077621299
multi_strategy_3_c,59,0.059355068,0.026799082,0.077309296
multi_strategy_3_c,60,0.059374295,0.02696038,0.077006501
multi_strategy_3_c,61,0.059404575,0.027208777,0.076948385
multi_strategy_3_c,62,0.059401998,0.027405576,0.076683092
multi_strategy_3_c,63,0.059405342,0.027562872,0.076461415
multi_strategy_3_c,64,0.059405385,0.027611062,0.0762441
multi_strategy_3_c,65,0.059413232,0.027786551,0.076183229
multi_strategy_3_c,66,0.059424247,0.027960396,0.075962263
multi_strategy_3_c,67,0.059433064,0.028164313,0.07569021
multi_strategy_3_c,68,0.059429885,0.028399919,0.075577542
multi_strategy_3_c,69,0.059426129,0.028599092,0.075402711
multi_strategy_3_c,70,0.05943326,0.028697388,0.075275539
multi_strategy_3_c,71,0.059462983,0.028950998,0.075073819
multi_strategy_3_c,72,0.059494693,0.029108987,0.074956196
multi_strategy_3_c,73,0.059469632,0.0292228,0.074812828
multi_strategy_3_c,74,0.059451368,0.029386223,0.074661724
multi_strategy_3_c,75,0.059450553,0.029595723,0.074441461
multi_strategy_3_c,76,0.059430035,0.029799136,0.074288823
multi_strategy_3_c,77,0.059401321,0.029969109,0.074108778
multi_strategy_3_c,78,0.059379222,0.030066747,0.073941918
multi_strategy_3_c,79,0.059367782,0.03011215,0.073799138
multi_strategy_3_c,80,0.059365184,0.030269918,0.073750666
multi_strategy_3_c,81,0.05937246,0.030363646,0.073547514
multi_strategy_3_c,82,0.059410728,0.030554982,0.073468263
multi_strategy_3_c,83,0.059411976,0.030613233,0.073350549
multi_strategy_3_c,84,0.059412244,0.030694593,0.073283528
multi_strategy_3_c,85,0.05939844,0.030876787,0.073122122
multi_strategy_3_c,86,0.059416351,0.030992031,0.073022609
multi_strategy_3_c,87,0.059434054,0.03122347,0.073064095
multi_strategy_3_c,88,0.059447971,0.031361456,0.072925385
multi_strategy_3_c,89,0.059451599,0.031496753,0.072732211
multi_strategy_3_c,90,0.059472039,0.03156488,0.072687383
multi_strategy_3_c,91,0.059483111,0.031703593,0.072583889
multi_strategy_3_c,92,0.059474716,0.031786651,0.072392199
multi_strategy_3_c,93,0.059476964,0.031859295,0.072230086
multi_strategy_3_c,94,0.059459032,0.03194298,0.072131299
multi_strategy_3_c,95,0.059463128,0.032094046,0.071950001
multi_strategy_3_c,96,0.059470618,0.03215006,0.071857784
multi_strategy_3_c,97,0.0594729,0.032211617,0.071706254
multi_strategy_3_c,98,0.059492082,0.032330673,0.071658343
multi_strategy_3_c,99,0.059503414,0.032517684,0.071560257
multi_strategy_3_c,100,0.059502504,0.032574114,0.071482798
multi_strategy_4,1,0.062734869,-0.146734797,0.272330516
multi_strategy_4,2,0.062425228,-0.090573292,0.207970348
multi_strategy_4,3,0.062373437,-0.064593058,0.178399194
multi_strategy_4,4,0.061897048,-0.049358143,0.160757094
multi_strategy_4,5,0.061800416,-0.038230751,0.149362743
multi_strategy_4,6,0.061826181,-0.030505382,0.140828088
multi_strategy_4,7,0.061781651,-0.0240592,0.134515063
multi_strategy_4,8,0.061930649,-0.018639721,0.128947481
multi_strategy_4,9,0.062048121,-0.01506717,0.124933768
multi_strategy_4,10,0.062132897,-0.011112765,0.121414129
multi_strategy_4,11,0.062194932,-0.0080808,0.118077713
multi_strategy_4,12,0.062222522,-0.005545981,0.115353238
multi_strategy_4,13,0.062243748,-0.003439004,0.113079333
multi_strategy_4,14,0.062286231,-0.00143144,0.111068437
multi_strategy_4,15,0.062286257,0.00048478,0.109029484
multi_strategy_4,16,0.062287372,0.002057487,0.107489648
multi_strategy_4,17,0.06213211,0.003238865,0.105722761
multi_strategy_4,18,0.06212522,0.005024456,0.104260889
multi_strategy_4,19,0.062146638,0.00648156,0.102354291
multi_strategy_4,20,0.062131771,0.00769516,0.101091078
multi_strategy_4,21,0.062105471,0.009123836,0.100286077
multi_strategy_4,22,0.062089991,0.00987809,0.098942356
multi_strategy_4,23,0.06206954,0.010738385,0.097821352
multi_strategy_4,24,0.062067553,0.011299024,0.096795019
multi_strategy_4,25,0.062122921,0.012433595,0.095967029
multi_strategy_4,26,0.062077235,0.012755437,0.095095779
multi_strategy_4,27,0.062103992,0.013707585,0.094475505
multi_strategy_4,28,0.062129139,0.014417164,0.093609423
multi_strategy_4,29,0.062128209,0.015120966,0.093186323
multi_strategy_4,30,0.062168573,0.015762865,0.092564378
multi_strategy_4,31,0.062109961,0.016491168,0.091572784
multi_strategy_4,32,0.062089014,0.016890672,0.091000359
multi_strategy_4,33,0.062087039,0.017449642,0.090274531
multi_strategy_4,34,0.062083976,0.017924696,0.089858404
multi_strategy_4,35,0.062073671,0.018403197,0.089266637
multi_strategy_4,36,0.062131403,0.018974413,0.088798741
multi_strategy_4,37,0.062113542,0.019394439,0.087958272
multi_strategy_4,38,0.062105266,0.019818727,0.087603328
multi_strategy_4,39,0.062122188,0.020211469,0.086972869
multi_strategy_4,40,0.062131761,0.020566354,0.086694858
multi_strategy_4,41,0.062147562,0.021115534,0.086339213
multi_strategy_4,42,0.062170379,0.021421723,0.086114647
multi_strategy_4,43,0.062195896,0.021914057,0.085804841
multi_strategy_4,44,0.062163602,0.022270458,0.085621006
multi_strategy_4,45,0.062141783,0.022529807,0.085162762
multi_strategy_4,46,0.06213043,0.022755585,0.08467962
multi_strategy_4,47,0.062138291,0.023102454,0.084352194
multi_strategy_4,48,0.062149313,0.023433316,0.084223351
multi_strategy_4,49,0.062163416,0.023511296,0.083849732
multi_strategy_4,50,0.062188481,0.023906137,0.08367065
multi_strategy_4,51,0.062194435,0.024207899,0.083373415
multi_strategy_4,52,0.062201504,0.024612557,0.083075586
multi_strategy_4,53,0.062229157,0.024754741,0.082772113
multi_strategy_4,54,0.062192023,0.025036746,0.082538919
multi_strategy_4,55,0.062205657,0.025218868,0.082310677
multi_strategy_4,56,0.062216545,0.025513484,0.082185647
multi_strategy_4,57,0.062226014,0.025655494,0.081955725
multi_strategy_4,58,0.062214504,0.025844165,0.081622455
multi_strategy_4,59,0.06218981,0.026191154,0.081266026
multi_strategy_4,60,0.062213974,0.026359117,0.080974851
multi_strategy_4,61,0.062255918,0.026634954,0.08094388
multi_strategy_4,62,0.062245746,0.026831609,0.080646726
multi_strategy_4,63,0.062252396,0.027039115,0.080370539
multi_strategy_4,64,0.062250163,0.027067241,0.080129949
multi_strategy_4,65,0.062261351,0.027289299,0.080121422
multi_strategy_4,66,0.06227598,0.027481378,0.079863062
multi_strategy_4,67,0.062291444,0.027672404,0.079542319
multi_strategy_4,68,0.062295462,0.027948788,0.079457486
multi_strategy_4,69,0.062290644,0.028149516,0.079254185
multi_strategy_4,70,0.062292798,0.02825162,0.079111859
multi_strategy_4,71,0.062330312,0.028495882,0.078878796
multi_strategy_4,72,0.062372623,0.028683711,0.078751347
multi_strategy_4,73,0.062345324,0.028812209,0.078583431
multi_strategy_4,74,0.062322363,0.028998086,0.078419517
multi_strategy_4,75,0.062330428,0.029251559,0.078195983
multi_strategy_4,76,0.062299034,0.029458675,0.078010461
multi_strategy_4,77,0.062255085,0.02965948,0.077791664
multi_strategy_4,78,0.062228468,0.029789018,0.07759821
multi_strategy_4,79,0.062219453,0.029840801,0.077460268
multi_strategy_4,80,0.062214673,0.02998457,0.077423062
multi_strategy_4,81,0.062221343,0.030104234,0.077175915
multi_strategy_4,82,0.062269927,0.030324116,0.077122772
multi_strategy_4,83,0.062275359,0.030342361,0.07699372
multi_strategy_4,84,0.06227523,0.030460343,0.076921865
multi_strategy_4,85,0.062261544,0.030639638,0.076751788
multi_strategy_4,86,0.062282797,0.030750423,0.076646522
multi_strategy_4,87,0.062301274,0.030985013,0.076663812
multi_strategy_4,88,0.062310072,0.031135783,0.076507882
multi_strategy_4,89,0.062313353,0.031272289,0.076293995
multi_strategy_4,90,0.062339623,0.031337567,0.076275081
multi_strategy_4,91,0.062352498,0.031501817,0.07616693
multi_strategy_4,92,0.062342544,0.031611184,0.075947726
multi_strategy_4,93,0.062351419,0.031704114,0.07576326
multi_strategy_4,94,0.062326498,0.031810742,0.075664554
multi_strategy_4,95,0.06233037,0.03201044,0.075447887
multi_strategy_4,96,0.06233749,0.032066965,0.075337434
multi_strategy_4,97,0.06233853,0.032129854,0.075176221
multi_strategy_4,98,0.062362579,0.032281784,0.075149641
multi_strategy_4,99,0.062369969,0.032466806,0.075020914
multi_strategy_4,100,0.062369497,0.032506149,0.074934808
multi_strategy_4_c,1,0.062734869,-0.146734797,0.272330516
multi_strategy_4_c,2,0.062425228,-0.090573292,0.207970348
multi_strategy_4_c,3,0.062373437,-0.064593058,0.178399194
multi_strategy_4_c,4,0.061897048,-0.049358143,0.160757094
multi_strategy_4_c,5,0.061800416,-0.038230751,0.149362743
multi_strategy_4_c,6,0.061826181,-0.030505382,0.140828088
multi_strategy_4_c,7,0.061781651,-0.0240592,0.134515063
multi_strategy_4_c,8,0.061930649,-0.018639721,0.128947481
multi_strategy_4_c,9,0.062048121,-0.01506717,0.124933768
multi_strategy_4_c,10,0.062132897,-0.011112765,0.121414129
multi_strategy_4_c,11,0.062194932,-0.0080808,0.118077713
multi_strategy_4_c,12,0.062222522,-0.005545981,0.115353238
multi_strategy_4_c,13,0.062243748,-0.003439004,0.113079333
multi_strategy_4_c,14,0.062286231,-0.00143144,0.111068437
multi_strategy_4_c,15,0.062286257,0.00048478,0.109029484
multi_strategy_4_c,16,0.062287372,0.002057487,0.107489648
multi_strategy_4_c,17,0.06213211,0.003238865,0.105722761
multi_strategy_4_c,18,0.06212522,0.005024456,0.104260889
multi_strategy_4_c,19,0.062146638,0.00648156,0.102354291
multi_strategy_4_c,20,0.062131771,0.00769516,0.101091078
multi_strategy_4_c,21,0.062105471,0.009123836,0.100286077
multi_strategy_4_c,22,0.062089991,0.00987809,0.098942356
multi_strategy_4_c,23,0.06206954,0.010738385,0.097821352
multi_strategy_4_c,24,0.062067553,0.011299024,0.096795019
multi_strategy_4_c,25,0.062122921,0.012433595,0.095967029
multi_strategy_4_c,26,0.062077235,0.012755437,0.095095779
multi_strategy_4_c,27,0.062103992,0.013707585,0.094475505
multi_strategy_4_c,28,0.062129139,0.014417164,0.093609423
multi_strategy_4_c,29,0.062128209,0.015120966,0.093186323
multi_strategy_4_c,30,0.062168573,0.015762865,0.092564378
multi_strategy_4_c,31,0.062109961,0.016491168,0.091572784
multi_strategy_4_c,32,0.062089014,0.016890672,0.091000359
multi_strategy_4_c,33,0.062087039,0.017449642,0.090274531
multi_strategy_4_c,34,0.062083976,0.017924696,0.089858404
multi_strategy_4_c,35,0.062073671,0.018403197,0.089266637
multi_strategy_4_c,36,0.062131403,0.018974413,0.088798741
multi_strategy_4_c,37,0.062113542,0.019394439,0.087958272
multi_strategy_4_c,38,0.062105266,0.019818727,0.087603328
multi_strategy_4_c,39,0.062122188,0.020211469,0.086972869
multi_strategy_4_c,40,0.062131761,0.020566354,0.086694858
multi_strategy_4_c,41,0.062147562,0.021115534,0.086339213
multi_strategy_4_c,42,0.062170379,0.021421723,0.086114647
multi_strategy_4_c,43,0.062195896,0.021914057,0.085804841
multi_strategy_4_c,44,0.062163602,0.022270458,0.085621006
multi_strategy_4_c,45,0.062141783,0.022529807,0.085162762
multi_strategy_4_c,46,0.06213043,0.022755585,0.08467962
multi_strategy_4_c,47,0.062138291,0.023102454,0.084352194
multi_strategy_4_c,48,0.062149313,0.023433316,0.084223351
multi_strategy_4_c,49,0.062163416,0.023511296,0.083849732
multi_strategy_4_c,50,0.062188481,0.023906137,0.08367065
multi_strategy_4_c,51,0.062194435,0.024207899,0.083373415
multi_strategy_4_c,52,0.062201504,0.024612557,0.083075586
multi_strategy_4_c,53,0.062229157,0.024754741,0.082772113
multi_strategy_4_c,54,0.062192023,0.025036746,0.082538919
multi_strategy_4_c,55,0.062205657,0.025218868,0.082310677
multi_strategy_4_c,56,0.062216545,0.025513484,0.082185647
multi_strategy_4_c,57,0.062226014,0.025655494,0.081955725
multi_strategy_4_c,58,0.062214504,0.025844165,0.081622455
multi_strategy_4_c,59,0.06218981,0.026191154,0.081266026
multi_strategy_4_c,60,0.062213974,0.026359117,0.080974851
multi_strategy_4_c,61,0.062255918,0.026634954,0.08094388
multi_strategy_4_c,62,0.062245746,0.026831609,0.080646726
multi_strategy_4_c,63,0.062252396,0.027039115,0.080370539
multi_strategy_4_c,64,0.062250163,0.027067241,0.080129949
multi_strategy_4_c,65,0.062261351,0.027289299,0.080121422
multi_strategy_4_c,66,0.06227598,0.027481378,0.079863062
multi_strategy_4_c,67,0.062291444,0.027672404,0.079542319
multi_strategy_4_c,68,0.062295462,0.027948788,0.079457486
multi_strategy_4_c,69,0.062290644,0.028149516,0.079254185
multi_strategy_4_c,70,0.062292798,0.02825162,0.079111859
multi_strategy_4_c,71,0.062330312,0.028495882,0.078878796
multi_strategy_4_c,72,0.062372623,0.028683711,0.078751347
multi_strategy_4_c,73,0.062345324,0.028812209,0.078583431
multi_strategy_4_c,74,0.062322363,0.028998086,0.078419517
multi_strategy_4_c,75,0.062330428,0.029251559,0.078195983
multi_strategy_4_c,76,0.062299034,0.029458675,0.078010461
multi_strategy_4_c,77,0.062255085,0.02965948,0.077791664
multi_strategy_4_c,78,0.062228468,0.029789018,0.07759821
multi_strategy_4_c,79,0.062219453,0.029840801,0.077460268
multi_strategy_4_c,80,0.062214673,0.02998457,0.077423062
multi_strategy_4_c,81,0.062221343,0.030104234,0.077175915
multi_strategy_4_c,82,0.062269927,0.030324116,0.077122772
multi_strategy_4_c,83,0.062275359,0.030342361,0.07699372
multi_strategy_4_c,84,0.06227523,0.030460343,0.076921865
multi_strategy_4_c,85,0.062261544,0.030639638,0.076751788
multi_strategy_4_c,86,0.062282797,0.030750423,0.076646522
multi_strategy_4_c,87,0.062301274,0.030985013,0.076663812
multi_strategy_4_c,88,0.062310072,0.031135783,0.076507882
multi_strategy_4_c,89,0.062313353,0.031272289,0.076293995
multi_strategy_4_c,90,0.062339623,0.031337567,0.076275081
multi_strategy_4_c,91,0.062352498,0.031501817,0.07616693
multi_strategy_4_c,92,0.062342544,0.031611184,0.075947726
multi_strategy_4_c,93,0.062351419,0.031704114,0.07576326
multi_strategy_4_c,94,0.062326498,0.031810742,0.075664554
multi_strategy_4_c,95,0.06233037,0.03201044,0.075447887
multi_strategy_4_c,96,0.06233749,0.032066965,0.075337434
multi_strategy_4_c,97,0.06233853,0.032129854,0.075176221
multi_strategy_4_c,98,0.062362579,0.032281784,0.075149641
multi_strategy_4_c,99,0.062369969,0.032466806,0.075020914
multi_strategy_4_c,100,0.062369497,0.032506149,0.074934808
multi_strategy_5,1,0.065828696,-0.162914695,0.294280488
multi_strategy_5,2,0.065429153,-0.101843725,0.224099472
multi_strategy_5,3,0.065356482,-0.073582957,0.191608332
multi_strategy_5,4,0.064796015,-0.056767099,0.17226169
multi_strategy_5,5,0.064677195,-0.044668048,0.160031217
multi_strategy_5,6,0.064700586,-0.036218677,0.150641988
multi_strategy_5,7,0.064648847,-0.029243048,0.143940872
multi_strategy_5,8,0.064820474,-0.023220261,0.137804907
multi_strategy_5,9,0.064979344,-0.01940548,0.133369287
multi_strategy_5,10,0.065090332,-0.015058726,0.129605139
multi_strategy_5,11,0.065162859,-0.011793592,0.125868309
multi_strategy_5,12,0.065206541,-0.009042657,0.122906677
multi_strategy_5,13,0.065227408,-0.006802055,0.120401966
multi_strategy_5,14,0.065273984,-0.004639845,0.118260151
multi_strategy_5,15,0.065295652,-0.00251629,0.115999417
multi_strategy_5,16,0.065301659,-0.000888281,0.114302573
multi_strategy_5,17,0.065114849,0.000472939,0.112392941
multi_strategy_5,18,0.065108747,0.002451528,0.110847594
multi_strategy_5,19,0.065120678,0.004087932,0.108657367
multi_strategy_5,20,0.065101101,0.005336847,0.107289267
multi_strategy_5,21,0.065061204,0.006928515,0.106445739
multi_strategy_5,22,0.065045576,0.007699044,0.104906943
multi_strategy_5,23,0.065021407,0.008577422,0.103757663
multi_strategy_5,24,0.065024709,0.00920149,0.102579762
multi_strategy_5,25,0.065086717,0.01042404,0.10163192
multi_strategy_5,26,0.065042201,0.010761226,0.100735315
multi_strategy_5,27,0.065071586,0.011800385,0.100042416
multi_strategy_5,28,0.065099499,0.012588796,0.099055597
multi_strategy_5,29,0.065090189,0.013368565,0.098615597
multi_strategy_5,30,0.065147364,0.014077078,0.097957693
multi_strategy_5,31,0.065066908,0.014887554,0.096821106
multi_strategy_5,32,0.065037529,0.01535068,0.096176304
multi_strategy_5,33,0.065036846,0.015947467,0.095366748
multi_strategy_5,34,0.065030509,0.016476623,0.094899915
multi_strategy_5,35,0.065012568,0.017011667,0.094288152
multi_strategy_5,36,0.065076173,0.017630317,0.093777945
multi_strategy_5,37,0.065053304,0.018094789,0.09285893
multi_strategy_5,38,0.065038952,0.018562511,0.092504953
multi_strategy_5,39,0.065054097,0.018926806,0.091805539
multi_strategy_5,40,0.065062274,0.019327396,0.091509563
multi_strategy_5,41,0.065082931,0.019930301,0.091102133
multi_strategy_5,42,0.065112345,0.020297008,0.090886026
multi_strategy_5,43,0.065139476,0.020820687,0.090566539
multi_strategy_5,44,0.065098546,0.021238254,0.090392792
multi_strategy_5,45,0.065073063,0.021494257,0.089878859
multi_strategy_5,46,0.065052621,0.021748293,0.089317929
multi_strategy_5,47,0.065064523,0.022127437,0.0889451
multi_strategy_5,48,0.065076039,0.02250502,0.088805054
multi_strategy_5,49,0.065098045,0.022553191,0.08843761
multi_strategy_5,50,0.065123145,0.023045621,0.088215949
multi_strategy_5,51,0.065133749,0.023376789,0.087891493
multi_strategy_5,52,0.065141643,0.023800785,0.087591605
multi_strategy_5,53,0.065177918,0.023924858,0.087236716
multi_strategy_5,54,0.065132729,0.024260171,0.086981497
multi_strategy_5,55,0.065150525,0.024433031,0.086760039
multi_strategy_5,56,0.065168036,0.024734447,0.086614079
multi_strategy_5,57,0.065177733,0.024878833,0.086390923
multi_strategy_5,58,0.065161933,0.025072533,0.085994013
multi_strategy_5,59,0.065137846,0.025487699,0.085583748
multi_strategy_5,60,0.065167153,0.025661656,0.0853047
multi_strategy_5,61,0.065218597,0.025960011,0.085296077
multi_strategy_5,62,0.065202672,0.026166829,0.084963452
multi_strategy_5,63,0.065211452,0.026419539,0.08462736
multi_strategy_5,64,0.065206644,0.026438653,0.084360296
multi_strategy_5,65,0.06522069,0.026699049,0.084394152
multi_strategy_5,66,0.065237814,0.026903313,0.084092902
multi_strategy_5,67,0.065259318,0.027094524,0.083725411
multi_strategy_5,68,0.065268821,0.027401798,0.083664764
multi_strategy_5,69,0.065262651,0.027608302,0.08343363
multi_strategy_5,70,0.065260958,0.027722963,0.08328209
multi_strategy_5,71,0.065304643,0.027963307,0.083013465
multi_strategy_5,72,0.06535695,0.028185089,0.082879463
multi_strategy_5,73,0.065326293,0.028335464,0.082689981
multi_strategy_5,74,0.065299101,0.028543689,0.082509768
multi_strategy_5,75,0.06531315,0.028833904,0.082276477
multi_strategy_5,76,0.06527353,0.029051797,0.082057594
multi_strategy_5,77,0.06521701,0.029277405,0.08180113
multi_strategy_5,78,0.065184466,0.029438647,0.081578635
multi_strategy_5,79,0.065175832,0.029488107,0.081446031
multi_strategy_5,80,0.065169092,0.029618308,0.081419936
multi_strategy_5,81,0.065175293,0.02976555,0.081131069
multi_strategy_5,82,0.065233307,0.030021744,0.081104234
multi_strategy_5,83,0.065241265,0.030005302,0.080958704
multi_strategy_5,84,0.065241885,0.030155989,0.080881855
multi_strategy_5,85,0.065228445,0.030336778,0.080700201
multi_strategy_5,86,0.065252372,0.030446454,0.080586027
multi_strategy_5,87,0.06527168,0.030695533,0.080583107
multi_strategy_5,88,0.065279235,0.03085376,0.080412778
multi_strategy_5,89,0.06528214,0.030995939,0.080173689
multi_strategy_5,90,0.065314427,0.031061025,0.080172572
multi_strategy_5,91,0.065330295,0.031250524,0.080061729
multi_strategy_5,92,0.065318932,0.031379694,0.079816455
multi_strategy_5,93,0.065332312,0.031494908,0.079611362
multi_strategy_5,94,0.065301376,0.031623343,0.079506084
multi_strategy_5,95,0.065304844,0.031863897,0.079256983
multi_strategy_5,96,0.065312517,0.031916862,0.079132406
multi_strategy_5,97,0.065313706,0.031983093,0.078956228
multi_strategy_5,98,0.0653416,0.032169216,0.078945232
multi_strategy_5,99,0.065345243,0.032361986,0.078785753
multi_strategy_5,100,0.065345075,0.032388583,0.078694079
multi_strategy_5_c,1,0.065828696,-0.162914695,0.294280488
multi_strategy_5_c,2,0.065429153,-0.101843725,0.224099472
multi_strategy_5_c,3,0.065356482,-0.073582957,0.191608332
multi_strategy_5_c,4,0.064796015,-0.056767099,0.17226169
multi_strategy_5_c,5,0.064677195,-0.044668048,0.160031217
multi_strategy_5_c,6,0.064700586,-0.036218677,0.150641988
multi_strategy_5_c,7,0.064648847,-0.029243048,0.143940872
multi_strategy_5_c,8,0.064820474,-0.023220261,0.137804907
multi_strategy_5_c,9,0.064979344,-0.01940548,0.133369287
multi_strategy_5_c,10,0.065090332,-0.015058726,0.129605139
multi_strategy_5_c,11,0.065162859,-0.011793592,0.125868309
multi_strategy_5_c,12,0.065206541,-0.009042657,0.122906677
multi_strategy_5_c,13,0.065227408,-0.006802055,0.120401966
multi_strategy_5_c,14,0.065273984,-0.004639845,0.118260151
multi_strategy_5_c,15,0.065295652,-0.00251629,0.115999417
multi_strategy_5_c,16,0.065301659,-0.000888281,0.114302573
multi_strategy_5_c,17,0.065114849,0.000472939,0.112392941
multi_strategy_5_c,18,0.065108747,0.002451528,0.110847594
multi_strategy_5_c,19,0.065120678,0.004087932,0.108657367
multi_strategy_5_c,20,0.065101101,0.005336847,0.107289267
multi_strategy_5_c,21,0.065061204,0.006928515,0.106445739
multi_strategy_5_c,22,0.065045576,0.007699044,0.104906943
multi_strategy_5_c,23,0.065021407,0.008577422,0.103757663
multi_strategy_5_c,24,0.065024709,0.00920149,0.102579762
multi_strategy_5_c,25,0.065086717,0.01042404,0.10163192
multi_strategy_5_c,26,0.065042201,0.010761226,0.100735315
multi_strategy_5_c,27,0.065071586,0.011800385,0.100042416
multi_strategy_5_c,28,0.065099499,0.012588796,0.099055597
multi_strategy_5_c,29,0.065090189,0.013368565,0.098615597
multi_strategy_5_c,30,0.065147364,0.014077078,0.097957693
multi_strategy_5_c,31,0.065066908,0.014887554,0.096821106
multi_strategy_5_c,32,0.065037529,0.01535068,0.096176304
multi_strategy_5_c,33,0.065036846,0.015947467,0.095366748
multi_strategy_5_c,34,0.065030509,0.016476623,0.094899915
multi_strategy_5_c,35,0.065012568,0.017011667,0.094288152
multi_strategy_5_c,36,0.065076173,0.017630317,0.093777945
multi_strategy_5_c,37,0.065053304,0.018094789,0.09285893
multi_strategy_5_c,38,0.065038952,0.018562511,0.092504953
multi_strategy_5_c,39,0.065054097,0.018926806,0.091805539
multi_strategy_5_c,40,0.065062274,0.019327396,0.091509563
multi_strategy_5_c,41,0.065082931,0.019930301,0.091102133
multi_strategy_5_c,42,0.065112345,0.020297008,0.090886026
multi_strategy_5_c,43,0.065139476,0.020820687,0.090566539
multi_strategy_5_c,44,0.065098546,0.021238254,0.090392792
multi_strategy_5_c,45,0.065073063,0.021494257,0.089878859
multi_strategy_5_c,46,0.065052621,0.021748293,0.089317929
multi_strategy_5_c,47,0.065064523,0.022127437,0.0889451
multi_strategy_5_c,48,0.065076039,0.02250502,0.088805054
multi_strategy_5_c,49,0.065098045,0.022553191,0.08843761
multi_strategy_5_c,50,0.065123145,0.023045621,0.088215949
multi_strategy_5_c,51,0.065133749,0.023376789,0.087891493
multi_strategy_5_c,52,0.065141643,0.023800785,0.087591605
multi_strategy_5_c,53,0.065177918,0.023924858,0.087236716
multi_strategy_5_c,54,0.065132729,0.024260171,0.086981497
multi_strategy_5_c,55,0.065150525,0.024433031,0.086760039
multi_strategy_5_c,56,0.065168036,0.024734447,0.086614079
multi_strategy_5_c,57,0.065177733,0.024878833,0.086390923
multi_strategy_5_c,58,0.065161933,0.025072533,0.085994013
multi_strategy_5_c,59,0.065137846,0.025487699,0.085583748
multi_strategy_5_c,60,0.065167153,0.025661656,0.0853047
multi_strategy_5_c,61,0.065218597,0.025960011,0.085296077
multi_strategy_5_c,62,0.065202672,0.026166829,0.084963452
multi_strategy_5_c,63,0.065211452,0.026419539,0.08462736
multi_strategy_5_c,64,0.065206644,0.026438653,0.084360296
multi_strategy_5_c,65,0.06522069,0.026699049,0.084394152
multi_strategy_5_c,66,0.065237814,0.026903313,0.084092902
multi_strategy_5_c,67,0.065259318,0.027094524,0.083725411
multi_strategy_5_c,68,0.065268821,0.027401798,0.083664764
multi_strategy_5_c,69,0.065262651,0.027608302,0.08343363
multi_strategy_5_c,70,0.065260958,0.027722963,0.08328209
multi_strategy_5_c,71,0.065304643,0.027963307,0.083013465
multi_strategy_5_c,72,0.06535695,0.028185089,0.082879463
multi_strategy_5_c,73,0.065326293,0.028335464,0.082689981
multi_strategy_5_c,74,0.065299101,0.028543689,0.082509768
multi_strategy_5_c,75,0.06531315,0.028833904,0.082276477
multi_strategy_5_c,76,0.06527353,0.029051797,0.082057594
multi_strategy_5_c,77,0.06521701,0.029277405,0.08180113
multi_strategy_5_c,78,0.065184466,0.029438647,0.081578635
multi_strategy_5_c,79,0.065175832,0.029488107,0.081446031
multi_strategy_5_c,80,0.065169092,0.029618308,0.081419936
multi_strategy_5_c,81,0.065175293,0.02976555,0.081131069
multi_strategy_5_c,82,0.065233307,0.030021744,0.081104234
multi_strategy_5_c,83,0.065241265,0.030005302,0.080958704
multi_strategy_5_c,84,0.065241885,0.030155989,0.080881855
multi_strategy_5_c,85,0.065228445,0.030336778,0.080700201
multi_strategy_5_c,86,0.065252372,0.030446454,0.080586027
multi_strategy_5_c,87,0.06527168,0.030695533,0.080583107
multi_strategy_5_c,88,0.065279235,0.03085376,0.080412778
multi_strategy_5_c,89,0.06528214,0.030995939,0.080173689
multi_strategy_5_c,90,0.065314427,0.031061025,0.080172572
multi_strategy_5_c,91,0.065330295,0.031250524,0.080061729
multi_strategy_5_c,92,0.065318932,0.031379694,0.079816455
multi_strategy_5_c,93,0.065332312,0.031494908,0.079611362
multi_strategy_5_c,94,0.065301376,0.031623343,0.079506084
multi_strategy_5_c,95,0.065304844,0.031863897,0.079256983
multi_strategy_5_c,96,0.065312517,0.031916862,0.079132406
multi_strategy_5_c,97,0.065313706,0.031983093,0.078956228
multi_strategy_5_c,98,0.0653416,0.032169216,0.078945232
multi_strategy_5_c,99,0.065345243,0.032361986,0.078785753
multi_strategy_5_c,100,0.065345075,0.032388583,0.078694079
nedgroup_investments_opportunity_fund,1,0.058448642,-0.153502038,0.272161362
nedgroup_investments_opportunity_fund,2,0.057555327,-0.099081881,0.206258647
nedgroup_investments_opportunity_fund,3,0.057690081,-0.072344781,0.176257835
nedgroup_investments_opportunity_fund,4,0.057306447,-0.057167573,0.158563633
nedgroup_investments_opportunity_fund,5,0.057356326,-0.045162979,0.146357452
nedgroup_investments_opportunity_fund,6,0.057516917,-0.037558955,0.137996021
nedgroup_investments_opportunity_fund,7,0.057426361,-0.030830811,0.131141039
nedgroup_investments_opportunity_fund,8,0.057659567,-0.025528249,0.12600348
nedgroup_investments_opportunity_fund,9,0.057662844,-0.022239298,0.121990496
nedgroup_investments_opportunity_fund,10,0.057725794,-0.018266997,0.118218185
nedgroup_investments_opportunity_fund,11,0.057769382,-0.015290088,0.114817848
nedgroup_investments_opportunity_fund,12,0.057724101,-0.01262113,0.111746208
nedgroup_investments_opportunity_fund,13,0.057760099,-0.010272757,0.109634081
nedgroup_investments_opportunity_fund,14,0.057742655,-0.008208433,0.107225985
nedgroup_investments_opportunity_fund,15,0.057746225,-0.006041803,0.105430428
nedgroup_investments_opportunity_fund,16,0.057670164,-0.00429057,0.103814625
nedgroup_investments_opportunity_fund,17,0.05755403,-0.002874661,0.102035201
nedgroup_investments_opportunity_fund,18,0.057610018,-0.001202196,0.100492397
nedgroup_investments_opportunity_fund,19,0.057655542,0.000157819,0.098761155
nedgroup_investments_opportunity_fund,20,0.057626392,0.001485374,0.097424222
nedgroup_investments_opportunity_fund,21,0.05759209,0.00316474,0.096449198
nedgroup_investments_opportunity_fund,22,0.057538081,0.00376942,0.095035461
nedgroup_investments_opportunity_fund,23,0.057535954,0.004777104,0.094077019
nedgroup_investments_opportunity_fund,24,0.057538208,0.005326081,0.092960113
nedgroup_investments_opportunity_fund,25,0.057594277,0.006347991,0.092145211
nedgroup_investments_opportunity_fund,26,0.057557368,0.006851575,0.091002964
nedgroup_investments_opportunity_fund,27,0.057579922,0.007709622,0.090354609
nedgroup_investments_opportunity_fund,28,0.057599489,0.008502907,0.089741193
nedgroup_investments_opportunity_fund,29,0.057589629,0.009266964,0.089435453
nedgroup_investments_opportunity_fund,30,0.057590432,0.009904636,0.088660004
nedgroup_investments_opportunity_fund,31,0.057552688,0.010453549,0.087763652
nedgroup_investments_opportunity_fund,32,0.057563601,0.010778738,0.087309435
nedgroup_investments_opportunity_fund,33,0.057556393,0.01140692,0.086543335
nedgroup_investments_opportunity_fund,34,0.057566679,0.011817077,0.085973761
nedgroup_investments_opportunity_fund,35,0.057581622,0.01231124,0.085393489
nedgroup_investments_opportunity_fund,36,0.05763554,0.012869,0.084898369
nedgroup_investments_opportunity_fund,37,0.057605074,0.013333522,0.083970306
nedgroup_investments_opportunity_fund,38,0.057615772,0.013729908,0.083593176
nedgroup_investments_opportunity_fund,39,0.057659866,0.014190767,0.083022772
nedgroup_investments_opportunity_fund,40,0.057683365,0.014663965,0.082721287
nedgroup_investments_opportunity_fund,41,0.0576791,0.015179234,0.082345023
nedgroup_investments_opportunity_fund,42,0.057707526,0.015425585,0.082110703
nedgroup_investments_opportunity_fund,43,0.057712503,0.016121623,0.081864528
nedgroup_investments_opportunity_fund,44,0.05766579,0.01638395,0.081475704
nedgroup_investments_opportunity_fund,45,0.057658212,0.01660317,0.080934171
nedgroup_investments_opportunity_fund,46,0.057646767,0.016827947,0.080417072
nedgroup_investments_opportunity_fund,47,0.05765892,0.017235401,0.080088894
nedgroup_investments_opportunity_fund,48,0.057682809,0.017600761,0.080087582
nedgroup_investments_opportunity_fund,49,0.057673286,0.017760483,0.079649001
nedgroup_investments_opportunity_fund,50,0.057709428,0.018066504,0.079516428
nedgroup_investments_opportunity_fund,51,0.057706603,0.018366562,0.079226536
nedgroup_investments_opportunity_fund,52,0.057713921,0.018790558,0.078872963
nedgroup_investments_opportunity_fund,53,0.057718683,0.019013689,0.078541022
nedgroup_investments_opportunity_fund,54,0.057691564,0.019237687,0.078353883
nedgroup_investments_opportunity_fund,55,0.057697045,0.019308985,0.077993
nedgroup_investments_opportunity_fund,56,0.057704728,0.019718273,0.078004194
nedgroup_investments_opportunity_fund,57,0.057713536,0.019922332,0.07769358
nedgroup_investments_opportunity_fund,58,0.057695257,0.020113024,0.077425527
nedgroup_investments_opportunity_fund,59,0.057662606,0.02034917,0.077124419
nedgroup_investments_opportunity_fund,60,0.057666058,0.020638421,0.076717215
nedgroup_investments_opportunity_fund,61,0.057713645,0.020951054,0.076676175
nedgroup_investments_opportunity_fund,62,0.057705387,0.021055401,0.076394504
nedgroup_investments_opportunity_fund,63,0.057727788,0.021232829,0.076209649
nedgroup_investments_opportunity_fund,64,0.057729437,0.021280587,0.07599515
nedgroup_investments_opportunity_fund,65,0.057755898,0.021564775,0.07594144
nedgroup_investments_opportunity_fund,66,0.057791618,0.021807304,0.075764091
nedgroup_investments_opportunity_fund,67,0.057795023,0.02202464,0.075466915
nedgroup_investments_opportunity_fund,68,0.057798224,0.022325918,0.075320726
nedgroup_investments_opportunity_fund,69,0.05780061,0.022575434,0.075097677
nedgroup_investments_opportunity_fund,70,0.057809393,0.022632608,0.074881615
nedgroup_investments_opportunity_fund,71,0.057853705,0.022945832,0.074719778
nedgroup_investments_opportunity_fund,72,0.057877432,0.023077938,0.074491633
nedgroup_investments_opportunity_fund,73,0.057873141,0.023124176,0.074325982
nedgroup_investments_opportunity_fund,74,0.057853311,0.023302551,0.074251373
nedgroup_investments_opportunity_fund,75,0.057876807,0.023599698,0.074033159
nedgroup_investments_opportunity_fund,76,0.057853026,0.023743409,0.073876952
nedgroup_investments_opportunity_fund,77,0.057808761,0.024037332,0.073614384
nedgroup_investments_opportunity_fund,78,0.057807916,0.0240836,0.073497208
nedgroup_investments_opportunity_fund,79,0.057813123,0.024246726,0.073281299
nedgroup_investments_opportunity_fund,80,0.057816683,0.024452868,0.073142028
nedgroup_investments_opportunity_fund,81,0.057818554,0.024574563,0.072926635
nedgroup_investments_opportunity_fund,82,0.057857969,0.024691343,0.072762304
nedgroup_investments_opportunity_fund,83,0.057857298,0.024809217,0.072628488
nedgroup_investments_opportunity_fund,84,0.057837473,0.024901285,0.072541413
nedgroup_investments_opportunity_fund,85,0.057823362,0.025085164,0.072381013
nedgroup_investments_opportunity_fund,86,0.057844759,0.025248215,0.072294303
nedgroup_investments_opportunity_fund,87,0.057865623,0.025427518,0.07230202
nedgroup_investments_opportunity_fund,88,0.057845214,0.025609324,0.072130837
nedgroup_investments_opportunity_fund,89,0.057844014,0.025740248,0.071953396
nedgroup_investments_opportunity_fund,90,0.057848724,0.025808057,0.071921221
nedgroup_investments_opportunity_fund,91,0.057833748,0.025970185,0.071785918
nedgroup_investments_opportunity_fund,92,0.057828272,0.026149577,0.071559448
nedgroup_investments_opportunity_fund,93,0.057854196,0.026192988,0.071335913
nedgroup_investments_opportunity_fund,94,0.057813942,0.026267561,0.07123237
nedgroup_investments_opportunity_fund,95,0.057833805,0.02646757,0.071028184
nedgroup_investments_opportunity_fund,96,0.057825801,0.026566927,0.070896366
nedgroup_investments_opportunity_fund,97,0.057818641,0.026642542,0.070798073
nedgroup_investments_opportunity_fund,98,0.057868608,0.026757588,0.070740494
nedgroup_investments_opportunity_fund,99,0.057893418,0.026895835,0.070690469
nedgroup_investments_opportunity_fund,100,0.057888747,0.026956629,0.070535445
ninety_one_cautious_managed_fund,1,0.055823826,-0.119912768,0.233776829
ninety_one_cautious_managed_fund,2,0.05541677,-0.074030001,0.178945069
ninety_one_cautious_managed_fund,3,0.055656687,-0.051593449,0.154702737
ninety_one_cautious_managed_fund,4,0.055474659,-0.03912694,0.14032175
ninety_one_cautious_managed_fund,5,0.055483532,-0.029205506,0.12973332
ninety_one_cautious_managed_fund,6,0.055592066,-0.022830271,0.122851926
ninety_one_cautious_managed_fund,7,0.055541928,-0.017330238,0.116835416
ninety_one_cautious_managed_fund,8,0.055685092,-0.013080261,0.112638865
ninety_one_cautious_managed_fund,9,0.05563421,-0.009997869,0.109441
ninety_one_cautious_managed_fund,10,0.055614055,-0.006833069,0.106039066
ninety_one_cautious_managed_fund,11,0.05566563,-0.004228681,0.103476194
ninety_one_cautious_managed_fund,12,0.055583946,-0.00204566,0.100931312
ninety_one_cautious_managed_fund,13,0.055625333,0.000127639,0.099210867
ninety_one_cautious_managed_fund,14,0.055629963,0.001842932,0.097134028
ninety_one_cautious_managed_fund,15,0.055562378,0.00351806,0.095765783
ninety_one_cautious_managed_fund,16,0.055469193,0.005155889,0.094331228
ninety_one_cautious_managed_fund,17,0.055434437,0.006162462,0.092793366
ninety_one_cautious_managed_fund,18,0.055474555,0.007490174,0.091432926
ninety_one_cautious_managed_fund,19,0.055545774,0.008498353,0.090290899
ninety_one_cautious_managed_fund,20,0.055521569,0.009713078,0.089267924
ninety_one_cautious_managed_fund,21,0.055519943,0.011035363,0.088315834
ninety_one_cautious_managed_fund,22,0.055491281,0.011656192,0.087291381
ninety_one_cautious_managed_fund,23,0.055506988,0.012610102,0.086412795
ninety_one_cautious_managed_fund,24,0.055504022,0.013061191,0.085697869
ninety_one_cautious_managed_fund,25,0.055539595,0.01396448,0.085097853
ninety_one_cautious_managed_fund,26,0.055504396,0.014445598,0.084028888
ninety_one_cautious_managed_fund,27,0.055519771,0.015136237,0.083458869
ninety_one_cautious_managed_fund,28,0.055518316,0.015757401,0.08300591
ninety_one_cautious_managed_fund,29,0.055522558,0.016342468,0.082653961
ninety_one_cautious_managed_fund,30,0.05549791,0.016912335,0.082037698
ninety_one_cautious_managed_fund,31,0.055510435,0.017285411,0.081431904
ninety_one_cautious_managed_fund,32,0.05553767,0.017533953,0.081064451
ninety_one_cautious_managed_fund,33,0.055527327,0.018113626,0.080498867
ninety_one_cautious_managed_fund,34,0.055542861,0.018416783,0.080080394
ninety_one_cautious_managed_fund,35,0.055575337,0.018846943,0.079484173
ninety_one_cautious_managed_fund,36,0.055623467,0.019330464,0.079118372
ninety_one_cautious_managed_fund,37,0.055612926,0.019691711,0.078412605
ninety_one_cautious_managed_fund,38,0.055630721,0.020038727,0.077998878
ninety_one_cautious_managed_fund,39,0.055666218,0.020530897,0.077585359
ninety_one_cautious_managed_fund,40,0.055688882,0.02083807,0.077286244
ninety_one_cautious_managed_fund,41,0.055674534,0.021291401,0.077011376
ninety_one_cautious_managed_fund,42,0.055671956,0.021384631,0.076729034
ninety_one_cautious_managed_fund,43,0.055681941,0.021984193,0.076477017
ninety_one_cautious_managed_fund,44,0.055644164,0.022170949,0.076080866
ninety_one_cautious_managed_fund,45,0.055644253,0.022360233,0.075711243
ninety_one_cautious_managed_fund,46,0.055656635,0.022579324,0.075411126
ninety_one_cautious_managed_fund,47,0.055659631,0.022897754,0.075175576
ninety_one_cautious_managed_fund,48,0.05567093,0.023221799,0.075113967
ninety_one_cautious_managed_fund,49,0.05564745,0.023461656,0.074724316
ninety_one_cautious_managed_fund,50,0.055688221,0.023600823,0.074636441
ninety_one_cautious_managed_fund,51,0.05567554,0.023816873,0.074402858
ninety_one_cautious_managed_fund,52,0.055681311,0.024219286,0.074055501
ninety_one_cautious_managed_fund,53,0.055670227,0.024478589,0.073823275
ninety_one_cautious_managed_fund,54,0.055657916,0.024607468,0.073621629
ninety_one_cautious_managed_fund,55,0.055657538,0.024698775,0.073265872
ninety_one_cautious_managed_fund,56,0.055652555,0.025061719,0.073231613
ninety_one_cautious_managed_fund,57,0.0556644,0.02526293,0.072950586
ninety_one_cautious_managed_fund,58,0.055654567,0.025438085,0.072801789
ninety_one_cautious_managed_fund,59,0.055621329,0.025575756,0.072557106
ninety_one_cautious_managed_fund,60,0.055617315,0.025846925,0.072169842
ninety_one_cautious_managed_fund,61,0.055643075,0.026074051,0.072112172
ninety_one_cautious_managed_fund,62,0.055651275,0.026165646,0.071886487
ninety_one_cautious_managed_fund,63,0.055667611,0.026243409,0.071760525
ninety_one_cautious_managed_fund,64,0.055671845,0.026347248,0.071595268
ninety_one_cautious_managed_fund,65,0.05569491,0.026523382,0.071454591
ninety_one_cautious_managed_fund,66,0.055720337,0.026699708,0.071344297
ninety_one_cautious_managed_fund,67,0.055713176,0.026968707,0.071132945
ninety_one_cautious_managed_fund,68,0.055703126,0.027163271,0.070963542
ninety_one_cautious_managed_fund,69,0.055708373,0.027397896,0.070803713
ninety_one_cautious_managed_fund,70,0.055725313,0.027476851,0.070647034
ninety_one_cautious_managed_fund,71,0.055748964,0.027798038,0.070528368
ninety_one_cautious_managed_fund,72,0.055757149,0.02787758,0.070320195
ninety_one_cautious_managed_fund,73,0.055754438,0.02792202,0.070205249
ninety_one_cautious_managed_fund,74,0.055743648,0.028042588,0.070160047
ninety_one_cautious_managed_fund,75,0.055745069,0.028229766,0.069957269
ninety_one_cautious_managed_fund,76,0.055748506,0.028377477,0.069850378
ninety_one_cautious_managed_fund,77,0.055731474,0.0285908,0.069651173
ninety_one_cautious_managed_fund,78,0.055736449,0.028583051,0.069574894
ninety_one_cautious_managed_fund,79,0.055735326,0.028721984,0.069356321
ninety_one_cautious_managed_fund,80,0.05574316,0.028916404,0.069208295
ninety_one_cautious_managed_fund,81,0.055746395,0.028998906,0.069084665
ninety_one_cautious_managed_fund,82,0.055763727,0.029069849,0.068907849
ninety_one_cautious_managed_fund,83,0.055748282,0.029249365,0.068781076
ninety_one_cautious_managed_fund,84,0.055727934,0.029276944,0.068697212
ninety_one_cautious_managed_fund,85,0.055716555,0.02947204,0.068550853
ninety_one_cautious_managed_fund,86,0.055731205,0.029628531,0.068459193
ninety_one_cautious_managed_fund,87,0.055749803,0.029828831,0.068511692
ninety_one_cautious_managed_fund,88,0.055745259,0.029965269,0.068393812
ninety_one_cautious_managed_fund,89,0.05574438,0.030098374,0.068242869
ninety_one_cautious_managed_fund,90,0.055742898,0.030165478,0.068163751
ninety_one_cautious_managed_fund,91,0.055726691,0.030281899,0.068034725
ninety_one_cautious_managed_fund,92,0.05572573,0.030397581,0.067872364
ninety_one_cautious_managed_fund,93,0.055738784,0.030417369,0.067708038
ninety_one_cautious_managed_fund,94,0.055710266,0.030445284,0.067575641
ninety_one_cautious_managed_fund,95,0.055733018,0.030544335,0.067445999
ninety_one_cautious_managed_fund,96,0.055726882,0.030628209,0.067364529
ninety_one_cautious_managed_fund,97,0.055725179,0.030699837,0.067276792
ninety_one_cautious_managed_fund,98,0.055769669,0.030768509,0.067199198
ninety_one_cautious_managed_fund,99,0.055800826,0.030924881,0.067193855
ninety_one_cautious_managed_fund,100,0.05579009,0.031008915,0.067071182
ninety_one_diversified_income_fund,1,0.055951572,-0.12162405,0.236800491
ninety_one_diversified_income_fund,2,0.055856053,-0.072637467,0.181033424
ninety_one_diversified_income_fund,3,0.055888955,-0.050215801,0.157222528
ninety_one_diversified_income_fund,4,0.055646203,-0.038834537,0.142539768
ninety_one_diversified_income_fund,5,0.055652764,-0.02886485,0.131342651
ninety_one_diversified_income_fund,6,0.055689344,-0.022465434,0.124594022
ninety_one_diversified_income_fund,7,0.055674773,-0.016383296,0.117851477
ninety_one_diversified_income_fund,8,0.05576658,-0.012456681,0.113530724
ninety_one_diversified_income_fund,9,0.055642235,-0.008989867,0.11055368
ninety_one_diversified_income_fund,10,0.055591911,-0.005857968,0.106993756
ninety_one_diversified_income_fund,11,0.055588028,-0.002968057,0.104786763
ninety_one_diversified_income_fund,12,0.055522081,-0.000746408,0.102325718
ninety_one_diversified_income_fund,13,0.055565709,0.001416786,0.100694438
ninety_one_diversified_income_fund,14,0.055590201,0.003370519,0.098498498
ninety_one_diversified_income_fund,15,0.055425848,0.004844225,0.096988283
ninety_one_diversified_income_fund,16,0.055409224,0.006778988,0.095819947
ninety_one_diversified_income_fund,17,0.055368832,0.007235611,0.094156251
ninety_one_diversified_income_fund,18,0.055348845,0.008601719,0.092548775
ninety_one_diversified_income_fund,19,0.055443223,0.009470446,0.091666703
ninety_one_diversified_income_fund,20,0.055452475,0.01106696,0.090428982
ninety_one_diversified_income_fund,21,0.055518455,0.012106969,0.089591349
ninety_one_diversified_income_fund,22,0.055493061,0.013058582,0.088946491
ninety_one_diversified_income_fund,23,0.055479968,0.014241147,0.087367866
ninety_one_diversified_income_fund,24,0.055437244,0.014624576,0.086878031
ninety_one_diversified_income_fund,25,0.055484834,0.015705791,0.086494471
ninety_one_diversified_income_fund,26,0.055400914,0.016040196,0.085366519
ninety_one_diversified_income_fund,27,0.055430248,0.016856167,0.085001509
ninety_one_diversified_income_fund,28,0.055457406,0.017352778,0.084547204
ninety_one_diversified_income_fund,29,0.05552511,0.017892393,0.084097915
ninety_one_diversified_income_fund,30,0.055462091,0.018375145,0.083362577
ninety_one_diversified_income_fund,31,0.055516893,0.018888433,0.082838974
ninety_one_diversified_income_fund,32,0.055550227,0.018998873,0.08257564
ninety_one_diversified_income_fund,33,0.055538738,0.019535015,0.081997772
ninety_one_diversified_income_fund,34,0.055559775,0.019857851,0.081779499
ninety_one_diversified_income_fund,35,0.055597749,0.020130229,0.080988058
ninety_one_diversified_income_fund,36,0.055650202,0.020652302,0.08062191
ninety_one_diversified_income_fund,37,0.055648015,0.020990947,0.079853456
ninety_one_diversified_income_fund,38,0.055676152,0.021300024,0.079340194
ninety_one_diversified_income_fund,39,0.055718931,0.022116722,0.078857034
ninety_one_diversified_income_fund,40,0.055746105,0.022370607,0.078559725
ninety_one_diversified_income_fund,41,0.055733431,0.022806172,0.078407015
ninety_one_diversified_income_fund,42,0.055731492,0.022888707,0.078067865
ninety_one_diversified_income_fund,43,0.055756253,0.023397894,0.077697476
ninety_one_diversified_income_fund,44,0.055774391,0.023486476,0.077375619
ninety_one_diversified_income_fund,45,0.055766248,0.023903316,0.077046292
ninety_one_diversified_income_fund,46,0.05581212,0.024055944,0.076839433
ninety_one_diversified_income_fund,47,0.055796818,0.024368171,0.076672717
ninety_one_diversified_income_fund,48,0.055812528,0.024472506,0.076607109
ninety_one_diversified_income_fund,49,0.05578059,0.0247527,0.075968806
ninety_one_diversified_income_fund,50,0.055815355,0.024621018,0.076020936
ninety_one_diversified_income_fund,51,0.055792608,0.024866216,0.075779539
ninety_one_diversified_income_fund,52,0.055798096,0.025371987,0.075311727
ninety_one_diversified_income_fund,53,0.055781567,0.025699911,0.075210519
ninety_one_diversified_income_fund,54,0.055774281,0.025709259,0.075053235
ninety_one_diversified_income_fund,55,0.055765372,0.026071992,0.074659952
ninety_one_diversified_income_fund,56,0.055738054,0.026490877,0.074669253
ninety_one_diversified_income_fund,57,0.055749501,0.026688716,0.074242691
ninety_one_diversified_income_fund,58,0.055765789,0.026933078,0.074202959
ninety_one_diversified_income_fund,59,0.055722721,0.026958785,0.074061208
ninety_one_diversified_income_fund,60,0.055725308,0.027166887,0.073516912
ninety_one_diversified_income_fund,61,0.055717654,0.027444459,0.073303791
ninety_one_diversified_income_fund,62,0.055740166,0.027693234,0.073093978
ninety_one_diversified_income_fund,63,0.055735234,0.027668025,0.073132034
ninety_one_diversified_income_fund,64,0.055752278,0.02774562,0.072968495
ninety_one_diversified_income_fund,65,0.055745942,0.027796109,0.072666389
ninety_one_diversified_income_fund,66,0.055753302,0.028002567,0.072585428
ninety_one_diversified_income_fund,67,0.055736196,0.028288748,0.072440281
ninety_one_diversified_income_fund,68,0.055700471,0.028515552,0.072137649
ninety_one_diversified_income_fund,69,0.055702045,0.028762623,0.072027071
ninety_one_diversified_income_fund,70,0.055728715,0.028796222,0.071860465
ninety_one_diversified_income_fund,71,0.055750676,0.029196149,0.071759675
ninety_one_diversified_income_fund,72,0.055744583,0.029238963,0.071622459
ninety_one_diversified_income_fund,73,0.055724817,0.029258129,0.071521936
ninety_one_diversified_income_fund,74,0.055717782,0.029367269,0.071355129
ninety_one_diversified_income_fund,75,0.055687284,0.029503978,0.071093312
ninety_one_diversified_income_fund,76,0.055691759,0.02974661,0.071057228
ninety_one_diversified_income_fund,77,0.055711854,0.029877404,0.071008613
ninety_one_diversified_income_fund,78,0.055711395,0.029864383,0.070923448
ninety_one_diversified_income_fund,79,0.055696837,0.029955044,0.07067625
ninety_one_diversified_income_fund,80,0.055701211,0.03026853,0.070563991
ninety_one_diversified_income_fund,81,0.055716993,0.030241223,0.070455494
ninety_one_diversified_income_fund,82,0.055731958,0.030308143,0.070184695
ninety_one_diversified_income_fund,83,0.055727421,0.030571418,0.070114088
ninety_one_diversified_income_fund,84,0.055722131,0.030512596,0.07003623
ninety_one_diversified_income_fund,85,0.055694654,0.030766857,0.069863957
ninety_one_diversified_income_fund,86,0.055709006,0.030928325,0.069785547
ninety_one_diversified_income_fund,87,0.055733605,0.031185558,0.069964371
ninety_one_diversified_income_fund,88,0.055754585,0.03136021,0.069818743
ninety_one_diversified_income_fund,89,0.055762254,0.031515114,0.069654255
ninety_one_diversified_income_fund,90,0.055760106,0.031636144,0.069526404
ninety_one_diversified_income_fund,91,0.055760715,0.031703934,0.06939742
ninety_one_diversified_income_fund,92,0.055754963,0.031725248,0.069222551
ninety_one_diversified_income_fund,93,0.05573436,0.031693256,0.069086241
ninety_one_diversified_income_fund,94,0.05573925,0.031709995,0.069019814
ninety_one_diversified_income_fund,95,0.055743572,0.031729087,0.068899761
ninety_one_diversified_income_fund,96,0.055751214,0.031867258,0.068829882
ninety_one_diversified_income_fund,97,0.055751576,0.031935672,0.068691519
ninety_one_diversified_income_fund,98,0.055756209,0.031911194,0.068555365
ninety_one_diversified_income_fund,99,0.055794956,0.03210646,0.068591287
ninety_one_diversified_income_fund,100,0.055795605,0.03226717,0.068497698
ninety_one_equity_fund,1,0.06540381,-0.194127149,0.325977169
ninety_one_equity_fund,2,0.063839568,-0.129526174,0.245530525
ninety_one_equity_fund,3,0.064043461,-0.096805685,0.208056204
ninety_one_equity_fund,4,0.063477527,-0.077483687,0.186149427
ninety_one_equity_fund,5,0.063543704,-0.062633358,0.171707409
ninety_one_equity_fund,6,0.063797683,-0.053406351,0.161386116
ninety_one_equity_fund,7,0.063652608,-0.045387259,0.153660974
ninety_one_equity_fund,8,0.064010379,-0.038537724,0.147303654
ninety_one_equity_fund,9,0.06409394,-0.034969821,0.142207544
ninety_one_equity_fund,10,0.064221597,-0.029995528,0.137824367
ninety_one_equity_fund,11,0.064302547,-0.026582926,0.133277668
ninety_one_equity_fund,12,0.064255686,-0.023319377,0.129473358
ninety_one_equity_fund,13,0.064298766,-0.020574492,0.126833098
ninety_one_equity_fund,14,0.064261385,-0.018154451,0.123986085
ninety_one_equity_fund,15,0.064351692,-0.015335892,0.121781998
ninety_one_equity_fund,16,0.064229278,-0.013487205,0.119702167
ninety_one_equity_fund,17,0.064039376,-0.011349256,0.11759795
ninety_one_equity_fund,18,0.064143708,-0.009235584,0.115871676
ninety_one_equity_fund,19,0.064169296,-0.00743769,0.113410957
ninety_one_equity_fund,20,0.064117472,-0.006062491,0.111843856
ninety_one_equity_fund,21,0.064019181,-0.003770024,0.110674004
ninety_one_equity_fund,22,0.063942047,-0.003319754,0.108632329
ninety_one_equity_fund,23,0.063949628,-0.002256814,0.107915505
ninety_one_equity_fund,24,0.063968217,-0.001542632,0.106280657
ninety_one_equity_fund,25,0.064039442,-0.000412221,0.105107601
ninety_one_equity_fund,26,0.064021082,0.00019805,0.103786874
ninety_one_equity_fund,27,0.064047067,0.001208783,0.102907145
ninety_one_equity_fund,28,0.064066573,0.002284351,0.10214512
ninety_one_equity_fund,29,0.064010415,0.003262087,0.101892419
ninety_one_equity_fund,30,0.064047375,0.004082086,0.10097936
ninety_one_equity_fund,31,0.063947866,0.004738324,0.099725411
ninety_one_equity_fund,32,0.063948673,0.005209406,0.099120123
ninety_one_equity_fund,33,0.06394139,0.005973529,0.098123825
ninety_one_equity_fund,34,0.063945355,0.006476047,0.097289398
ninety_one_equity_fund,35,0.06394452,0.007142638,0.096732606
ninety_one_equity_fund,36,0.064014723,0.007815819,0.096110459
ninety_one_equity_fund,37,0.063961643,0.008424107,0.094947692
ninety_one_equity_fund,38,0.0639673,0.008909539,0.094593256
ninety_one_equity_fund,39,0.064021677,0.009233587,0.093888842
ninety_one_equity_fund,40,0.064047063,0.009890198,0.093540228
ninety_one_equity_fund,41,0.064048701,0.010515948,0.092994458
ninety_one_equity_fund,42,0.064099241,0.010875431,0.092807414
ninety_one_equity_fund,43,0.064097372,0.011779055,0.092617865
ninety_one_equity_fund,44,0.064003041,0.0121713,0.092156312
ninety_one_equity_fund,45,0.063995912,0.012310463,0.091416432
ninety_one_equity_fund,46,0.063953899,0.012607268,0.090637105
ninety_one_equity_fund,47,0.063983887,0.013119405,0.090169646
ninety_one_equity_fund,48,0.064014632,0.01368528,0.090229281
ninety_one_equity_fund,49,0.064021863,0.013791259,0.089827375
ninety_one_equity_fund,50,0.064064753,0.014387608,0.089586922
ninety_one_equity_fund,51,0.064075776,0.014747937,0.089227039
ninety_one_equity_fund,52,0.064084476,0.01520214,0.088897206
ninety_one_equity_fund,53,0.064099906,0.015396968,0.088390006
ninety_one_equity_fund,54,0.06405502,0.015757869,0.08817347
ninety_one_equity_fund,55,0.064073583,0.015663491,0.087783943
ninety_one_equity_fund,56,0.064101909,0.016130506,0.087815013
ninety_one_equity_fund,57,0.064110999,0.016361384,0.087523604
ninety_one_equity_fund,58,0.064070733,0.016546745,0.087083333
ninety_one_equity_fund,59,0.06403546,0.016933992,0.086658957
ninety_one_equity_fund,60,0.064040786,0.017305671,0.086256079
ninety_one_equity_fund,61,0.064129996,0.017689146,0.086324689
ninety_one_equity_fund,62,0.064102208,0.017711656,0.08596383
ninety_one_equity_fund,63,0.064144798,0.018024488,0.085625527
ninety_one_equity_fund,64,0.06414073,0.018037302,0.085365363
ninety_one_equity_fund,65,0.06419049,0.018497322,0.085452107
ninety_one_equity_fund,66,0.064244352,0.018795769,0.085203851
ninety_one_equity_fund,67,0.06425998,0.019004299,0.084770358
ninety_one_equity_fund,68,0.064285917,0.019401211,0.08469917
ninety_one_equity_fund,69,0.064289905,0.019681316,0.084385176
ninety_one_equity_fund,70,0.064289124,0.019755855,0.084112072
ninety_one_equity_fund,71,0.064352326,0.020069203,0.083895899
ninety_one_equity_fund,72,0.064400928,0.020253955,0.08358046
ninety_one_equity_fund,73,0.064401821,0.02032394,0.083346377
ninety_one_equity_fund,74,0.064370391,0.020554736,0.083316824
ninety_one_equity_fund,75,0.06442659,0.020984782,0.083091712
ninety_one_equity_fund,76,0.064382997,0.021101679,0.082846768
ninety_one_equity_fund,77,0.064292687,0.021529439,0.082426529
ninety_one_equity_fund,78,0.064293683,0.021610588,0.082272679
ninety_one_equity_fund,79,0.064312759,0.02184585,0.082039899
ninety_one_equity_fund,80,0.064315536,0.022022774,0.081871896
ninety_one_equity_fund,81,0.064311864,0.02223232,0.081568238
ninety_one_equity_fund,82,0.064370675,0.022385034,0.081447725
ninety_one_equity_fund,83,0.064371707,0.0224305,0.081270956
ninety_one_equity_fund,84,0.064337557,0.022618972,0.081164836
ninety_one_equity_fund,85,0.064328148,0.022801928,0.080981538
ninety_one_equity_fund,86,0.064359189,0.022974868,0.08087455
ninety_one_equity_fund,87,0.064382015,0.023144242,0.080801452
ninety_one_equity_fund,88,0.06433276,0.023368469,0.080589532
ninety_one_equity_fund,89,0.064328251,0.023503884,0.080381191
ninety_one_equity_fund,90,0.064340711,0.023544116,0.080412216
ninety_one_equity_fund,91,0.06431576,0.023786037,0.08023792
ninety_one_equity_fund,92,0.064309728,0.024075662,0.079950922
ninety_one_equity_fund,93,0.064367088,0.024168896,0.079650056
ninety_one_equity_fund,94,0.06429539,0.024279731,0.079508424
ninety_one_equity_fund,95,0.064328159,0.024615945,0.079221795
ninety_one_equity_fund,96,0.064310162,0.024713297,0.079037398
ninety_one_equity_fund,97,0.064295899,0.024795114,0.07894355
ninety_one_equity_fund,98,0.064381348,0.024999428,0.078936535
ninety_one_equity_fund,99,0.064404241,0.025131432,0.07883275
ninety_one_equity_fund,100,0.064392153,0.025134092,0.078625677
ninety_one_global_franchise_feeder_fund,1,0.067821055,-0.194112198,0.334016166
ninety_one_global_franchise_feeder_fund,2,0.067121825,-0.130681224,0.25099636
ninety_one_global_franchise_feeder_fund,3,0.068374299,-0.096694529,0.214629069
ninety_one_global_franchise_feeder_fund,4,0.068621688,-0.076230076,0.194448094
ninety_one_global_franchise_feeder_fund,5,0.068606278,-0.061282109,0.178424276
ninety_one_global_franchise_feeder_fund,6,0.068811111,-0.051244783,0.167574505
ninety_one_global_franchise_feeder_fund,7,0.068695384,-0.044577523,0.158576061
ninety_one_global_franchise_feeder_fund,8,0.068906031,-0.037755842,0.153119118
ninety_one_global_franchise_feeder_fund,9,0.068778747,-0.033118497,0.148179668
ninety_one_global_franchise_feeder_fund,10,0.068649463,-0.028669545,0.142324917
ninety_one_global_franchise_feeder_fund,11,0.068852992,-0.024924424,0.138429856
ninety_one_global_franchise_feeder_fund,12,0.068583182,-0.021919623,0.134225269
ninety_one_global_franchise_feeder_fund,13,0.068669535,-0.017905733,0.131661456
ninety_one_global_franchise_feeder_fund,14,0.068660544,-0.015860991,0.12834936
ninety_one_global_franchise_feeder_fund,15,0.068586436,-0.012997684,0.127000693
ninety_one_global_franchise_feeder_fund,16,0.068207213,-0.010602014,0.123908402
ninety_one_global_franchise_feeder_fund,17,0.068349371,-0.008326336,0.121687906
ninety_one_global_franchise_feeder_fund,18,0.068530543,-0.006679585,0.119990493
ninety_one_global_franchise_feeder_fund,19,0.068656727,-0.005211327,0.118540515
ninety_one_global_franchise_feeder_fund,20,0.068503029,-0.003996485,0.117599753
ninety_one_global_franchise_feeder_fund,21,0.068451864,-0.001498075,0.115558717
ninety_one_global_franchise_feeder_fund,22,0.068441174,-0.001019039,0.113472776
ninety_one_global_franchise_feeder_fund,23,0.068560301,0.000216246,0.113343922
ninety_one_global_franchise_feeder_fund,24,0.068673422,0.001032051,0.112436691
ninety_one_global_franchise_feeder_fund,25,0.068694473,0.002101035,0.11126391
ninety_one_global_franchise_feeder_fund,26,0.068743651,0.003548996,0.109448029
ninety_one_global_franchise_feeder_fund,27,0.068723207,0.004227231,0.107986048
ninety_one_global_franchise_feeder_fund,28,0.068598416,0.005292024,0.107393321
ninety_one_global_franchise_feeder_fund,29,0.068508609,0.006235307,0.106861779
ninety_one_global_franchise_feeder_fund,30,0.068471301,0.007376353,0.106266131
ninety_one_global_franchise_feeder_fund,31,0.068521361,0.007272025,0.105537668
ninety_one_global_franchise_feeder_fund,32,0.068614655,0.007905635,0.104845516
ninety_one_global_franchise_feeder_fund,33,0.068596352,0.009029485,0.104166527
ninety_one_global_franchise_feeder_fund,34,0.068634828,0.009336039,0.103236214
ninety_one_global_franchise_feeder_fund,35,0.068754289,0.010419464,0.102414314
ninety_one_global_franchise_feeder_fund,36,0.068818729,0.011098096,0.102064961
ninety_one_global_franchise_feeder_fund,37,0.068812314,0.011623027,0.101299364
ninety_one_global_franchise_feeder_fund,38,0.068824345,0.012330817,0.100658325
ninety_one_global_franchise_feeder_fund,39,0.068855351,0.012661033,0.100372324
ninety_one_global_franchise_feeder_fund,40,0.068890303,0.013100158,0.099749865
ninety_one_global_franchise_feeder_fund,41,0.068815624,0.013895948,0.099155015
ninety_one_global_franchise_feeder_fund,42,0.068745946,0.013850833,0.098631944
ninety_one_global_franchise_feeder_fund,43,0.068729786,0.015025928,0.098374153
ninety_one_global_franchise_feeder_fund,44,0.068559859,0.015416707,0.097337201
ninety_one_global_franchise_feeder_fund,45,0.068592883,0.015148738,0.096853572
ninety_one_global_franchise_feeder_fund,46,0.068585632,0.01577501,0.096585116
ninety_one_global_franchise_feeder_fund,47,0.068613978,0.01627546,0.096224274
ninety_one_global_franchise_feeder_fund,48,0.068605201,0.017221831,0.095999499
ninety_one_global_franchise_feeder_fund,49,0.068527165,0.01775089,0.095930585
ninety_one_global_franchise_feeder_fund,50,0.068629054,0.01819742,0.095498161
ninety_one_global_franchise_feeder_fund,51,0.068602199,0.018373421,0.095246117
ninety_one_global_franchise_feeder_fund,52,0.068612826,0.018891414,0.094711126
ninety_one_global_franchise_feeder_fund,53,0.068568754,0.019330032,0.094144537
ninety_one_global_franchise_feeder_fund,54,0.068561635,0.019604844,0.093622184
ninety_one_global_franchise_feeder_fund,55,0.06854822,0.019259141,0.092978801
ninety_one_global_franchise_feeder_fund,56,0.068563034,0.019766466,0.092714139
ninety_one_global_franchise_feeder_fund,57,0.068589547,0.020206714,0.092526498
ninety_one_global_franchise_feeder_fund,58,0.068528903,0.02032428,0.092312721
ninety_one_global_franchise_feeder_fund,59,0.068499457,0.020590214,0.091685478
ninety_one_global_franchise_feeder_fund,60,0.068452808,0.021262702,0.091355651
ninety_one_global_franchise_feeder_fund,61,0.068508384,0.02139662,0.091501642
ninety_one_global_franchise_feeder_fund,62,0.068531679,0.021252972,0.091125375
ninety_one_global_franchise_feeder_fund,63,0.068596969,0.021394563,0.090671539
ninety_one_global_franchise_feeder_fund,64,0.068570682,0.021852931,0.090458094
ninety_one_global_franchise_feeder_fund,65,0.068677245,0.022201652,0.090342941
ninety_one_global_franchise_feeder_fund,66,0.068767336,0.022295893,0.090199832
ninety_one_global_franchise_feeder_fund,67,0.068753679,0.02297648,0.089854362
ninety_one_global_franchise_feeder_fund,68,0.068752896,0.02302746,0.089753469
ninety_one_global_franchise_feeder_fund,69,0.068771085,0.02340654,0.089424805
ninety_one_global_franchise_feeder_fund,70,0.068801653,0.023659072,0.089232977
ninety_one_global_franchise_feeder_fund,71,0.06881715,0.024107994,0.089057059
ninety_one_global_franchise_feeder_fund,72,0.068815253,0.02431446,0.088544259
ninety_one_global_franchise_feeder_fund,73,0.06885453,0.024430133,0.088464888
ninety_one_global_franchise_feeder_fund,74,0.068845591,0.02456454,0.088660028
ninety_one_global_franchise_feeder_fund,75,0.068874371,0.024824792,0.088417942
ninety_one_global_franchise_feeder_fund,76,0.068941435,0.024898527,0.088160043
ninety_one_global_franchise_feeder_fund,77,0.068897301,0.025317239,0.08757546
ninety_one_global_franchise_feeder_fund,78,0.068923255,0.025238374,0.087561995
ninety_one_global_franchise_feeder_fund,79,0.068933869,0.025514011,0.087185504
ninety_one_global_franchise_feeder_fund,80,0.068969147,0.025563675,0.086806023
ninety_one_global_franchise_feeder_fund,81,0.06894464,0.025938433,0.086683615
ninety_one_global_franchise_feeder_fund,82,0.068943643,0.026013307,0.086486761
ninety_one_global_franchise_feeder_fund,83,0.068857199,0.026334902,0.086104902
ninety_one_global_franchise_feeder_fund,84,0.068787568,0.026444546,0.085917793
ninety_one_global_franchise_feeder_fund,85,0.06880534,0.02669063,0.085737053
ninety_one_global_franchise_feeder_fund,86,0.068807132,0.026965341,0.085542476
ninety_one_global_franchise_feeder_fund,87,0.068828974,0.027291145,0.085422192
ninety_one_global_franchise_feeder_fund,88,0.068806047,0.0273152,0.08537219
ninety_one_global_franchise_feeder_fund,89,0.068774188,0.02751023,0.085124162
ninety_one_global_franchise_feeder_fund,90,0.068746777,0.02759332,0.084976204
ninety_one_global_franchise_feeder_fund,91,0.068670442,0.027808423,0.084812147
ninety_one_global_franchise_feeder_fund,92,0.068691169,0.028121812,0.084602889
ninety_one_global_franchise_feeder_fund,93,0.068761076,0.028183089,0.084351451
ninety_one_global_franchise_feeder_fund,94,0.068649798,0.028191513,0.083920857
ninety_one_global_franchise_feeder_fund,95,0.068738621,0.028319769,0.083806708
ninety_one_global_franchise_feeder_fund,96,0.068696175,0.028330126,0.083744944
ninety_one_global_franchise_feeder_fund,97,0.068707852,0.028502161,0.083728591
ninety_one_global_franchise_feeder_fund,98,0.068869059,0.02876908,0.083640474
ninety_one_global_franchise_feeder_fund,99,0.068924721,0.028948445,0.083685449
ninety_one_global_franchise_feeder_fund,100,0.068881716,0.029065995,0.083425132
ninety_one_global_strategic_managed_feeder_fund,1,0.048060392,-0.156997789,0.256385748
ninety_one_global_strategic_managed_feeder_fund,2,0.04798733,-0.105967878,0.192250674
ninety_one_global_strategic_managed_feeder_fund,3,0.048823829,-0.079195968,0.163896189
ninety_one_global_strategic_managed_feeder_fund,4,0.04909026,-0.063107475,0.148221393
ninety_one_global_strategic_managed_feeder_fund,5,0.049116907,-0.051677879,0.135752761
ninety_one_global_strategic_managed_feeder_fund,6,0.0492895,-0.043845577,0.127336871
ninety_one_global_strategic_managed_feeder_fund,7,0.049198982,-0.038498254,0.120301067
ninety_one_global_strategic_managed_feeder_fund,8,0.04933811,-0.03337102,0.115916221
ninety_one_global_strategic_managed_feeder_fund,9,0.049265601,-0.02957913,0.111950339
ninety_one_global_strategic_managed_feeder_fund,10,0.049202663,-0.026008851,0.107677146
ninety_one_global_strategic_managed_feeder_fund,11,0.049357436,-0.023084443,0.10464249
ninety_one_global_strategic_managed_feeder_fund,12,0.049187135,-0.020541721,0.101468827
ninety_one_global_strategic_managed_feeder_fund,13,0.049218487,-0.017587077,0.09922223
ninety_one_global_strategic_managed_feeder_fund,14,0.049208484,-0.015940326,0.096805176
ninety_one_global_strategic_managed_feeder_fund,15,0.049184521,-0.013775432,0.095624413
ninety_one_global_strategic_managed_feeder_fund,16,0.048921934,-0.011867367,0.093449676
ninety_one_global_strategic_managed_feeder_fund,17,0.049030569,-0.010159116,0.091742249
ninety_one_global_strategic_managed_feeder_fund,18,0.049157647,-0.008902454,0.090366972
ninety_one_global_strategic_managed_feeder_fund,19,0.049258228,-0.007594104,0.089154257
ninety_one_global_strategic_managed_feeder_fund,20,0.049169565,-0.006579744,0.08839301
ninety_one_global_strategic_managed_feeder_fund,21,0.049127387,-0.004799591,0.086818665
ninety_one_global_strategic_managed_feeder_fund,22,0.049114646,-0.00428747,0.085289549
ninety_one_global_strategic_managed_feeder_fund,23,0.04919053,-0.003329409,0.085072876
ninety_one_global_strategic_managed_feeder_fund,24,0.049269927,-0.002745346,0.084288921
ninety_one_global_strategic_managed_feeder_fund,25,0.0492746,-0.001859061,0.083403679
ninety_one_global_strategic_managed_feeder_fund,26,0.049301551,-0.00077397,0.082060174
ninety_one_global_strategic_managed_feeder_fund,27,0.049276485,-0.000221686,0.080972616
ninety_one_global_strategic_managed_feeder_fund,28,0.049202016,0.000603408,0.080489463
ninety_one_global_strategic_managed_feeder_fund,29,0.049136097,0.001351993,0.080011897
ninety_one_global_strategic_managed_feeder_fund,30,0.049118697,0.002164832,0.079546752
ninety_one_global_strategic_managed_feeder_fund,31,0.049161252,0.002215225,0.07902088
ninety_one_global_strategic_managed_feeder_fund,32,0.049215194,0.00272264,0.078407376
ninety_one_global_strategic_managed_feeder_fund,33,0.049202109,0.0035733,0.077940183
ninety_one_global_strategic_managed_feeder_fund,34,0.049227328,0.003905221,0.077168914
ninety_one_global_strategic_managed_feeder_fund,35,0.04930688,0.004711241,0.076617587
ninety_one_global_strategic_managed_feeder_fund,36,0.049344805,0.005239996,0.076228145
ninety_one_global_strategic_managed_feeder_fund,37,0.049352526,0.005601852,0.07564257
ninety_one_global_strategic_managed_feeder_fund,38,0.049361539,0.006135965,0.075153257
ninety_one_global_strategic_managed_feeder_fund,39,0.049383788,0.006425225,0.074888747
ninety_one_global_strategic_managed_feeder_fund,40,0.049407885,0.006742389,0.074470221
ninety_one_global_strategic_managed_feeder_fund,41,0.0493636,0.00734629,0.073999641
ninety_one_global_strategic_managed_feeder_fund,42,0.049315254,0.007340763,0.073543035
ninety_one_global_strategic_managed_feeder_fund,43,0.049307538,0.008201047,0.073272
ninety_one_global_strategic_managed_feeder_fund,44,0.049194741,0.008508901,0.072513985
ninety_one_global_strategic_managed_feeder_fund,45,0.049211852,0.008400826,0.072154986
ninety_one_global_strategic_managed_feeder_fund,46,0.049206587,0.008793394,0.071941456
ninety_one_global_strategic_managed_feeder_fund,47,0.049222329,0.009170751,0.071660278
ninety_one_global_strategic_managed_feeder_fund,48,0.04921875,0.009875945,0.07145238
ninety_one_global_strategic_managed_feeder_fund,49,0.049158315,0.010284424,0.071329011
ninety_one_global_strategic_managed_feeder_fund,50,0.049231111,0.010633101,0.07101286
ninety_one_global_strategic_managed_feeder_fund,51,0.049205427,0.010842556,0.070791976
ninety_one_global_strategic_managed_feeder_fund,52,0.049212854,0.0111998,0.070408928
ninety_one_global_strategic_managed_feeder_fund,53,0.049186738,0.011532756,0.070034521
ninety_one_global_strategic_managed_feeder_fund,54,0.049190344,0.011790748,0.069625439
ninety_one_global_strategic_managed_feeder_fund,55,0.049179131,0.011568624,0.069157989
ninety_one_global_strategic_managed_feeder_fund,56,0.049187027,0.011938869,0.068948205
ninety_one_global_strategic_managed_feeder_fund,57,0.049206221,0.012249322,0.068802906
ninety_one_global_strategic_managed_feeder_fund,58,0.049162253,0.01238468,0.068619192
ninety_one_global_strategic_managed_feeder_fund,59,0.049138577,0.012600608,0.068162617
ninety_one_global_strategic_managed_feeder_fund,60,0.049107072,0.013072623,0.067890142
ninety_one_global_strategic_managed_feeder_fund,61,0.049152264,0.013199767,0.067951358
ninety_one_global_strategic_managed_feeder_fund,62,0.049168241,0.013130731,0.067676366
ninety_one_global_strategic_managed_feeder_fund,63,0.049211329,0.0132663,0.067344567
ninety_one_global_strategic_managed_feeder_fund,64,0.049194352,0.013592666,0.067148918
ninety_one_global_strategic_managed_feeder_fund,65,0.049265917,0.013887872,0.067043103
ninety_one_global_strategic_managed_feeder_fund,66,0.0493241,0.013993421,0.066893285
ninety_one_global_strategic_managed_feeder_fund,67,0.049311172,0.014440272,0.066640984
ninety_one_global_strategic_managed_feeder_fund,68,0.049312408,0.014484529,0.066533068
ninety_one_global_strategic_managed_feeder_fund,69,0.04932465,0.014803745,0.066284283
ninety_one_global_strategic_managed_feeder_fund,70,0.049351353,0.015012456,0.066142697
ninety_one_global_strategic_managed_feeder_fund,71,0.049361054,0.015355349,0.066012512
ninety_one_global_strategic_managed_feeder_fund,72,0.049359119,0.015506605,0.065652762
ninety_one_global_strategic_managed_feeder_fund,73,0.049388423,0.015602074,0.065569071
ninety_one_global_strategic_managed_feeder_fund,74,0.049383232,0.015744457,0.065722873
ninety_one_global_strategic_managed_feeder_fund,75,0.04940635,0.015952014,0.065518072
ninety_one_global_strategic_managed_feeder_fund,76,0.049451044,0.015997957,0.065332707
ninety_one_global_strategic_managed_feeder_fund,77,0.049421741,0.016330632,0.064901092
ninety_one_global_strategic_managed_feeder_fund,78,0.049439782,0.016253567,0.064879439
ninety_one_global_strategic_managed_feeder_fund,79,0.049442458,0.016445776,0.064625125
ninety_one_global_strategic_managed_feeder_fund,80,0.04946756,0.016542595,0.064325343
ninety_one_global_strategic_managed_feeder_fund,81,0.049449897,0.01681268,0.064242803
ninety_one_global_strategic_managed_feeder_fund,82,0.049448194,0.016900023,0.064078833
ninety_one_global_strategic_managed_feeder_fund,83,0.049391122,0.017140228,0.063799339
ninety_one_global_strategic_managed_feeder_fund,84,0.049348109,0.017215909,0.063688764
ninety_one_global_strategic_managed_feeder_fund,85,0.049360775,0.017388047,0.063551692
ninety_one_global_strategic_managed_feeder_fund,86,0.04936467,0.017637514,0.063414938
ninety_one_global_strategic_managed_feeder_fund,87,0.049377762,0.017849895,0.06332267
ninety_one_global_strategic_managed_feeder_fund,88,0.049362872,0.017894981,0.063266498
ninety_one_global_strategic_managed_feeder_fund,89,0.04934366,0.018053467,0.063107494
ninety_one_global_strategic_managed_feeder_fund,90,0.049322474,0.018091472,0.06296358
ninety_one_global_strategic_managed_feeder_fund,91,0.049270322,0.018261824,0.062841755
ninety_one_global_strategic_managed_feeder_fund,92,0.049281677,0.01849542,0.062702953
ninety_one_global_strategic_managed_feeder_fund,93,0.049329159,0.018557942,0.06248695
ninety_one_global_strategic_managed_feeder_fund,94,0.049254521,0.01856266,0.062174193
ninety_one_global_strategic_managed_feeder_fund,95,0.049314625,0.018664633,0.062089137
ninety_one_global_strategic_managed_feeder_fund,96,0.049287708,0.018656535,0.062024413
ninety_one_global_strategic_managed_feeder_fund,97,0.049294567,0.018780536,0.061995959
ninety_one_global_strategic_managed_feeder_fund,98,0.049402709,0.018966287,0.061885525
ninety_one_global_strategic_managed_feeder_fund,99,0.049441313,0.019147329,0.061895776
ninety_one_global_strategic_managed_feeder_fund,100,0.049413147,0.019221198,0.061706564
ninety_one_money_market_fund,1,0.050148748,0.040892459,0.059383132
ninety_one_money_market_fund,2,0.050075883,0.04347037,0.056688302
ninety_one_money_market_fund,3,0.050054749,0.044771803,0.055377656
ninety_one_money_market_fund,4,0.050048561,0.045411219,0.054667701
ninety_one_money_market_fund,5,0.050050325,0.045887745,0.054229906
ninety_one_money_market_fund,6,0.050062979,0.0462213,0.053889779
ninety_one_money_market_fund,7,0.050062877,0.046494398,0.053577301
ninety_one_money_market_fund,8,0.050068428,0.046707598,0.05337736
ninety_one_money_market_fund,9,0.050070458,0.046885628,0.053175016
ninety_one_money_market_fund,10,0.050070737,0.047093063,0.052983379
ninety_one_money_market_fund,11,0.050067963,0.047216702,0.05285367
ninety_one_money_market_fund,12,0.050065887,0.047315139,0.052712981
ninety_one_money_market_fund,13,0.050071732,0.047484053,0.052610049
ninety_one_money_market_fund,14,0.050074154,0.047550694,0.052497938
ninety_one_money_market_fund,15,0.050076756,0.047643311,0.052437107
ninety_one_money_market_fund,16,0.050076654,0.047723345,0.052335344
ninety_one_money_market_fund,17,0.050076333,0.047780774,0.052267921
ninety_one_money_market_fund,18,0.050077571,0.047846511,0.052192422
ninety_one_money_market_fund,19,0.050080426,0.047892608,0.052146525
ninety_one_money_market_fund,20,0.050077264,0.047945742,0.052104147
ninety_one_money_market_fund,21,0.05007415,0.047991663,0.052047307
ninety_one_money_market_fund,22,0.050066668,0.048051482,0.051999051
ninety_one_money_market_fund,23,0.050064586,0.0480867,0.051932684
ninety_one_money_market_fund,24,0.050064172,0.048139098,0.051920797
ninety_one_money_market_fund,25,0.050065921,0.048180965,0.051892665
ninety_one_money_market_fund,26,0.050065059,0.048193134,0.051844415
ninety_one_money_market_fund,27,0.05006691,0.048244562,0.051814017
ninety_one_money_market_fund,28,0.050066224,0.048269556,0.051778696
ninety_one_money_market_fund,29,0.050068517,0.048285627,0.051762724
ninety_one_money_market_fund,30,0.050070272,0.048330079,0.05172724
ninety_one_money_market_fund,31,0.050067187,0.048352957,0.051691057
ninety_one_money_market_fund,32,0.050064651,0.048380693,0.051660779
ninety_one_money_market_fund,33,0.050064184,0.048407337,0.051634665
ninety_one_money_market_fund,34,0.050065269,0.048426701,0.051629788
ninety_one_money_market_fund,35,0.050065576,0.04845305,0.051604394
ninety_one_money_market_fund,36,0.050063624,0.048467367,0.051580489
ninety_one_money_market_fund,37,0.050064378,0.048488417,0.051551464
ninety_one_money_market_fund,38,0.050065718,0.048490526,0.051525024
ninety_one_money_market_fund,39,0.050064309,0.048526799,0.051501479
ninety_one_money_market_fund,40,0.050065269,0.048524814,0.051480698
ninety_one_money_market_fund,41,0.050066151,0.048553707,0.051474609
ninety_one_money_market_fund,42,0.050067063,0.048556319,0.051460839
ninety_one_money_market_fund,43,0.050066971,0.048585186,0.051439996
ninety_one_money_market_fund,44,0.05006668,0.048608099,0.051433854
ninety_one_money_market_fund,45,0.050066492,0.04861645,0.05141883
ninety_one_money_market_fund,46,0.050066554,0.048628981,0.051399181
ninety_one_money_market_fund,47,0.050066595,0.048642643,0.051384601
ninety_one_money_market_fund,48,0.05006884,0.048669027,0.051374191
ninety_one_money_market_fund,49,0.050069066,0.048683086,0.051369375
ninety_one_money_market_fund,50,0.050070609,0.048695297,0.051361727
ninety_one_money_market_fund,51,0.050071321,0.048703781,0.051349178
ninety_one_money_market_fund,52,0.050071832,0.048719769,0.051335622
ninety_one_money_market_fund,53,0.050072695,0.048716851,0.051322215
ninety_one_money_market_fund,54,0.050071887,0.048740482,0.051307146
ninety_one_money_market_fund,55,0.0500718,0.048760877,0.051297349
ninety_one_money_market_fund,56,0.050069567,0.048771445,0.051278909
ninety_one_money_market_fund,57,0.050069742,0.048780842,0.051266701
ninety_one_money_market_fund,58,0.050070229,0.048775117,0.051253244
ninety_one_money_market_fund,59,0.050070884,0.048800641,0.051232343
ninety_one_money_market_fund,60,0.05007092,0.048805624,0.051223778
ninety_one_money_market_fund,61,0.050070891,0.048813098,0.05121855
ninety_one_money_market_fund,62,0.050071103,0.048823434,0.05121039
ninety_one_money_market_fund,63,0.050070806,0.048825398,0.05120053
ninety_one_money_market_fund,64,0.050070195,0.048839198,0.051190253
ninety_one_money_market_fund,65,0.050069322,0.04884209,0.051179503
ninety_one_money_market_fund,66,0.050070138,0.048858904,0.051177545
ninety_one_money_market_fund,67,0.050069831,0.048873,0.051157604
ninety_one_money_market_fund,68,0.050070092,0.048879977,0.051149895
ninety_one_money_market_fund,69,0.050069932,0.048898885,0.051150646
ninety_one_money_market_fund,70,0.050069983,0.048901174,0.051140661
ninety_one_money_market_fund,71,0.050071069,0.0489194,0.051137013
ninety_one_money_market_fund,72,0.050070867,0.048924932,0.051130448
ninety_one_money_market_fund,73,0.050072155,0.048927393,0.051124101
ninety_one_money_market_fund,74,0.050072036,0.048934779,0.051107885
ninety_one_money_market_fund,75,0.05007117,0.048940053,0.05109978
ninety_one_money_market_fund,76,0.05007157,0.048950448,0.05109186
ninety_one_money_market_fund,77,0.050071366,0.048951883,0.051089878
ninety_one_money_market_fund,78,0.050070843,0.048963149,0.051078973
ninety_one_money_market_fund,79,0.050069888,0.048973375,0.051065797
ninety_one_money_market_fund,80,0.050069438,0.048978364,0.051059535
ninety_one_money_market_fund,81,0.050069183,0.048981379,0.051054699
ninety_one_money_market_fund,82,0.05006938,0.048980843,0.051040326
ninety_one_money_market_fund,83,0.050068873,0.048995389,0.051038104
ninety_one_money_market_fund,84,0.050069082,0.049002731,0.05102961
ninety_one_money_market_fund,85,0.050070027,0.049023326,0.05101892
ninety_one_money_market_fund,86,0.050069853,0.049024011,0.051007287
ninety_one_money_market_fund,87,0.050070441,0.049030834,0.051019593
ninety_one_money_market_fund,88,0.05007138,0.049029449,0.051010261
ninety_one_money_market_fund,89,0.050071631,0.049038509,0.051009641
ninety_one_money_market_fund,90,0.050072449,0.049042623,0.05100528
ninety_one_money_market_fund,91,0.050071677,0.049048277,0.050990945
ninety_one_money_market_fund,92,0.05007111,0.049049424,0.050989669
ninety_one_money_market_fund,93,0.050071232,0.049057568,0.050989487
ninety_one_money_market_fund,94,0.050070557,0.049064658,0.050980544
ninety_one_money_market_fund,95,0.050071094,0.049072029,0.050977193
ninety_one_money_market_fund,96,0.050071089,0.049069439,0.050974268
ninety_one_money_market_fund,97,0.050071112,0.049074972,0.050980522
ninety_one_money_market_fund,98,0.050071082,0.0490842,0.05096993
ninety_one_money_market_fund,99,0.0500697,0.049089354,0.050967489
ninety_one_money_market_fund,100,0.050069648,0.049090188,0.050954449
ninety_one_opportunity_fund,1,0.062732304,-0.150207205,0.277561573
ninety_one_opportunity_fund,2,0.061788748,-0.09685157,0.211102895
ninety_one_opportunity_fund,3,0.062183314,-0.069715812,0.181009283
ninety_one_opportunity_fund,4,0.061922632,-0.053892655,0.163506965
ninety_one_opportunity_fund,5,0.061943474,-0.04173682,0.151121579
ninety_one_opportunity_fund,6,0.062122495,-0.034007365,0.142624812
ninety_one_opportunity_fund,7,0.062026671,-0.027661062,0.135834275
ninety_one_opportunity_fund,8,0.06226212,-0.022170077,0.130813045
ninety_one_opportunity_fund,9,0.062257451,-0.01884156,0.126762695
ninety_one_opportunity_fund,10,0.062274691,-0.01493384,0.122748855
ninety_one_opportunity_fund,11,0.062363659,-0.011983087,0.119313633
ninety_one_opportunity_fund,12,0.06226418,-0.009378923,0.116136353
ninety_one_opportunity_fund,13,0.062315265,-0.006783398,0.114026056
ninety_one_opportunity_fund,14,0.062301891,-0.004844674,0.111554429
ninety_one_opportunity_fund,15,0.06229897,-0.002612969,0.109951936
ninety_one_opportunity_fund,16,0.062146201,-0.000877941,0.108040906
ninety_one_opportunity_fund,17,0.062080336,0.000751596,0.106254483
ninety_one_opportunity_fund,18,0.062169746,0.00237471,0.104780894
ninety_one_opportunity_fund,19,0.062227888,0.003702654,0.103129303
ninety_one_opportunity_fund,20,0.062170203,0.004897175,0.101977902
ninety_one_opportunity_fund,21,0.062119057,0.006745169,0.10080685
ninety_one_opportunity_fund,22,0.062075933,0.007216206,0.099244987
ninety_one_opportunity_fund,23,0.06210783,0.00820034,0.098642282
ninety_one_opportunity_fund,24,0.062132788,0.008798486,0.097570523
ninety_one_opportunity_fund,25,0.062178196,0.009758791,0.096673337
ninety_one_opportunity_fund,26,0.062167815,0.010420476,0.095435845
ninety_one_opportunity_fund,27,0.0621814,0.011192978,0.094619345
ninety_one_opportunity_fund,28,0.062165268,0.01203798,0.0940526
ninety_one_opportunity_fund,29,0.062127059,0.012799464,0.093738268
ninety_one_opportunity_fund,30,0.062126886,0.013542618,0.093046453
ninety_one_opportunity_fund,31,0.062098331,0.013915831,0.092190368
ninety_one_opportunity_fund,32,0.062125431,0.0143043,0.091697927
ninety_one_opportunity_fund,33,0.062115147,0.015018047,0.090970512
ninety_one_opportunity_fund,34,0.062128905,0.015373924,0.090325882
ninety_one_opportunity_fund,35,0.062160541,0.015987558,0.089740041
ninety_one_opportunity_fund,36,0.062219045,0.016551858,0.089305449
ninety_one_opportunity_fund,37,0.06219188,0.017023049,0.088449863
ninety_one_opportunity_fund,38,0.062203442,0.017463841,0.088045698
ninety_one_opportunity_fund,39,0.062243792,0.017822282,0.087566685
ninety_one_opportunity_fund,40,0.062268425,0.018271228,0.087205571
ninety_one_opportunity_fund,41,0.062250725,0.018825699,0.086784397
ninety_one_opportunity_fund,42,0.062257481,0.018989172,0.086522976
ninety_one_opportunity_fund,43,0.062257738,0.019778669,0.086320384
ninety_one_opportunity_fund,44,0.062173652,0.020073912,0.085812146
ninety_one_opportunity_fund,45,0.062177561,0.020142395,0.085297043
ninety_one_opportunity_fund,46,0.062164063,0.020456288,0.084824776
ninety_one_opportunity_fund,47,0.06218287,0.020862347,0.08448638
ninety_one_opportunity_fund,48,0.062197226,0.021380514,0.084453223
ninety_one_opportunity_fund,49,0.062179474,0.021601654,0.084146502
ninety_one_opportunity_fund,50,0.06222988,0.021974987,0.083942294
ninety_one_opportunity_fund,51,0.062226077,0.022220488,0.083669414
ninety_one_opportunity_fund,52,0.062233446,0.022641906,0.083322905
ninety_one_opportunity_fund,53,0.062227239,0.022888597,0.082931047
ninety_one_opportunity_fund,54,0.062202568,0.023126533,0.082680969
ninety_one_opportunity_fund,55,0.06220877,0.023052648,0.08228423
ninety_one_opportunity_fund,56,0.062221263,0.023460085,0.082238667
ninety_one_opportunity_fund,57,0.06223409,0.023702657,0.081990168
ninety_one_opportunity_fund,58,0.062203329,0.023856293,0.081719507
ninety_one_opportunity_fund,59,0.062171487,0.024110933,0.081349353
ninety_one_opportunity_fund,60,0.062163926,0.024477797,0.080991627
ninety_one_opportunity_fund,61,0.062220013,0.02473539,0.081033519
ninety_one_opportunity_fund,62,0.062215641,0.024743922,0.080741039
ninety_one_opportunity_fund,63,0.06225104,0.024921692,0.080475419
ninety_one_opportunity_fund,64,0.062246521,0.025042508,0.080277644
ninety_one_opportunity_fund,65,0.062294568,0.025352592,0.080245929
ninety_one_opportunity_fund,66,0.062341187,0.025551411,0.080085637
ninety_one_opportunity_fund,67,0.062342781,0.025854712,0.079770449
ninety_one_opportunity_fund,68,0.062350001,0.026094092,0.079668594
ninety_one_opportunity_fund,69,0.062357132,0.026355702,0.079428808
ninety_one_opportunity_fund,70,0.062367737,0.02645883,0.079229897
ninety_one_opportunity_fund,71,0.062404205,0.026779651,0.07906934
ninety_one_opportunity_fund,72,0.062427537,0.026915378,0.078773687
ninety_one_opportunity_fund,73,0.062433767,0.026980579,0.078622897
ninety_one_opportunity_fund,74,0.062415339,0.027136104,0.078631306
ninety_one_opportunity_fund,75,0.062443506,0.027420984,0.078427996
ninety_one_opportunity_fund,76,0.062439401,0.027535277,0.078243897
ninety_one_opportunity_fund,77,0.062387694,0.027857129,0.077898025
ninety_one_opportunity_fund,78,0.062395125,0.027873318,0.077805861
ninety_one_opportunity_fund,79,0.062405104,0.028071085,0.077564826
ninety_one_opportunity_fund,80,0.062415191,0.028215932,0.077378127
ninety_one_opportunity_fund,81,0.062410715,0.028395052,0.077190979
ninety_one_opportunity_fund,82,0.062440197,0.028490655,0.07704797
ninety_one_opportunity_fund,83,0.062418966,0.028628396,0.076864885
ninety_one_opportunity_fund,84,0.062384246,0.028735102,0.076756608
ninety_one_opportunity_fund,85,0.062379841,0.028925716,0.076597192
ninety_one_opportunity_fund,86,0.062398338,0.029094751,0.07648424
ninety_one_opportunity_fund,87,0.062418233,0.029294632,0.07645466
ninety_one_opportunity_fund,88,0.062391789,0.029438148,0.076319523
ninety_one_opportunity_fund,89,0.062384151,0.029574529,0.076137633
ninety_one_opportunity_fund,90,0.062384644,0.029627704,0.076100113
ninety_one_opportunity_fund,91,0.062354916,0.029805816,0.075949775
ninety_one_opportunity_fund,92,0.06235611,0.030019215,0.075740202
ninety_one_opportunity_fund,93,0.062397244,0.03007591,0.075518378
ninety_one_opportunity_fund,94,0.062337607,0.030130859,0.075334325
ninety_one_opportunity_fund,95,0.062375629,0.030326336,0.075151782
ninety_one_opportunity_fund,96,0.062358258,0.030398144,0.07503855
ninety_one_opportunity_fund,97,0.062353663,0.030485784,0.074967951
ninety_one_opportunity_fund,98,0.062434279,0.030641032,0.074927666
ninety_one_opportunity_fund,99,0.062464836,0.030781006,0.074891862
ninety_one_opportunity_fund,100,0.062447125,0.030829573,0.074718474
optimum_bci_balanced_fund_c,1,0.062437031,-0.169036777,0.296152495
optimum_bci_balanced_fund_c,2,0.061451791,-0.11057546,0.223823823
optimum_bci_balanced_fund_c,3,0.061800343,-0.081248408,0.191086073
optimum_bci_balanced_fund_c,4,0.061495599,-0.064327747,0.172029791
optimum_bci_balanced_fund_c,5,0.061538129,-0.051163107,0.158576418
optimum_bci_balanced_fund_c,6,0.061717698,-0.042745754,0.149335981
optimum_bci_balanced_fund_c,7,0.061613161,-0.0357215,0.141798139
optimum_bci_balanced_fund_c,8,0.061863847,-0.02983426,0.136359916
optimum_bci_balanced_fund_c,9,0.061848757,-0.026200875,0.131968369
optimum_bci_balanced_fund_c,10,0.061886232,-0.021936416,0.127638653
optimum_bci_balanced_fund_c,11,0.061961306,-0.018694185,0.123944678
optimum_bci_balanced_fund_c,12,0.061873943,-0.015843726,0.120503993
optimum_bci_balanced_fund_c,13,0.061921662,-0.013086419,0.118212977
optimum_bci_balanced_fund_c,14,0.061902737,-0.010934318,0.115519088
optimum_bci_balanced_fund_c,15,0.061900471,-0.008508641,0.113718407
optimum_bci_balanced_fund_c,16,0.061764008,-0.006584017,0.111741233
optimum_bci_balanced_fund_c,17,0.061682673,-0.004904898,0.109798922
optimum_bci_balanced_fund_c,18,0.061767422,-0.003148582,0.108167683
optimum_bci_balanced_fund_c,19,0.061825554,-0.001694405,0.106368939
optimum_bci_balanced_fund_c,20,0.061768581,-0.000348694,0.105038273
optimum_bci_balanced_fund_c,21,0.061725219,0.001591297,0.103829804
optimum_bci_balanced_fund_c,22,0.061674683,0.002167726,0.102187854
optimum_bci_balanced_fund_c,23,0.061694603,0.003249997,0.101369584
optimum_bci_balanced_fund_c,24,0.061719819,0.003879462,0.100214024
optimum_bci_balanced_fund_c,25,0.061774515,0.00494573,0.099276944
optimum_bci_balanced_fund_c,26,0.061753955,0.00564889,0.097962602
optimum_bci_balanced_fund_c,27,0.06177017,0.006514192,0.097125865
optimum_bci_balanced_fund_c,28,0.061763819,0.007403577,0.096483179
optimum_bci_balanced_fund_c,29,0.061735389,0.008244721,0.096138934
optimum_bci_balanced_fund_c,30,0.061732074,0.009008976,0.095359
optimum_bci_balanced_fund_c,31,0.061702496,0.009459878,0.094428488
optimum_bci_balanced_fund_c,32,0.06172847,0.009862595,0.093910305
optimum_bci_balanced_fund_c,33,0.061719276,0.010609782,0.093110613
optimum_bci_balanced_fund_c,34,0.061734595,0.011019739,0.092436759
optimum_bci_balanced_fund_c,35,0.061768197,0.011649795,0.091794591
optimum_bci_balanced_fund_c,36,0.061827484,0.012256709,0.091306029
optimum_bci_balanced_fund_c,37,0.061797216,0.012760342,0.090355287
optimum_bci_balanced_fund_c,38,0.061807419,0.013232803,0.089924219
optimum_bci_balanced_fund_c,39,0.061851488,0.01367071,0.089376133
optimum_bci_balanced_fund_c,40,0.061878108,0.014173038,0.089001039
optimum_bci_balanced_fund_c,41,0.06186073,0.01476365,0.088559252
optimum_bci_balanced_fund_c,42,0.061875139,0.01497957,0.088275126
optimum_bci_balanced_fund_c,43,0.061875335,0.015802913,0.088027409
optimum_bci_balanced_fund_c,44,0.061800476,0.016107035,0.08750282
optimum_bci_balanced_fund_c,45,0.061800011,0.016232678,0.086933328
optimum_bci_balanced_fund_c,46,0.061785703,0.016546879,0.086420698
optimum_bci_balanced_fund_c,47,0.061803113,0.016995603,0.086066157
optimum_bci_balanced_fund_c,48,0.061822871,0.017490768,0.086035201
optimum_bci_balanced_fund_c,49,0.061802066,0.017712773,0.085655547
optimum_bci_balanced_fund_c,50,0.06185165,0.01807839,0.085453503
optimum_bci_balanced_fund_c,51,0.061846164,0.018368872,0.085159045
optimum_bci_balanced_fund_c,52,0.061854474,0.018826919,0.084758503
optimum_bci_balanced_fund_c,53,0.061851547,0.019091158,0.0843551
optimum_bci_balanced_fund_c,54,0.061824781,0.019341001,0.084101618
optimum_bci_balanced_fund_c,55,0.061827736,0.019324343,0.083675649
optimum_bci_balanced_fund_c,56,0.061839057,0.019770105,0.083641168
optimum_bci_balanced_fund_c,57,0.061851086,0.020026881,0.083344077
optimum_bci_balanced_fund_c,58,0.061822432,0.020205753,0.0830634
optimum_bci_balanced_fund_c,59,0.061789751,0.020467732,0.082681077
optimum_bci_balanced_fund_c,60,0.061784173,0.020843534,0.082277732
optimum_bci_balanced_fund_c,61,0.061837825,0.021140041,0.082279384
optimum_bci_balanced_fund_c,62,0.061833032,0.021196285,0.081963852
optimum_bci_balanced_fund_c,63,0.061865897,0.021384041,0.081711502
optimum_bci_balanced_fund_c,64,0.061861582,0.021504846,0.081488663
optimum_bci_balanced_fund_c,65,0.061905734,0.02182407,0.081437193
optimum_bci_balanced_fund_c,66,0.061955056,0.02205061,0.081254642
optimum_bci_balanced_fund_c,67,0.061956875,0.022360885,0.080926776
optimum_bci_balanced_fund_c,68,0.061961281,0.022635287,0.080792451
optimum_bci_balanced_fund_c,69,0.061966397,0.022916262,0.080533253
optimum_bci_balanced_fund_c,70,0.061978267,0.023007881,0.080307434
optimum_bci_balanced_fund_c,71,0.06202126,0.023353365,0.080133645
optimum_bci_balanced_fund_c,72,0.062043203,0.02351105,0.07983961
optimum_bci_balanced_fund_c,73,0.062047006,0.023572167,0.079680926
optimum_bci_balanced_fund_c,74,0.062027249,0.023751404,0.079653542
optimum_bci_balanced_fund_c,75,0.062055701,0.024064978,0.079423757
optimum_bci_balanced_fund_c,76,0.062045617,0.024197907,0.079236018
optimum_bci_balanced_fund_c,77,0.06199578,0.024535072,0.078893049
optimum_bci_balanced_fund_c,78,0.06199959,0.024566526,0.078788452
optimum_bci_balanced_fund_c,79,0.062007345,0.02475974,0.078535039
optimum_bci_balanced_fund_c,80,0.062016623,0.024937996,0.078347514
optimum_bci_balanced_fund_c,81,0.062013134,0.025118936,0.07813113
optimum_bci_balanced_fund_c,82,0.062048885,0.025235437,0.077959531
optimum_bci_balanced_fund_c,83,0.062033015,0.02538631,0.077773483
optimum_bci_balanced_fund_c,84,0.062002197,0.025494334,0.077662634
optimum_bci_balanced_fund_c,85,0.061993737,0.025694779,0.077491837
optimum_bci_balanced_fund_c,86,0.062012696,0.025880622,0.077382124
optimum_bci_balanced_fund_c,87,0.062034881,0.026091973,0.077358813
optimum_bci_balanced_fund_c,88,0.062010729,0.026252417,0.077200109
optimum_bci_balanced_fund_c,89,0.062003183,0.02639755,0.076999932
optimum_bci_balanced_fund_c,90,0.062002762,0.026470912,0.076954555
optimum_bci_balanced_fund_c,91,0.061975216,0.026654286,0.076808543
optimum_bci_balanced_fund_c,92,0.061974333,0.026874097,0.076569356
optimum_bci_balanced_fund_c,93,0.062012081,0.026924929,0.076327865
optimum_bci_balanced_fund_c,94,0.06195436,0.026994824,0.076161061
optimum_bci_balanced_fund_c,95,0.06198838,0.027200948,0.075958115
optimum_bci_balanced_fund_c,96,0.061972735,0.027287428,0.075830851
optimum_bci_balanced_fund_c,97,0.061968268,0.027384108,0.075746225
optimum_bci_balanced_fund_c,98,0.06204324,0.027539897,0.075686947
optimum_bci_balanced_fund_c,99,0.062074069,0.027684241,0.075650274
optimum_bci_balanced_fund_c,100,0.062062234,0.027753986,0.07546537
optimum_bci_managed_growth_fund_c,1,0.062533305,-0.174355813,0.301311616
optimum_bci_managed_growth_fund_c,2,0.061401062,-0.114916311,0.227469651
optimum_bci_managed_growth_fund_c,3,0.061721176,-0.084942889,0.193714415
optimum_bci_managed_growth_fund_c,4,0.06136309,-0.067470786,0.174107256
optimum_bci_managed_growth_fund_c,5,0.061415674,-0.053987124,0.160542792
optimum_bci_managed_growth_fund_c,6,0.061616345,-0.045410911,0.151071221
optimum_bci_managed_growth_fund_c,7,0.061499146,-0.038222296,0.143558263
optimum_bci_managed_growth_fund_c,8,0.061777014,-0.032121301,0.137948704
optimum_bci_managed_growth_fund_c,9,0.061790107,-0.028548654,0.133388236
optimum_bci_managed_growth_fund_c,10,0.061855153,-0.024129376,0.129084736
optimum_bci_managed_growth_fund_c,11,0.061932791,-0.02088241,0.125180691
optimum_bci_managed_growth_fund_c,12,0.061857703,-0.017946427,0.121662355
optimum_bci_managed_growth_fund_c,13,0.061902064,-0.015211566,0.119288033
optimum_bci_managed_growth_fund_c,14,0.061875902,-0.013023119,0.116580408
optimum_bci_managed_growth_fund_c,15,0.061905595,-0.010494584,0.114697737
optimum_bci_managed_growth_fund_c,16,0.061770671,-0.008616026,0.112695761
optimum_bci_managed_growth_fund_c,17,0.061664339,-0.006798124,0.110737378
optimum_bci_managed_growth_fund_c,18,0.061757185,-0.004974094,0.109110423
optimum_bci_managed_growth_fund_c,19,0.061804312,-0.003428325,0.107139987
optimum_bci_managed_growth_fund_c,20,0.061746319,-0.00211209,0.105767675
optimum_bci_managed_growth_fund_c,21,0.061685902,-8.44E-05,0.104571517
optimum_bci_managed_growth_fund_c,22,0.061628345,0.000441626,0.102815878
optimum_bci_managed_growth_fund_c,23,0.061645358,0.001493368,0.102064366
optimum_bci_managed_growth_fund_c,24,0.061673098,0.002143255,0.100782581
optimum_bci_managed_growth_fund_c,25,0.061730925,0.00320614,0.099780002
optimum_bci_managed_growth_fund_c,26,0.061714352,0.003899965,0.098481733
optimum_bci_managed_growth_fund_c,27,0.061731324,0.004786871,0.097625757
optimum_bci_managed_growth_fund_c,28,0.061730034,0.005722643,0.096952163
optimum_bci_managed_growth_fund_c,29,0.061691309,0.006599724,0.096638671
optimum_bci_managed_growth_fund_c,30,0.061700692,0.007374384,0.095838789
optimum_bci_managed_growth_fund_c,31,0.061651339,0.007864481,0.094830658
optimum_bci_managed_growth_fund_c,32,0.061670012,0.008293194,0.094285434
optimum_bci_managed_growth_fund_c,33,0.06166184,0.009040736,0.0934447
optimum_bci_managed_growth_fund_c,34,0.061674056,0.009473743,0.092720225
optimum_bci_managed_growth_fund_c,35,0.061699089,0.010120094,0.092120368
optimum_bci_managed_growth_fund_c,36,0.061758947,0.010733896,0.091598869
optimum_bci_managed_growth_fund_c,37,0.061722795,0.011259631,0.090606852
optimum_bci_managed_growth_fund_c,38,0.061730281,0.011736326,0.090206718
optimum_bci_managed_growth_fund_c,39,0.061775623,0.012122273,0.089627197
optimum_bci_managed_growth_fund_c,40,0.06180132,0.012665885,0.089262954
optimum_bci_managed_growth_fund_c,41,0.061788531,0.013262187,0.088789054
optimum_bci_managed_growth_fund_c,42,0.061812355,0.013518862,0.088532801
optimum_bci_managed_growth_fund_c,43,0.061810408,0.014359912,0.088305032
optimum_bci_managed_growth_fund_c,44,0.061728945,0.014690473,0.087793793
optimum_bci_managed_growth_fund_c,45,0.061726845,0.014805028,0.087181934
optimum_bci_managed_growth_fund_c,46,0.061702734,0.015115479,0.086601504
optimum_bci_managed_growth_fund_c,47,0.061724219,0.015579146,0.086217981
optimum_bci_managed_growth_fund_c,48,0.0617468,0.016098733,0.086207841
optimum_bci_managed_growth_fund_c,49,0.061732842,0.016286269,0.085842191
optimum_bci_managed_growth_fund_c,50,0.061780307,0.016723826,0.085620713
optimum_bci_managed_growth_fund_c,51,0.061779264,0.017031415,0.085313642
optimum_bci_managed_growth_fund_c,52,0.06178774,0.017475122,0.084938589
optimum_bci_managed_growth_fund_c,53,0.061790416,0.017714483,0.084503952
optimum_bci_managed_growth_fund_c,54,0.061759281,0.018000614,0.084257931
optimum_bci_managed_growth_fund_c,55,0.061765782,0.017950762,0.083846859
optimum_bci_managed_growth_fund_c,56,0.06178279,0.018393946,0.083824703
optimum_bci_managed_growth_fund_c,57,0.061793754,0.018642986,0.083540316
optimum_bci_managed_growth_fund_c,58,0.061760752,0.018817775,0.08321558
optimum_bci_managed_growth_fund_c,59,0.061729169,0.019116544,0.082817761
optimum_bci_managed_growth_fund_c,60,0.061725879,0.019492075,0.082430355
optimum_bci_managed_growth_fund_c,61,0.061789388,0.019804874,0.082454205
optimum_bci_managed_growth_fund_c,62,0.061777911,0.019846497,0.082128437
optimum_bci_managed_growth_fund_c,63,0.061813919,0.020071991,0.081847252
optimum_bci_managed_growth_fund_c,64,0.06180835,0.020169519,0.081614412
optimum_bci_managed_growth_fund_c,65,0.06185505,0.020529312,0.081607766
optimum_bci_managed_growth_fund_c,66,0.061906894,0.020770389,0.081405801
optimum_bci_managed_growth_fund_c,67,0.061912871,0.021050573,0.081051275
optimum_bci_managed_growth_fund_c,68,0.061924199,0.02135058,0.080940844
optimum_bci_managed_growth_fund_c,69,0.061928879,0.021628907,0.080665247
optimum_bci_managed_growth_fund_c,70,0.061936922,0.021717431,0.080428716
optimum_bci_managed_growth_fund_c,71,0.061985131,0.022045325,0.080244207
optimum_bci_managed_growth_fund_c,72,0.062013709,0.022214925,0.079944512
optimum_bci_managed_growth_fund_c,73,0.062018193,0.022278631,0.07976895
optimum_bci_managed_growth_fund_c,74,0.061995593,0.022472718,0.079746786
optimum_bci_managed_growth_fund_c,75,0.06203321,0.022817581,0.079523345
optimum_bci_managed_growth_fund_c,76,0.062014386,0.022937692,0.079318232
optimum_bci_managed_growth_fund_c,77,0.061953026,0.023300389,0.078949597
optimum_bci_managed_growth_fund_c,78,0.061955852,0.023346383,0.07883424
optimum_bci_managed_growth_fund_c,79,0.06196685,0.023548985,0.078591415
optimum_bci_managed_growth_fund_c,80,0.061974673,0.02371794,0.078407867
optimum_bci_managed_growth_fund_c,81,0.061970021,0.02391402,0.078168475
optimum_bci_managed_growth_fund_c,82,0.062011794,0.024041572,0.078015481
optimum_bci_managed_growth_fund_c,83,0.062000102,0.024159717,0.077828497
optimum_bci_managed_growth_fund_c,84,0.061968569,0.024293248,0.077720007
optimum_bci_managed_growth_fund_c,85,0.061960974,0.024481097,0.077550401
optimum_bci_managed_growth_fund_c,86,0.061982321,0.024663863,0.077442888
optimum_bci_managed_growth_fund_c,87,0.062003976,0.02485722,0.077396377
optimum_bci_managed_growth_fund_c,88,0.061972536,0.025027938,0.077226786
optimum_bci_managed_growth_fund_c,89,0.06196492,0.025167563,0.077026726
optimum_bci_managed_growth_fund_c,90,0.0619672,0.025230511,0.077002383
optimum_bci_managed_growth_fund_c,91,0.061939482,0.025429575,0.076854281
optimum_bci_managed_growth_fund_c,92,0.061937488,0.02567208,0.076604522
optimum_bci_managed_growth_fund_c,93,0.061981668,0.025735909,0.076347276
optimum_bci_managed_growth_fund_c,94,0.061918906,0.025818228,0.076186293
optimum_bci_managed_growth_fund_c,95,0.061952969,0.026060127,0.075963551
optimum_bci_managed_growth_fund_c,96,0.061936052,0.026144185,0.075821675
optimum_bci_managed_growth_fund_c,97,0.061929317,0.02623803,0.07573932
optimum_bci_managed_growth_fund_c,98,0.062007959,0.026411767,0.075694405
optimum_bci_managed_growth_fund_c,99,0.062035474,0.026547251,0.075638524
optimum_bci_managed_growth_fund_c,100,0.062024002,0.026596891,0.075446682
optimum_bci_stable_fund_c,1,0.059668329,-0.150234058,0.27240074
optimum_bci_stable_fund_c,2,0.059071477,-0.096481063,0.206534975
optimum_bci_stable_fund_c,3,0.059477493,-0.069760474,0.177346491
optimum_bci_stable_fund_c,4,0.059322001,-0.054636358,0.160347279
optimum_bci_stable_fund_c,5,0.059345926,-0.042756367,0.147760764
optimum_bci_stable_fund_c,6,0.059479154,-0.035026923,0.139390807
optimum_bci_stable_fund_c,7,0.059403643,-0.028700232,0.132160188
optimum_bci_stable_fund_c,8,0.059584565,-0.023522384,0.12733567
optimum_bci_stable_fund_c,9,0.059515826,-0.019917612,0.123461826
optimum_bci_stable_fund_c,10,0.059497885,-0.016158949,0.119288984
optimum_bci_stable_fund_c,11,0.059568311,-0.013085677,0.116179473
optimum_bci_stable_fund_c,12,0.059460358,-0.010527265,0.113048549
optimum_bci_stable_fund_c,13,0.059509588,-0.007843541,0.111004998
optimum_bci_stable_fund_c,14,0.05950429,-0.005881272,0.108476301
optimum_bci_stable_fund_c,15,0.059444667,-0.003764303,0.106934583
optimum_bci_stable_fund_c,16,0.05930631,-0.001837167,0.105085909
optimum_bci_stable_fund_c,17,0.059286215,-0.000485077,0.103276759
optimum_bci_stable_fund_c,18,0.059354508,0.001037149,0.101725311
optimum_bci_stable_fund_c,19,0.059432215,0.002258105,0.10035132
optimum_bci_stable_fund_c,20,0.059378752,0.003579083,0.099184137
optimum_bci_stable_fund_c,21,0.059368638,0.005254691,0.097987455
optimum_bci_stable_fund_c,22,0.059335009,0.00590505,0.096636936
optimum_bci_stable_fund_c,23,0.059361295,0.006984693,0.095758706
optimum_bci_stable_fund_c,24,0.059384352,0.007546048,0.094903884
optimum_bci_stable_fund_c,25,0.059427315,0.008562351,0.094132766
optimum_bci_stable_fund_c,26,0.05940301,0.009275811,0.092851648
optimum_bci_stable_fund_c,27,0.059414266,0.010045592,0.092074732
optimum_bci_stable_fund_c,28,0.059395877,0.010806012,0.091521106
optimum_bci_stable_fund_c,29,0.059385905,0.011540741,0.091125579
optimum_bci_stable_fund_c,30,0.059359271,0.012251256,0.090434472
optimum_bci_stable_fund_c,31,0.059371454,0.012592407,0.089713228
optimum_bci_stable_fund_c,32,0.059410189,0.012938122,0.089257778
optimum_bci_stable_fund_c,33,0.059399571,0.013655579,0.088590776
optimum_bci_stable_fund_c,34,0.059420477,0.014004701,0.088032966
optimum_bci_stable_fund_c,35,0.059470719,0.014587749,0.0873522
optimum_bci_stable_fund_c,36,0.059523565,0.015146965,0.086945314
optimum_bci_stable_fund_c,37,0.059508097,0.015578221,0.086134752
optimum_bci_stable_fund_c,38,0.059522341,0.016026241,0.085664076
optimum_bci_stable_fund_c,39,0.059560356,0.016532048,0.08521244
optimum_bci_stable_fund_c,40,0.059587094,0.016926465,0.084834733
optimum_bci_stable_fund_c,41,0.059561005,0.017481109,0.084468921
optimum_bci_stable_fund_c,42,0.059554293,0.017603551,0.084133671
optimum_bci_stable_fund_c,43,0.05955757,0.018356309,0.083854982
optimum_bci_stable_fund_c,44,0.059497466,0.018599644,0.083317051
optimum_bci_stable_fund_c,45,0.059500556,0.018730945,0.082863102
optimum_bci_stable_fund_c,46,0.059504751,0.01903909,0.082514571
optimum_bci_stable_fund_c,47,0.059513584,0.019436354,0.082232426
optimum_bci_stable_fund_c,48,0.059526284,0.019874625,0.082150431
optimum_bci_stable_fund_c,49,0.059491274,0.020160499,0.081776501
optimum_bci_stable_fund_c,50,0.059543304,0.020377724,0.081612012
optimum_bci_stable_fund_c,51,0.059528341,0.020622958,0.081356638
optimum_bci_stable_fund_c,52,0.059536019,0.021077144,0.080929928
optimum_bci_stable_fund_c,53,0.059522371,0.021377973,0.080604844
optimum_bci_stable_fund_c,54,0.05950704,0.021554508,0.08033914
optimum_bci_stable_fund_c,55,0.059502167,0.021591895,0.079903961
optimum_bci_stable_fund_c,56,0.059502353,0.022016312,0.079836642
optimum_bci_stable_fund_c,57,0.059516069,0.02227783,0.079538231
optimum_bci_stable_fund_c,58,0.059496041,0.022455487,0.079355779
optimum_bci_stable_fund_c,59,0.059463808,0.022636629,0.079015386
optimum_bci_stable_fund_c,60,0.059453091,0.022999638,0.078610196
optimum_bci_stable_fund_c,61,0.059485434,0.023243504,0.078570492
optimum_bci_stable_fund_c,62,0.059494225,0.023320555,0.078290626
optimum_bci_stable_fund_c,63,0.059519884,0.023429511,0.078099106
optimum_bci_stable_fund_c,64,0.059517154,0.023600564,0.077902948
optimum_bci_stable_fund_c,65,0.059555476,0.023829642,0.077767532
optimum_bci_stable_fund_c,66,0.059598369,0.024014076,0.077628579
optimum_bci_stable_fund_c,67,0.059591711,0.02436925,0.077369862
optimum_bci_stable_fund_c,68,0.059583211,0.024571356,0.077197686
optimum_bci_stable_fund_c,69,0.059589166,0.024847764,0.076981151
optimum_bci_stable_fund_c,70,0.059608349,0.024948298,0.07678996
optimum_bci_stable_fund_c,71,0.059637982,0.025309147,0.076645286
optimum_bci_stable_fund_c,72,0.059644924,0.025439112,0.076373177
optimum_bci_stable_fund_c,73,0.059649053,0.025494344,0.076256569
optimum_bci_stable_fund_c,74,0.059636448,0.025639202,0.076229732
optimum_bci_stable_fund_c,75,0.059646708,0.025875395,0.076000417
optimum_bci_stable_fund_c,76,0.059655654,0.026019821,0.075853248
optimum_bci_stable_fund_c,77,0.059630757,0.026294454,0.075569225
optimum_bci_stable_fund_c,78,0.059636547,0.026292769,0.075492943
optimum_bci_stable_fund_c,79,0.059637355,0.0264588,0.075233221
optimum_bci_stable_fund_c,80,0.059649714,0.026642837,0.075040318
optimum_bci_stable_fund_c,81,0.059647545,0.026793399,0.074882957
optimum_bci_stable_fund_c,82,0.059668667,0.026884452,0.074684717
optimum_bci_stable_fund_c,83,0.059644115,0.027093419,0.074502748
optimum_bci_stable_fund_c,84,0.059616182,0.02714833,0.074393736
optimum_bci_stable_fund_c,85,0.05960772,0.027358759,0.074231503
optimum_bci_stable_fund_c,86,0.059620427,0.027548098,0.074121977
optimum_bci_stable_fund_c,87,0.059641772,0.027780111,0.074136615
optimum_bci_stable_fund_c,88,0.059632956,0.027907569,0.074010348
optimum_bci_stable_fund_c,89,0.059625225,0.028057256,0.073821939
optimum_bci_stable_fund_c,90,0.059618452,0.028144465,0.073732256
optimum_bci_stable_fund_c,91,0.059591303,0.028289589,0.073600128
optimum_bci_stable_fund_c,92,0.059592978,0.028458763,0.073397397
optimum_bci_stable_fund_c,93,0.059617297,0.028484626,0.073196181
optimum_bci_stable_fund_c,94,0.059571009,0.028526278,0.073019615
optimum_bci_stable_fund_c,95,0.059604284,0.028651559,0.072869302
optimum_bci_stable_fund_c,96,0.059591309,0.028732662,0.072777024
optimum_bci_stable_fund_c,97,0.059591962,0.028832398,0.072695131
optimum_bci_stable_fund_c,98,0.05965757,0.02894992,0.072606946
optimum_bci_stable_fund_c,99,0.059692893,0.029106089,0.072607756
optimum_bci_stable_fund_c,100,0.059680699,0.029210266,0.072443688
seed_income_prescient_fund,1,0.05371477,-0.062963604,0.172350677
seed_income_prescient_fund,2,0.053605218,-0.030855759,0.135814096
seed_income_prescient_fund,3,0.053633591,-0.015998386,0.120123824
seed_income_prescient_fund,4,0.053485452,-0.008459484,0.11053084
seed_income_prescient_fund,5,0.053489394,-0.001919392,0.103253068
seed_income_prescient_fund,6,0.053524192,0.002291242,0.098820605
seed_income_prescient_fund,7,0.053511324,0.006226513,0.094449439
seed_income_prescient_fund,8,0.053571529,0.008828534,0.091613975
seed_income_prescient_fund,9,0.05349561,0.011099139,0.089634187
seed_income_prescient_fund,10,0.053462042,0.013177075,0.087279001
seed_income_prescient_fund,11,0.053464449,0.01506399,0.08581172
seed_income_prescient_fund,12,0.05341731,0.016506465,0.08420966
seed_income_prescient_fund,13,0.053449441,0.017957083,0.083115048
seed_income_prescient_fund,14,0.053470251,0.019219562,0.081700323
seed_income_prescient_fund,15,0.053369795,0.020177983,0.080720793
seed_income_prescient_fund,16,0.053353022,0.021429948,0.079911749
seed_income_prescient_fund,17,0.053328338,0.021773665,0.078829686
seed_income_prescient_fund,18,0.053318178,0.02266677,0.077787938
seed_income_prescient_fund,19,0.053376532,0.023238253,0.077198251
seed_income_prescient_fund,20,0.05337831,0.024255618,0.076408526
seed_income_prescient_fund,21,0.053415151,0.024946793,0.075836338
seed_income_prescient_fund,22,0.053396353,0.025570854,0.075390499
seed_income_prescient_fund,23,0.053390985,0.026327204,0.074408375
seed_income_prescient_fund,24,0.053363155,0.026602768,0.074087484
seed_income_prescient_fund,25,0.053394804,0.02729427,0.073820442
seed_income_prescient_fund,26,0.053344301,0.027510843,0.073083588
seed_income_prescient_fund,27,0.053363344,0.02805945,0.072823917
seed_income_prescient_fund,28,0.053376123,0.028392657,0.072528065
seed_income_prescient_fund,29,0.053415829,0.028734672,0.072227775
seed_income_prescient_fund,30,0.053377361,0.029064331,0.071759257
seed_income_prescient_fund,31,0.053410798,0.029396774,0.071411722
seed_income_prescient_fund,32,0.053430206,0.029482525,0.071216328
seed_income_prescient_fund,33,0.053422371,0.029844667,0.070848349
seed_income_prescient_fund,34,0.053434648,0.030047095,0.070696972
seed_income_prescient_fund,35,0.053458112,0.030242181,0.070189222
seed_income_prescient_fund,36,0.053491015,0.030583925,0.069948924
seed_income_prescient_fund,37,0.05348928,0.030810851,0.069456865
seed_income_prescient_fund,38,0.053508739,0.031018813,0.069116076
seed_income_prescient_fund,39,0.05353563,0.031533684,0.06880482
seed_income_prescient_fund,40,0.053552177,0.03169388,0.068604328
seed_income_prescient_fund,41,0.053544454,0.031980168,0.068499239
seed_income_prescient_fund,42,0.053541843,0.032020491,0.068276242
seed_income_prescient_fund,43,0.053557904,0.03236263,0.068038274
seed_income_prescient_fund,44,0.053564879,0.032430016,0.067824158
seed_income_prescient_fund,45,0.053560685,0.032691974,0.067608257
seed_income_prescient_fund,46,0.053589817,0.032794326,0.06746765
seed_income_prescient_fund,47,0.05358107,0.032993619,0.06735172
seed_income_prescient_fund,48,0.053591219,0.033088776,0.06730633
seed_income_prescient_fund,49,0.053572292,0.033279667,0.066911093
seed_income_prescient_fund,50,0.053595514,0.033220565,0.066934932
seed_income_prescient_fund,51,0.053583387,0.033370525,0.066772265
seed_income_prescient_fund,52,0.053586349,0.033691421,0.066482469
seed_income_prescient_fund,53,0.053574622,0.03390148,0.066404939
seed_income_prescient_fund,54,0.05357076,0.033923287,0.066298032
seed_income_prescient_fund,55,0.053566437,0.034148556,0.066044343
seed_income_prescient_fund,56,0.053548073,0.034413942,0.066036482
seed_income_prescient_fund,57,0.053555392,0.034543319,0.065769378
seed_income_prescient_fund,58,0.05356422,0.034694353,0.065730288
seed_income_prescient_fund,59,0.053537626,0.034724654,0.065630475
seed_income_prescient_fund,60,0.053538745,0.034861956,0.065288059
seed_income_prescient_fund,61,0.053536234,0.035037011,0.065161532
seed_income_prescient_fund,62,0.053550508,0.035182799,0.065029291
seed_income_prescient_fund,63,0.053548094,0.035177495,0.065037328
seed_income_prescient_fund,64,0.053557561,0.035233899,0.06493082
seed_income_prescient_fund,65,0.053555478,0.035271762,0.064740929
seed_income_prescient_fund,66,0.053560513,0.035406984,0.064691046
seed_income_prescient_fund,67,0.053550158,0.035595805,0.064582665
seed_income_prescient_fund,68,0.053529127,0.03574316,0.064394311
seed_income_prescient_fund,69,0.053530235,0.035901926,0.064320607
seed_income_prescient_fund,70,0.053547454,0.035926174,0.064213136
seed_income_prescient_fund,71,0.053559818,0.036179792,0.064147103
seed_income_prescient_fund,72,0.053557424,0.036211825,0.064051197
seed_income_prescient_fund,73,0.053545018,0.036230711,0.063985313
seed_income_prescient_fund,74,0.05354044,0.036304004,0.063880867
seed_income_prescient_fund,75,0.053521993,0.036393432,0.063713052
seed_income_prescient_fund,76,0.053525622,0.036551135,0.063681321
seed_income_prescient_fund,77,0.053536772,0.03663306,0.063643198
seed_income_prescient_fund,78,0.053537425,0.036629358,0.063583933
seed_income_prescient_fund,79,0.053528766,0.036695186,0.063417921
seed_income_prescient_fund,80,0.053532072,0.036888326,0.063343931
seed_income_prescient_fund,81,0.053541751,0.036877429,0.063278363
seed_income_prescient_fund,82,0.053549592,0.036919518,0.063107067
seed_income_prescient_fund,83,0.053545396,0.037088696,0.063062786
seed_income_prescient_fund,84,0.05354039,0.037061369,0.063007758
seed_income_prescient_fund,85,0.053524606,0.037234013,0.062892884
seed_income_prescient_fund,86,0.053533657,0.037330451,0.062831518
seed_income_prescient_fund,87,0.053549389,0.03749668,0.062944088
seed_income_prescient_fund,88,0.053561609,0.03761182,0.062851874
seed_income_prescient_fund,89,0.05356618,0.037714125,0.062748981
seed_income_prescient_fund,90,0.053566035,0.037787609,0.062667962
seed_income_prescient_fund,91,0.053564947,0.03783281,0.062573089
seed_income_prescient_fund,92,0.053561366,0.037851259,0.062463763
seed_income_prescient_fund,93,0.053550771,0.037835444,0.062381444
seed_income_prescient_fund,94,0.053552693,0.03784786,0.062327229
seed_income_prescient_fund,95,0.053557484,0.037866095,0.062252751
seed_income_prescient_fund,96,0.053561703,0.037947979,0.062208146
seed_income_prescient_fund,97,0.053561443,0.037993644,0.06212192
seed_income_prescient_fund,98,0.053567419,0.03798861,0.062039382
seed_income_prescient_fund,99,0.053591462,0.038116023,0.062056963
seed_income_prescient_fund,100,0.053590518,0.038215861,0.061994796
stanlib_absolute_plus_fund,1,0.056363463,-0.11679943,0.231294775
stanlib_absolute_plus_fund,2,0.055811249,-0.071965244,0.177419759
stanlib_absolute_plus_fund,3,0.05600453,-0.049908965,0.153281959
stanlib_absolute_plus_fund,4,0.055767038,-0.03750771,0.138982323
stanlib_absolute_plus_fund,5,0.055782687,-0.02770859,0.128752872
stanlib_absolute_plus_fund,6,0.055905099,-0.021471669,0.121963943
stanlib_absolute_plus_fund,7,0.055846508,-0.016035591,0.116233648
stanlib_absolute_plus_fund,8,0.05600999,-0.011768674,0.112049546
stanlib_absolute_plus_fund,9,0.055987261,-0.008883955,0.108841168
stanlib_absolute_plus_fund,10,0.055992792,-0.00571075,0.105607386
stanlib_absolute_plus_fund,11,0.05604244,-0.003212129,0.102961437
stanlib_absolute_plus_fund,12,0.055975929,-0.001050896,0.100456009
stanlib_absolute_plus_fund,13,0.05601434,0.001006676,0.098745725
stanlib_absolute_plus_fund,14,0.056012832,0.002687672,0.096740397
stanlib_absolute_plus_fund,15,0.055975288,0.004382022,0.095350002
stanlib_absolute_plus_fund,16,0.055890089,0.005905009,0.093956769
stanlib_absolute_plus_fund,17,0.055830261,0.00698632,0.092467661
stanlib_absolute_plus_fund,18,0.05587466,0.008328114,0.091165929
stanlib_absolute_plus_fund,19,0.055932289,0.009368357,0.089914958
stanlib_absolute_plus_fund,20,0.055908687,0.010511102,0.088889341
stanlib_absolute_plus_fund,21,0.055892132,0.011856628,0.08799926
stanlib_absolute_plus_fund,22,0.055857664,0.012405817,0.086919196
stanlib_absolute_plus_fund,23,0.055869251,0.013294088,0.086124782
stanlib_absolute_plus_fund,24,0.055866787,0.013746446,0.085326183
stanlib_absolute_plus_fund,25,0.05590487,0.014610082,0.084694937
stanlib_absolute_plus_fund,26,0.055873646,0.015049025,0.083686585
stanlib_absolute_plus_fund,27,0.055890487,0.015736021,0.083131785
stanlib_absolute_plus_fund,28,0.055894708,0.016371131,0.08266938
stanlib_absolute_plus_fund,29,0.055890832,0.016960963,0.082364535
stanlib_absolute_plus_fund,30,0.055878488,0.017516071,0.081750148
stanlib_absolute_plus_fund,31,0.055871251,0.017914681,0.081092746
stanlib_absolute_plus_fund,32,0.055890471,0.018171423,0.080722295
stanlib_absolute_plus_fund,33,0.055881452,0.018723253,0.080136672
stanlib_absolute_plus_fund,34,0.055893421,0.019031985,0.079698622
stanlib_absolute_plus_fund,35,0.055915861,0.019452859,0.079160772
stanlib_absolute_plus_fund,36,0.055963207,0.019922564,0.078782942
stanlib_absolute_plus_fund,37,0.055946886,0.020291983,0.078063705
stanlib_absolute_plus_fund,38,0.055961832,0.020624569,0.077695545
stanlib_absolute_plus_fund,39,0.055997396,0.021053773,0.077266862
stanlib_absolute_plus_fund,40,0.056018386,0.021386371,0.076989788
stanlib_absolute_plus_fund,41,0.056009233,0.021824546,0.07670134
stanlib_absolute_plus_fund,42,0.056016307,0.021952273,0.07646155
stanlib_absolute_plus_fund,43,0.056024245,0.022540516,0.07624048
stanlib_absolute_plus_fund,44,0.055982928,0.02274211,0.075879943
stanlib_absolute_plus_fund,45,0.055981426,0.022917605,0.075485251
stanlib_absolute_plus_fund,46,0.055984749,0.023123734,0.075131941
stanlib_absolute_plus_fund,47,0.05599129,0.023442101,0.074879502
stanlib_absolute_plus_fund,48,0.056005012,0.023769159,0.074843709
stanlib_absolute_plus_fund,49,0.055989813,0.023964337,0.074478718
stanlib_absolute_plus_fund,50,0.056026517,0.024159962,0.07438122
stanlib_absolute_plus_fund,51,0.056018982,0.024380751,0.074145238
stanlib_absolute_plus_fund,52,0.056024667,0.02475686,0.073835555
stanlib_absolute_plus_fund,53,0.056019287,0.024981032,0.073584725
stanlib_absolute_plus_fund,54,0.056002739,0.025134592,0.073402576
stanlib_absolute_plus_fund,55,0.056006051,0.025197936,0.073076417
stanlib_absolute_plus_fund,56,0.056006222,0.025544654,0.073058442
stanlib_absolute_plus_fund,57,0.056016515,0.025729176,0.07279704
stanlib_absolute_plus_fund,58,0.056003806,0.02589273,0.072614268
stanlib_absolute_plus_fund,59,0.055972668,0.026057784,0.07236862
stanlib_absolute_plus_fund,60,0.055971454,0.026314635,0.072009147
stanlib_absolute_plus_fund,61,0.056004846,0.026549381,0.071973505
stanlib_absolute_plus_fund,62,0.056006438,0.026626069,0.071747965
stanlib_absolute_plus_fund,63,0.05602464,0.026733312,0.071604103
stanlib_absolute_plus_fund,64,0.056027976,0.026807371,0.071437749
stanlib_absolute_plus_fund,65,0.056051649,0.027010329,0.071343476
stanlib_absolute_plus_fund,66,0.056077894,0.02719429,0.071222153
stanlib_absolute_plus_fund,67,0.056075054,0.027423442,0.070994243
stanlib_absolute_plus_fund,68,0.056071526,0.027637468,0.070853175
stanlib_absolute_plus_fund,69,0.056076098,0.027858084,0.070686988
stanlib_absolute_plus_fund,70,0.056088476,0.027927863,0.070526053
stanlib_absolute_plus_fund,71,0.056116351,0.02822034,0.070402251
stanlib_absolute_plus_fund,72,0.056130666,0.028305896,0.070199216
stanlib_absolute_plus_fund,73,0.056128011,0.028349753,0.070072781
stanlib_absolute_plus_fund,74,0.056114837,0.02847746,0.070029101
stanlib_absolute_plus_fund,75,0.056124038,0.028685178,0.069840843
stanlib_absolute_plus_fund,76,0.056118579,0.028818402,0.069723296
stanlib_absolute_plus_fund,77,0.056091651,0.029043509,0.069513191
stanlib_absolute_plus_fund,78,0.056095322,0.02905187,0.069428602
stanlib_absolute_plus_fund,79,0.056097326,0.029194084,0.069227648
stanlib_absolute_plus_fund,80,0.056103137,0.029372644,0.069092791
stanlib_absolute_plus_fund,81,0.056105644,0.029461794,0.068951724
stanlib_absolute_plus_fund,82,0.056128248,0.029538338,0.06879898
stanlib_absolute_plus_fund,83,0.056117871,0.029679765,0.068679597
stanlib_absolute_plus_fund,84,0.056097802,0.02972919,0.068600444
stanlib_absolute_plus_fund,85,0.056087209,0.02990703,0.068460248
stanlib_absolute_plus_fund,86,0.056103701,0.030050821,0.068374235
stanlib_absolute_plus_fund,87,0.056121324,0.030227765,0.068407417
stanlib_absolute_plus_fund,88,0.056110378,0.030369613,0.068283097
stanlib_absolute_plus_fund,89,0.056109792,0.030491876,0.068137648
stanlib_absolute_plus_fund,90,0.056111441,0.030547984,0.068083543
stanlib_absolute_plus_fund,91,0.056096325,0.030673076,0.067956368
stanlib_absolute_plus_fund,92,0.056094225,0.030802423,0.067789839
stanlib_absolute_plus_fund,93,0.056112125,0.030832434,0.06761969
stanlib_absolute_plus_fund,94,0.056080807,0.030871348,0.067500897
stanlib_absolute_plus_fund,95,0.056102156,0.030999596,0.067357016
stanlib_absolute_plus_fund,96,0.056095394,0.031080458,0.067265434
stanlib_absolute_plus_fund,97,0.0560915,0.031145665,0.067182689
stanlib_absolute_plus_fund,98,0.056136687,0.031226283,0.067123516
stanlib_absolute_plus_fund,99,0.05616347,0.031366749,0.067100813
stanlib_absolute_plus_fund,100,0.056153611,0.031429251,0.066977492
stanlib_equity_fund,1,0.065952742,-0.196540359,0.330019508
stanlib_equity_fund,2,0.064504376,-0.131472855,0.248350229
stanlib_equity_fund,3,0.064868437,-0.09824958,0.210659195
stanlib_equity_fund,4,0.064422292,-0.078576052,0.188802609
stanlib_equity_fund,5,0.064479062,-0.063565257,0.173976738
stanlib_equity_fund,6,0.064726805,-0.054115799,0.163465328
stanlib_equity_fund,7,0.06458405,-0.046222934,0.155450977
stanlib_equity_fund,8,0.064922828,-0.039312279,0.149178116
stanlib_equity_fund,9,0.064973643,-0.035546331,0.144053874
stanlib_equity_fund,10,0.065065148,-0.030601909,0.139399559
stanlib_equity_fund,11,0.065164067,-0.027102573,0.13490948
stanlib_equity_fund,12,0.065083998,-0.023846301,0.131003358
stanlib_equity_fund,13,0.065133402,-0.020881282,0.128348656
stanlib_equity_fund,14,0.065099221,-0.01849417,0.125399221
stanlib_equity_fund,15,0.065166186,-0.015635989,0.123302914
stanlib_equity_fund,16,0.065004798,-0.013682561,0.121050807
stanlib_equity_fund,17,0.064863901,-0.011504766,0.11890864
stanlib_equity_fund,18,0.064980708,-0.009445026,0.117169447
stanlib_equity_fund,19,0.065021243,-0.007677957,0.114838628
stanlib_equity_fund,20,0.064952782,-0.00631443,0.11334719
stanlib_equity_fund,21,0.064861533,-0.003970111,0.112035275
stanlib_equity_fund,22,0.064793454,-0.003508711,0.109966405
stanlib_equity_fund,23,0.064817153,-0.002409855,0.109324371
stanlib_equity_fund,24,0.064851326,-0.001673882,0.107785999
stanlib_equity_fund,25,0.064916106,-0.000542057,0.106602608
stanlib_equity_fund,26,0.064907767,0.000206881,0.105195216
stanlib_equity_fund,27,0.064926723,0.001176997,0.104218045
stanlib_equity_fund,28,0.064924643,0.00225964,0.103471563
stanlib_equity_fund,29,0.064863364,0.00324445,0.10317428
stanlib_equity_fund,30,0.064889136,0.004119179,0.102300082
stanlib_equity_fund,31,0.0648116,0.004665201,0.101114311
stanlib_equity_fund,32,0.064826523,0.005166178,0.100490488
stanlib_equity_fund,33,0.064817722,0.005991553,0.099532517
stanlib_equity_fund,34,0.064827143,0.006470797,0.09867512
stanlib_equity_fund,35,0.064845137,0.007207294,0.098072863
stanlib_equity_fund,36,0.064914583,0.007886897,0.09748608
stanlib_equity_fund,37,0.064867974,0.008487547,0.096372074
stanlib_equity_fund,38,0.064874177,0.00901247,0.095971751
stanlib_equity_fund,39,0.064925346,0.009342048,0.095323676
stanlib_equity_fund,40,0.064952433,0.00997402,0.094930275
stanlib_equity_fund,41,0.064942197,0.010631541,0.094371556
stanlib_equity_fund,42,0.064975307,0.010936439,0.094131142
stanlib_equity_fund,43,0.064970898,0.011889101,0.093927474
stanlib_equity_fund,44,0.064864929,0.012284366,0.09337308
stanlib_equity_fund,45,0.064863569,0.012363289,0.092663762
stanlib_equity_fund,46,0.064826109,0.012712949,0.091955552
stanlib_equity_fund,47,0.064856071,0.013229783,0.091501092
stanlib_equity_fund,48,0.064881421,0.013855562,0.091517937
stanlib_equity_fund,49,0.064875225,0.014025798,0.091162466
stanlib_equity_fund,50,0.064927266,0.014603415,0.09088958
stanlib_equity_fund,51,0.064932491,0.014940751,0.090543902
stanlib_equity_fund,52,0.064941625,0.015408266,0.090176452
stanlib_equity_fund,53,0.064948403,0.015641631,0.089655345
stanlib_equity_fund,54,0.064908843,0.015993075,0.089390388
stanlib_equity_fund,55,0.064922154,0.01586218,0.088958138
stanlib_equity_fund,56,0.064948696,0.01633993,0.088944378
stanlib_equity_fund,57,0.064960351,0.016605471,0.088665018
stanlib_equity_fund,58,0.064916655,0.01678194,0.088256142
stanlib_equity_fund,59,0.064882407,0.017153879,0.08779619
stanlib_equity_fund,60,0.064879798,0.01757481,0.087401429
stanlib_equity_fund,61,0.064964128,0.017924264,0.087479735
stanlib_equity_fund,62,0.064943855,0.017924532,0.087112754
stanlib_equity_fund,63,0.064990087,0.018214297,0.086754995
stanlib_equity_fund,64,0.064982311,0.018296521,0.086498842
stanlib_equity_fund,65,0.065040978,0.018743221,0.086555187
stanlib_equity_fund,66,0.065101304,0.019013254,0.086319513
stanlib_equity_fund,67,0.065112661,0.01929599,0.085896203
stanlib_equity_fund,68,0.065134574,0.019643782,0.085818775
stanlib_equity_fund,69,0.065140512,0.019941514,0.085498487
stanlib_equity_fund,70,0.065144537,0.020042406,0.085234029
stanlib_equity_fund,71,0.065201413,0.020378537,0.085021962
stanlib_equity_fund,72,0.065242331,0.020570797,0.084674699
stanlib_equity_fund,73,0.065249143,0.02064772,0.084463349
stanlib_equity_fund,74,0.065220881,0.020866957,0.084465668
stanlib_equity_fund,75,0.06527357,0.021276142,0.084235289
stanlib_equity_fund,76,0.065246228,0.021387111,0.083986284
stanlib_equity_fund,77,0.065162516,0.021817384,0.083537816
stanlib_equity_fund,78,0.065166964,0.021876366,0.083404158
stanlib_equity_fund,79,0.065184723,0.022118128,0.083147853
stanlib_equity_fund,80,0.065192475,0.022277313,0.082946465
stanlib_equity_fund,81,0.065185454,0.022515111,0.082666057
stanlib_equity_fund,82,0.065236017,0.022658834,0.082531553
stanlib_equity_fund,83,0.065224047,0.022747083,0.082321634
stanlib_equity_fund,84,0.065184598,0.022925502,0.082202304
stanlib_equity_fund,85,0.065179149,0.023118627,0.082018211
stanlib_equity_fund,86,0.065205708,0.023309095,0.081897873
stanlib_equity_fund,87,0.065228635,0.023503359,0.081815842
stanlib_equity_fund,88,0.065183218,0.023698056,0.081626076
stanlib_equity_fund,89,0.065174276,0.023843322,0.081409145
stanlib_equity_fund,90,0.065180458,0.02389222,0.081412814
stanlib_equity_fund,91,0.065147499,0.024131791,0.081240715
stanlib_equity_fund,92,0.06514542,0.024428038,0.080961429
stanlib_equity_fund,93,0.065204998,0.024516456,0.080664954
stanlib_equity_fund,94,0.065126668,0.024613929,0.080479843
stanlib_equity_fund,95,0.065167945,0.024921302,0.080216594
stanlib_equity_fund,96,0.065146086,0.025006145,0.080049035
stanlib_equity_fund,97,0.06513581,0.025103302,0.079966429
stanlib_equity_fund,98,0.065233075,0.025319531,0.079945515
stanlib_equity_fund,99,0.065260929,0.02545824,0.079864134
stanlib_equity_fund,100,0.065244677,0.02548021,0.079646371
stanlib_flexible_income_fund,1,0.054306806,-0.041550545,0.151867663
stanlib_flexible_income_fund,2,0.054230559,-0.015016976,0.12186889
stanlib_flexible_income_fund,3,0.054236105,-0.002818653,0.109035559
stanlib_flexible_income_fund,4,0.054103024,0.003339109,0.101098777
stanlib_flexible_income_fund,5,0.054101636,0.008728227,0.095073146
stanlib_flexible_income_fund,6,0.054126624,0.012157288,0.091474349
stanlib_flexible_income_fund,7,0.054120311,0.015425161,0.087871921
stanlib_flexible_income_fund,8,0.054171657,0.017557411,0.085521381
stanlib_flexible_income_fund,9,0.054109917,0.01943872,0.083908595
stanlib_flexible_income_fund,10,0.054078055,0.021148636,0.081985617
stanlib_flexible_income_fund,11,0.054078029,0.022700028,0.080799856
stanlib_flexible_income_fund,12,0.05403877,0.023895337,0.079481872
stanlib_flexible_income_fund,13,0.054065181,0.02508971,0.078584989
stanlib_flexible_income_fund,14,0.054083175,0.026136322,0.077406492
stanlib_flexible_income_fund,15,0.053993759,0.026914228,0.07660039
stanlib_flexible_income_fund,16,0.053983384,0.027949871,0.075959103
stanlib_flexible_income_fund,17,0.053960408,0.028193184,0.075056615
stanlib_flexible_income_fund,18,0.053948545,0.028939692,0.074175629
stanlib_flexible_income_fund,19,0.054001967,0.029403435,0.073708275
stanlib_flexible_income_fund,20,0.054008026,0.030272052,0.073061194
stanlib_flexible_income_fund,21,0.054040869,0.030825668,0.072595233
stanlib_flexible_income_fund,22,0.054024862,0.031342895,0.072252899
stanlib_flexible_income_fund,23,0.05401909,0.031985655,0.071405989
stanlib_flexible_income_fund,24,0.053992225,0.032204352,0.071154525
stanlib_flexible_income_fund,25,0.054017398,0.032790243,0.070947633
stanlib_flexible_income_fund,26,0.053971506,0.032947169,0.070330031
stanlib_flexible_income_fund,27,0.053988246,0.033398374,0.070132392
stanlib_flexible_income_fund,28,0.054002497,0.033666838,0.069895827
stanlib_flexible_income_fund,29,0.054038776,0.033942819,0.069650774
stanlib_flexible_income_fund,30,0.054006237,0.034216158,0.069253494
stanlib_flexible_income_fund,31,0.054034479,0.034498122,0.068967689
stanlib_flexible_income_fund,32,0.054051045,0.03456086,0.068819899
stanlib_flexible_income_fund,33,0.054043937,0.034853484,0.068510765
stanlib_flexible_income_fund,34,0.054054734,0.035028406,0.068399266
stanlib_flexible_income_fund,35,0.054073026,0.035172482,0.067969697
stanlib_flexible_income_fund,36,0.054102226,0.035460316,0.067770885
stanlib_flexible_income_fund,37,0.054102476,0.035643361,0.067358818
stanlib_flexible_income_fund,38,0.054119747,0.035796847,0.067073043
stanlib_flexible_income_fund,39,0.054142379,0.036246104,0.066811758
stanlib_flexible_income_fund,40,0.054157271,0.036364457,0.066646689
stanlib_flexible_income_fund,41,0.054151977,0.03660229,0.066570262
stanlib_flexible_income_fund,42,0.0541503,0.036633618,0.066387356
stanlib_flexible_income_fund,43,0.054165493,0.036913124,0.066186442
stanlib_flexible_income_fund,44,0.054173474,0.036967035,0.066022616
stanlib_flexible_income_fund,45,0.054169621,0.037191739,0.065850384
stanlib_flexible_income_fund,46,0.054196499,0.037273286,0.065736522
stanlib_flexible_income_fund,47,0.054188035,0.037437034,0.065645402
stanlib_flexible_income_fund,48,0.054196399,0.037506666,0.065611633
stanlib_flexible_income_fund,49,0.054181201,0.037662517,0.065267389
stanlib_flexible_income_fund,50,0.054200928,0.037593746,0.065298672
stanlib_flexible_income_fund,51,0.054189931,0.037721714,0.065166674
stanlib_flexible_income_fund,52,0.054192592,0.037999133,0.064919122
stanlib_flexible_income_fund,53,0.054182909,0.038171255,0.064868222
stanlib_flexible_income_fund,54,0.054178861,0.038180574,0.064781147
stanlib_flexible_income_fund,55,0.054175607,0.038376289,0.064572733
stanlib_flexible_income_fund,56,0.054159174,0.038600548,0.064571665
stanlib_flexible_income_fund,57,0.054165621,0.038705816,0.064343428
stanlib_flexible_income_fund,58,0.054174606,0.038831183,0.064317272
stanlib_flexible_income_fund,59,0.054150527,0.038854489,0.064238134
stanlib_flexible_income_fund,60,0.054151832,0.038962176,0.063941364
stanlib_flexible_income_fund,61,0.054148879,0.039111553,0.063832579
stanlib_flexible_income_fund,62,0.054161062,0.039240684,0.063722189
stanlib_flexible_income_fund,63,0.054158638,0.039223823,0.063738012
stanlib_flexible_income_fund,64,0.05416868,0.039262998,0.063654034
stanlib_flexible_income_fund,65,0.054165137,0.039291089,0.063488675
stanlib_flexible_income_fund,66,0.054167109,0.039406868,0.063449145
stanlib_flexible_income_fund,67,0.054157212,0.039563942,0.063362972
stanlib_flexible_income_fund,68,0.054138279,0.039684718,0.063201148
stanlib_flexible_income_fund,69,0.054139413,0.039823719,0.063147457
stanlib_flexible_income_fund,70,0.054153915,0.039843519,0.063058681
stanlib_flexible_income_fund,71,0.054164721,0.040065686,0.063008526
stanlib_flexible_income_fund,72,0.054162797,0.040080988,0.062933287
stanlib_flexible_income_fund,73,0.054151999,0.040094335,0.062874882
stanlib_flexible_income_fund,74,0.054148072,0.040149526,0.062784532
stanlib_flexible_income_fund,75,0.054130319,0.040219876,0.062641314
stanlib_flexible_income_fund,76,0.054134105,0.040354959,0.062621456
stanlib_flexible_income_fund,77,0.054144476,0.040422739,0.062596635
stanlib_flexible_income_fund,78,0.054145367,0.040414581,0.062547389
stanlib_flexible_income_fund,79,0.054137485,0.040468842,0.062411051
stanlib_flexible_income_fund,80,0.054139394,0.040639585,0.06234911
stanlib_flexible_income_fund,81,0.05414844,0.040619345,0.062296782
stanlib_flexible_income_fund,82,0.054154999,0.040650293,0.062148713
stanlib_flexible_income_fund,83,0.054151609,0.040796032,0.06211638
stanlib_flexible_income_fund,84,0.054147764,0.040764861,0.062072687
stanlib_flexible_income_fund,85,0.054133812,0.040914896,0.061973972
stanlib_flexible_income_fund,86,0.054142194,0.040996012,0.061925396
stanlib_flexible_income_fund,87,0.054155572,0.041137401,0.062033789
stanlib_flexible_income_fund,88,0.054166679,0.041232812,0.061953251
stanlib_flexible_income_fund,89,0.054171912,0.041319407,0.061871348
stanlib_flexible_income_fund,90,0.054172205,0.041379446,0.061803768
stanlib_flexible_income_fund,91,0.054172563,0.04141861,0.061721255
stanlib_flexible_income_fund,92,0.054169302,0.041425868,0.061634061
stanlib_flexible_income_fund,93,0.054158672,0.041414329,0.06156499
stanlib_flexible_income_fund,94,0.054161514,0.041420607,0.06152214
stanlib_flexible_income_fund,95,0.054164719,0.041432581,0.061458797
stanlib_flexible_income_fund,96,0.054168941,0.041502909,0.061422846
stanlib_flexible_income_fund,97,0.054168443,0.041537258,0.061351908
stanlib_flexible_income_fund,98,0.054171603,0.041524269,0.061276856
stanlib_flexible_income_fund,99,0.054192529,0.041636798,0.061296891
stanlib_flexible_income_fund,100,0.054190895,0.041716324,0.061244473
stanlib_flexible_income_fund_b1,1,0.054306806,-0.041550545,0.151867663
stanlib_flexible_income_fund_b1,2,0.054230559,-0.015016976,0.12186889
stanlib_flexible_income_fund_b1,3,0.054236105,-0.002818653,0.109035559
stanlib_flexible_income_fund_b1,4,0.054103024,0.003339109,0.101098777
stanlib_flexible_income_fund_b1,5,0.054101636,0.008728227,0.095073146
stanlib_flexible_income_fund_b1,6,0.054126624,0.012157288,0.091474349
stanlib_flexible_income_fund_b1,7,0.054120311,0.015425161,0.087871921
stanlib_flexible_income_fund_b1,8,0.054171657,0.017557411,0.085521381
stanlib_flexible_income_fund_b1,9,0.054109917,0.01943872,0.083908595
stanlib_flexible_income_fund_b1,10,0.054078055,0.021148636,0.081985617
stanlib_flexible_income_fund_b1,11,0.054078029,0.022700028,0.080799856
stanlib_flexible_income_fund_b1,12,0.05403877,0.023895337,0.079481872
stanlib_flexible_income_fund_b1,13,0.054065181,0.02508971,0.078584989
stanlib_flexible_income_fund_b1,14,0.054083175,0.026136322,0.077406492
stanlib_flexible_income_fund_b1,15,0.053993759,0.026914228,0.07660039
stanlib_flexible_income_fund_b1,16,0.053983384,0.027949871,0.075959103
stanlib_flexible_income_fund_b1,17,0.053960408,0.028193184,0.075056615
stanlib_flexible_income_fund_b1,18,0.053948545,0.028939692,0.074175629
stanlib_flexible_income_fund_b1,19,0.054001967,0.029403435,0.073708275
stanlib_flexible_income_fund_b1,20,0.054008026,0.030272052,0.073061194
stanlib_flexible_income_fund_b1,21,0.054040869,0.030825668,0.072595233
stanlib_flexible_income_fund_b1,22,0.054024862,0.031342895,0.072252899
stanlib_flexible_income_fund_b1,23,0.05401909,0.031985655,0.071405989
stanlib_flexible_income_fund_b1,24,0.053992225,0.032204352,0.071154525
stanlib_flexible_income_fund_b1,25,0.054017398,0.032790243,0.070947633
stanlib_flexible_income_fund_b1,26,0.053971506,0.032947169,0.070330031
stanlib_flexible_income_fund_b1,27,0.053988246,0.033398374,0.070132392
stanlib_flexible_income_fund_b1,28,0.054002497,0.033666838,0.069895827
stanlib_flexible_income_fund_b1,29,0.054038776,0.033942819,0.069650774
stanlib_flexible_income_fund_b1,30,0.054006237,0.034216158,0.069253494
stanlib_flexible_income_fund_b1,31,0.054034479,0.034498122,0.068967689
stanlib_flexible_income_fund_b1,32,0.054051045,0.03456086,0.068819899
stanlib_flexible_income_fund_b1,33,0.054043937,0.034853484,0.068510765
stanlib_flexible_income_fund_b1,34,0.054054734,0.035028406,0.068399266
stanlib_flexible_income_fund_b1,35,0.054073026,0.035172482,0.067969697
stanlib_flexible_income_fund_b1,36,0.054102226,0.035460316,0.067770885
stanlib_flexible_income_fund_b1,37,0.054102476,0.035643361,0.067358818
stanlib_flexible_income_fund_b1,38,0.054119747,0.035796847,0.067073043
stanlib_flexible_income_fund_b1,39,0.054142379,0.036246104,0.066811758
stanlib_flexible_income_fund_b1,40,0.054157271,0.036364457,0.066646689
stanlib_flexible_income_fund_b1,41,0.054151977,0.03660229,0.066570262
stanlib_flexible_income_fund_b1,42,0.0541503,0.036633618,0.066387356
stanlib_flexible_income_fund_b1,43,0.054165493,0.036913124,0.066186442
stanlib_flexible_income_fund_b1,44,0.054173474,0.036967035,0.066022616
stanlib_flexible_income_fund_b1,45,0.054169621,0.037191739,0.065850384
stanlib_flexible_income_fund_b1,46,0.054196499,0.037273286,0.065736522
stanlib_flexible_income_fund_b1,47,0.054188035,0.037437034,0.065645402
stanlib_flexible_income_fund_b1,48,0.054196399,0.037506666,0.065611633
stanlib_flexible_income_fund_b1,49,0.054181201,0.037662517,0.065267389
stanlib_flexible_income_fund_b1,50,0.054200928,0.037593746,0.065298672
stanlib_flexible_income_fund_b1,51,0.054189931,0.037721714,0.065166674
stanlib_flexible_income_fund_b1,52,0.054192592,0.037999133,0.064919122
stanlib_flexible_income_fund_b1,53,0.054182909,0.038171255,0.064868222
stanlib_flexible_income_fund_b1,54,0.054178861,0.038180574,0.064781147
stanlib_flexible_income_fund_b1,55,0.054175607,0.038376289,0.064572733
stanlib_flexible_income_fund_b1,56,0.054159174,0.038600548,0.064571665
stanlib_flexible_income_fund_b1,57,0.054165621,0.038705816,0.064343428
stanlib_flexible_income_fund_b1,58,0.054174606,0.038831183,0.064317272
stanlib_flexible_income_fund_b1,59,0.054150527,0.038854489,0.064238134
stanlib_flexible_income_fund_b1,60,0.054151832,0.038962176,0.063941364
stanlib_flexible_income_fund_b1,61,0.054148879,0.039111553,0.063832579
stanlib_flexible_income_fund_b1,62,0.054161062,0.039240684,0.063722189
stanlib_flexible_income_fund_b1,63,0.054158638,0.039223823,0.063738012
stanlib_flexible_income_fund_b1,64,0.05416868,0.039262998,0.063654034
stanlib_flexible_income_fund_b1,65,0.054165137,0.039291089,0.063488675
stanlib_flexible_income_fund_b1,66,0.054167109,0.039406868,0.063449145
stanlib_flexible_income_fund_b1,67,0.054157212,0.039563942,0.063362972
stanlib_flexible_income_fund_b1,68,0.054138279,0.039684718,0.063201148
stanlib_flexible_income_fund_b1,69,0.054139413,0.039823719,0.063147457
stanlib_flexible_income_fund_b1,70,0.054153915,0.039843519,0.063058681
stanlib_flexible_income_fund_b1,71,0.054164721,0.040065686,0.063008526
stanlib_flexible_income_fund_b1,72,0.054162797,0.040080988,0.062933287
stanlib_flexible_income_fund_b1,73,0.054151999,0.040094335,0.062874882
stanlib_flexible_income_fund_b1,74,0.054148072,0.040149526,0.062784532
stanlib_flexible_income_fund_b1,75,0.054130319,0.040219876,0.062641314
stanlib_flexible_income_fund_b1,76,0.054134105,0.040354959,0.062621456
stanlib_flexible_income_fund_b1,77,0.054144476,0.040422739,0.062596635
stanlib_flexible_income_fund_b1,78,0.054145367,0.040414581,0.062547389
stanlib_flexible_income_fund_b1,79,0.054137485,0.040468842,0.062411051
stanlib_flexible_income_fund_b1,80,0.054139394,0.040639585,0.06234911
stanlib_flexible_income_fund_b1,81,0.05414844,0.040619345,0.062296782
stanlib_flexible_income_fund_b1,82,0.054154999,0.040650293,0.062148713
stanlib_flexible_income_fund_b1,83,0.054151609,0.040796032,0.06211638
stanlib_flexible_income_fund_b1,84,0.054147764,0.040764861,0.062072687
stanlib_flexible_income_fund_b1,85,0.054133812,0.040914896,0.061973972
stanlib_flexible_income_fund_b1,86,0.054142194,0.040996012,0.061925396
stanlib_flexible_income_fund_b1,87,0.054155572,0.041137401,0.062033789
stanlib_flexible_income_fund_b1,88,0.054166679,0.041232812,0.061953251
stanlib_flexible_income_fund_b1,89,0.054171912,0.041319407,0.061871348
stanlib_flexible_income_fund_b1,90,0.054172205,0.041379446,0.061803768
stanlib_flexible_income_fund_b1,91,0.054172563,0.04141861,0.061721255
stanlib_flexible_income_fund_b1,92,0.054169302,0.041425868,0.061634061
stanlib_flexible_income_fund_b1,93,0.054158672,0.041414329,0.06156499
stanlib_flexible_income_fund_b1,94,0.054161514,0.041420607,0.06152214
stanlib_flexible_income_fund_b1,95,0.054164719,0.041432581,0.061458797
stanlib_flexible_income_fund_b1,96,0.054168941,0.041502909,0.061422846
stanlib_flexible_income_fund_b1,97,0.054168443,0.041537258,0.061351908
stanlib_flexible_income_fund_b1,98,0.054171603,0.041524269,0.061276856
stanlib_flexible_income_fund_b1,99,0.054192529,0.041636798,0.061296891
stanlib_flexible_income_fund_b1,100,0.054190895,0.041716324,0.061244473
stanlib_global_balanced_feeder_fund,1,0.068303844,-0.132589535,0.268843165
stanlib_global_balanced_feeder_fund,2,0.069523661,-0.075087334,0.207440347
stanlib_global_balanced_feeder_fund,3,0.069586668,-0.050681628,0.179948709
stanlib_global_balanced_feeder_fund,4,0.06936564,-0.03541245,0.163636875
stanlib_global_balanced_feeder_fund,5,0.069026525,-0.026028384,0.153034316
stanlib_global_balanced_feeder_fund,6,0.068789807,-0.017923396,0.144223528
stanlib_global_balanced_feeder_fund,7,0.068835597,-0.012650299,0.138093186
stanlib_global_balanced_feeder_fund,8,0.068772032,-0.007303883,0.132455759
stanlib_global_balanced_feeder_fund,9,0.068959143,-0.002791636,0.128654179
stanlib_global_balanced_feeder_fund,10,0.068974038,0.000797808,0.125021876
stanlib_global_balanced_feeder_fund,11,0.069104688,0.004010887,0.122271933
stanlib_global_balanced_feeder_fund,12,0.06916755,0.0062237,0.119940263
stanlib_global_balanced_feeder_fund,13,0.069163225,0.008415739,0.117488952
stanlib_global_balanced_feeder_fund,14,0.06930071,0.010146139,0.115903639
stanlib_global_balanced_feeder_fund,15,0.069216044,0.0116566,0.113876852
stanlib_global_balanced_feeder_fund,16,0.069252597,0.013230531,0.112184643
stanlib_global_balanced_feeder_fund,17,0.069195093,0.013923832,0.110427611
stanlib_global_balanced_feeder_fund,18,0.069111624,0.015603118,0.109086683
stanlib_global_balanced_feeder_fund,19,0.06914875,0.017055371,0.107453524
stanlib_global_balanced_feeder_fund,20,0.069121401,0.018072277,0.106579536
stanlib_global_balanced_feeder_fund,21,0.069144246,0.019076524,0.105719979
stanlib_global_balanced_feeder_fund,22,0.069220271,0.02011263,0.104565828
stanlib_global_balanced_feeder_fund,23,0.06920626,0.020834025,0.10328757
stanlib_global_balanced_feeder_fund,24,0.069245008,0.021368195,0.102800616
stanlib_global_balanced_feeder_fund,25,0.069271435,0.022688492,0.102026423
stanlib_global_balanced_feeder_fund,26,0.069229445,0.023130904,0.101387828
stanlib_global_balanced_feeder_fund,27,0.069240403,0.024025282,0.100615157
stanlib_global_balanced_feeder_fund,28,0.06922522,0.024541484,0.09941854
stanlib_global_balanced_feeder_fund,29,0.069238162,0.025145516,0.098696369
stanlib_global_balanced_feeder_fund,30,0.069303372,0.025880518,0.098454237
stanlib_global_balanced_feeder_fund,31,0.069290835,0.026557151,0.097603239
stanlib_global_balanced_feeder_fund,32,0.069262813,0.027127824,0.096843758
stanlib_global_balanced_feeder_fund,33,0.069267448,0.027693455,0.096348575
stanlib_global_balanced_feeder_fund,34,0.069262651,0.028220245,0.096146219
stanlib_global_balanced_feeder_fund,35,0.069271859,0.028816572,0.0954419
stanlib_global_balanced_feeder_fund,36,0.069327954,0.029390994,0.095119488
stanlib_global_balanced_feeder_fund,37,0.069359898,0.029658583,0.094609538
stanlib_global_balanced_feeder_fund,38,0.069320343,0.030184972,0.094178702
stanlib_global_balanced_feeder_fund,39,0.069280487,0.030534776,0.093637249
stanlib_global_balanced_feeder_fund,40,0.069275389,0.030583175,0.093313011
stanlib_global_balanced_feeder_fund,41,0.06928915,0.031256427,0.092998385
stanlib_global_balanced_feeder_fund,42,0.069253829,0.031503309,0.092614115
stanlib_global_balanced_feeder_fund,43,0.069306254,0.031756259,0.092140978
stanlib_global_balanced_feeder_fund,44,0.069283392,0.032232321,0.092052711
stanlib_global_balanced_feeder_fund,45,0.069251883,0.032398897,0.091863007
stanlib_global_balanced_feeder_fund,46,0.069256459,0.032754306,0.091694837
stanlib_global_balanced_feeder_fund,47,0.06925036,0.03300781,0.09145347
stanlib_global_balanced_feeder_fund,48,0.069227739,0.033370579,0.090984082
stanlib_global_balanced_feeder_fund,49,0.069232942,0.033493367,0.090820663
stanlib_global_balanced_feeder_fund,50,0.069263992,0.033872158,0.090508914
stanlib_global_balanced_feeder_fund,51,0.069258633,0.03413197,0.090276786
stanlib_global_balanced_feeder_fund,52,0.069269746,0.034534699,0.08992843
stanlib_global_balanced_feeder_fund,53,0.069310323,0.034658246,0.089692453
stanlib_global_balanced_feeder_fund,54,0.069273097,0.034968025,0.089243202
stanlib_global_balanced_feeder_fund,55,0.0692759,0.035265493,0.089114928
stanlib_global_balanced_feeder_fund,56,0.069283259,0.035402065,0.08865571
stanlib_global_balanced_feeder_fund,57,0.069301358,0.035534732,0.08858039
stanlib_global_balanced_feeder_fund,58,0.069297039,0.035691219,0.088292553
stanlib_global_balanced_feeder_fund,59,0.069288102,0.036128568,0.087763448
stanlib_global_balanced_feeder_fund,60,0.069320946,0.036219271,0.087671401
stanlib_global_balanced_feeder_fund,61,0.069328012,0.036331796,0.087641199
stanlib_global_balanced_feeder_fund,62,0.069340547,0.036661542,0.087307386
stanlib_global_balanced_feeder_fund,63,0.069328092,0.036803641,0.086888006
stanlib_global_balanced_feeder_fund,64,0.069313058,0.037002496,0.086623598
stanlib_global_balanced_feeder_fund,65,0.069316658,0.03705942,0.086562048
stanlib_global_balanced_feeder_fund,66,0.069313987,0.037081121,0.086214451
stanlib_global_balanced_feeder_fund,67,0.069330269,0.037434385,0.085935226
stanlib_global_balanced_feeder_fund,68,0.06931715,0.037492575,0.085908631
stanlib_global_balanced_feeder_fund,69,0.069304847,0.037681576,0.085742906
stanlib_global_balanced_feeder_fund,70,0.069313064,0.03792906,0.085749903
stanlib_global_balanced_feeder_fund,71,0.069322662,0.038143203,0.085431041
stanlib_global_balanced_feeder_fund,72,0.069362795,0.038422043,0.085408553
stanlib_global_balanced_feeder_fund,73,0.069316229,0.038683239,0.085319208
stanlib_global_balanced_feeder_fund,74,0.069299291,0.038836945,0.085101159
stanlib_global_balanced_feeder_fund,75,0.069265876,0.03893406,0.084839679
stanlib_global_balanced_feeder_fund,76,0.069271617,0.03922422,0.084631465
stanlib_global_balanced_feeder_fund,77,0.069261282,0.039268932,0.084441594
stanlib_global_balanced_feeder_fund,78,0.069200158,0.039450735,0.084200177
stanlib_global_balanced_feeder_fund,79,0.069159547,0.039312405,0.084146397
stanlib_global_balanced_feeder_fund,80,0.069154269,0.039336758,0.084167646
stanlib_global_balanced_feeder_fund,81,0.069157578,0.039506624,0.083946029
stanlib_global_balanced_feeder_fund,82,0.069197407,0.039868715,0.084007949
stanlib_global_balanced_feeder_fund,83,0.069176583,0.039871235,0.083797229
stanlib_global_balanced_feeder_fund,84,0.069200888,0.039961841,0.083730427
stanlib_global_balanced_feeder_fund,85,0.06919639,0.040148372,0.08355254
stanlib_global_balanced_feeder_fund,86,0.069201486,0.040248774,0.083407446
stanlib_global_balanced_feeder_fund,87,0.069215679,0.040636977,0.083441609
stanlib_global_balanced_feeder_fund,88,0.069289893,0.04062701,0.083372681
stanlib_global_balanced_feeder_fund,89,0.069288647,0.040794972,0.083094586
stanlib_global_balanced_feeder_fund,90,0.069324717,0.040892542,0.08299369
stanlib_global_balanced_feeder_fund,91,0.069364039,0.041039656,0.082964865
stanlib_global_balanced_feeder_fund,92,0.069358716,0.041027016,0.082796334
stanlib_global_balanced_feeder_fund,93,0.0693352,0.041176316,0.082685452
stanlib_global_balanced_feeder_fund,94,0.06932177,0.041283415,0.082491928
stanlib_global_balanced_feeder_fund,95,0.069319535,0.04136444,0.082336551
stanlib_global_balanced_feeder_fund,96,0.069340371,0.041316846,0.082315586
stanlib_global_balanced_feeder_fund,97,0.069368007,0.041400414,0.08209353
stanlib_global_balanced_feeder_fund,98,0.069373677,0.041611535,0.082029459
stanlib_global_balanced_feeder_fund,99,0.06936771,0.041891959,0.081867581
stanlib_global_balanced_feeder_fund,100,0.069366412,0.041959528,0.081859107
stanlib_global_equity_feeder_fund,1,0.064502281,-0.176837033,0.309618537
stanlib_global_equity_feeder_fund,2,0.063867726,-0.118237941,0.23326556
stanlib_global_equity_feeder_fund,3,0.064995622,-0.086907418,0.199764903
stanlib_global_equity_feeder_fund,4,0.065208915,-0.068068403,0.181153204
stanlib_global_equity_feeder_fund,5,0.065193347,-0.054327594,0.166437695
stanlib_global_equity_feeder_fund,6,0.065384023,-0.045092749,0.156445932
stanlib_global_equity_feeder_fund,7,0.065280926,-0.038895967,0.14818451
stanlib_global_equity_feeder_fund,8,0.065472085,-0.032635773,0.143123906
stanlib_global_equity_feeder_fund,9,0.065358773,-0.028361222,0.138567241
stanlib_global_equity_feeder_fund,10,0.065242386,-0.024253448,0.133205011
stanlib_global_equity_feeder_fund,11,0.065426688,-0.020804366,0.129604809
stanlib_global_equity_feeder_fund,12,0.065183453,-0.018029113,0.125738943
stanlib_global_equity_feeder_fund,13,0.065263335,-0.01435116,0.123383084
stanlib_global_equity_feeder_fund,14,0.065254215,-0.012456986,0.12034244
stanlib_global_equity_feeder_fund,15,0.065186863,-0.009825539,0.119077028
stanlib_global_equity_feeder_fund,16,0.064843652,-0.007621028,0.116244251
stanlib_global_equity_feeder_fund,17,0.064970296,-0.005531339,0.114206338
stanlib_global_equity_feeder_fund,18,0.065135394,-0.00400304,0.1126453
stanlib_global_equity_feeder_fund,19,0.065250306,-0.002650502,0.111297803
stanlib_global_equity_feeder_fund,20,0.065112428,-0.001523621,0.110413096
stanlib_global_equity_feeder_fund,21,0.065064802,0.000765567,0.108552534
stanlib_global_equity_feeder_fund,22,0.06505433,0.00122448,0.106644701
stanlib_global_equity_feeder_fund,23,0.065161713,0.002358016,0.106503159
stanlib_global_equity_feeder_fund,24,0.065262878,0.003111223,0.105654655
stanlib_global_equity_feeder_fund,25,0.065281618,0.004100926,0.104579006
stanlib_global_equity_feeder_fund,26,0.065325491,0.005414373,0.102919902
stanlib_global_equity_feeder_fund,27,0.065308102,0.006046078,0.101590818
stanlib_global_equity_feeder_fund,28,0.065196182,0.007026076,0.101035931
stanlib_global_equity_feeder_fund,29,0.065115494,0.00789242,0.100547961
stanlib_global_equity_feeder_fund,30,0.065082291,0.008937526,0.099990326
stanlib_global_equity_feeder_fund,31,0.065126341,0.008861359,0.099313768
stanlib_global_equity_feeder_fund,32,0.065209846,0.009441278,0.098676166
stanlib_global_equity_feeder_fund,33,0.065193247,0.010467966,0.098046252
stanlib_global_equity_feeder_fund,34,0.065228386,0.010751079,0.097199689
stanlib_global_equity_feeder_fund,35,0.065336038,0.011742933,0.096446005
stanlib_global_equity_feeder_fund,36,0.065394085,0.012360608,0.096115541
stanlib_global_equity_feeder_fund,37,0.065387685,0.012848625,0.095404531
stanlib_global_equity_feeder_fund,38,0.0653989,0.013498113,0.094816716
stanlib_global_equity_feeder_fund,39,0.06542742,0.013805462,0.09454443
stanlib_global_equity_feeder_fund,40,0.065459201,0.014213353,0.093977451
stanlib_global_equity_feeder_fund,41,0.065392269,0.014944315,0.093432535
stanlib_global_equity_feeder_fund,42,0.065329802,0.014908501,0.09295417
stanlib_global_equity_feeder_fund,43,0.06531476,0.015980971,0.092715995
stanlib_global_equity_feeder_fund,44,0.065161512,0.016341119,0.091773021
stanlib_global_equity_feeder_fund,45,0.065191239,0.016108898,0.09132638
stanlib_global_equity_feeder_fund,46,0.065183822,0.016678884,0.091070375
stanlib_global_equity_feeder_fund,47,0.065209626,0.017137482,0.090732818
stanlib_global_equity_feeder_fund,48,0.065202138,0.018000689,0.090523093
stanlib_global_equity_feeder_fund,49,0.065131895,0.018483921,0.090454011
stanlib_global_equity_feeder_fund,50,0.065224139,0.018895892,0.090062006
stanlib_global_equity_feeder_fund,51,0.065199402,0.019060768,0.089823287
stanlib_global_equity_feeder_fund,52,0.065209375,0.019535329,0.089340084
stanlib_global_equity_feeder_fund,53,0.065170328,0.019936118,0.088819572
stanlib_global_equity_feeder_fund,54,0.065163575,0.020192241,0.088342968
stanlib_global_equity_feeder_fund,55,0.065151924,0.019886452,0.087755084
stanlib_global_equity_feeder_fund,56,0.065165688,0.020351946,0.08751471
stanlib_global_equity_feeder_fund,57,0.065189985,0.02075252,0.087337855
stanlib_global_equity_feeder_fund,58,0.0651355,0.020865903,0.087137674
stanlib_global_equity_feeder_fund,59,0.065108232,0.02111179,0.086567512
stanlib_global_equity_feeder_fund,60,0.065066952,0.021724237,0.086262688
stanlib_global_equity_feeder_fund,61,0.06511805,0.021850912,0.086392254
stanlib_global_equity_feeder_fund,62,0.065138993,0.02172506,0.086046519
stanlib_global_equity_feeder_fund,63,0.065197888,0.021857946,0.085633739
stanlib_global_equity_feeder_fund,64,0.065174279,0.022273935,0.085431944
stanlib_global_equity_feeder_fund,65,0.065270171,0.022592224,0.085325452
stanlib_global_equity_feeder_fund,66,0.065351947,0.022684689,0.085193613
stanlib_global_equity_feeder_fund,67,0.06534005,0.023299125,0.084876008
stanlib_global_equity_feeder_fund,68,0.065339815,0.023354157,0.084781132
stanlib_global_equity_feeder_fund,69,0.065356654,0.023701386,0.084482955
stanlib_global_equity_feeder_fund,70,0.06538399,0.023933369,0.084306756
stanlib_global_equity_feeder_fund,71,0.065398663,0.024345295,0.084140976
stanlib_global_equity_feeder_fund,72,0.065397204,0.024533481,0.08367319
stanlib_global_equity_feeder_fund,73,0.065432903,0.024638229,0.083595977
stanlib_global_equity_feeder_fund,74,0.065424687,0.024765511,0.083768886
stanlib_global_equity_feeder_fund,75,0.065450969,0.025004371,0.083549124
stanlib_global_equity_feeder_fund,76,0.065510203,0.025075073,0.083312248
stanlib_global_equity_feeder_fund,77,0.065469315,0.025457179,0.082781391
stanlib_global_equity_feeder_fund,78,0.065492335,0.025388666,0.082764516
stanlib_global_equity_feeder_fund,79,0.065502029,0.025643697,0.08241924
stanlib_global_equity_feeder_fund,80,0.065533885,0.025692768,0.08207432
stanlib_global_equity_feeder_fund,81,0.06551183,0.026032392,0.081959105
stanlib_global_equity_feeder_fund,82,0.065511865,0.026100911,0.081779316
stanlib_global_equity_feeder_fund,83,0.065434142,0.026393506,0.08142965
stanlib_global_equity_feeder_fund,84,0.065371379,0.026494854,0.081258321
stanlib_global_equity_feeder_fund,85,0.065387,0.026718967,0.081093064
stanlib_global_equity_feeder_fund,86,0.065389268,0.026972854,0.080914677
stanlib_global_equity_feeder_fund,87,0.065409076,0.027269163,0.080805405
stanlib_global_equity_feeder_fund,88,0.065388156,0.027295363,0.080757516
stanlib_global_equity_feeder_fund,89,0.065359521,0.027475333,0.080528359
stanlib_global_equity_feeder_fund,90,0.065335084,0.027551626,0.080392154
stanlib_global_equity_feeder_fund,91,0.065266052,0.027748126,0.080241396
stanlib_global_equity_feeder_fund,92,0.06528459,0.028034308,0.080048974
stanlib_global_equity_feeder_fund,93,0.06534763,0.028091057,0.079817475
stanlib_global_equity_feeder_fund,94,0.065247001,0.028101654,0.079426742
stanlib_global_equity_feeder_fund,95,0.065327204,0.028221635,0.07931996
stanlib_global_equity_feeder_fund,96,0.065289021,0.028235754,0.079259984
stanlib_global_equity_feeder_fund,97,0.065299523,0.028393252,0.079242075
stanlib_global_equity_feeder_fund,98,0.06544528,0.028635924,0.079163089
stanlib_global_equity_feeder_fund,99,0.065495511,0.028800569,0.079197813
stanlib_global_equity_feeder_fund,100,0.065456686,0.028908144,0.078960647
stanlib_global_property_feeder_fund,1,0.067595676,-0.188085247,0.327444063
stanlib_global_property_feeder_fund,2,0.066909392,-0.126171401,0.246400493
stanlib_global_property_feeder_fund,3,0.068131325,-0.092995571,0.210898071
stanlib_global_property_feeder_fund,4,0.068372894,-0.073022142,0.191198335
stanlib_global_property_feeder_fund,5,0.068358173,-0.058429035,0.17555747
stanlib_global_property_feeder_fund,6,0.068558126,-0.048631493,0.164968271
stanlib_global_property_feeder_fund,7,0.068444872,-0.042126221,0.156182853
stanlib_global_property_feeder_fund,8,0.068650936,-0.035465442,0.15085832
stanlib_global_property_feeder_fund,9,0.068526713,-0.030939702,0.146036312
stanlib_global_property_feeder_fund,10,0.068400672,-0.026595522,0.140319959
stanlib_global_property_feeder_fund,11,0.068599208,-0.022940212,0.136518683
stanlib_global_property_feeder_fund,12,0.06833576,-0.020007783,0.13241433
stanlib_global_property_feeder_fund,13,0.068420061,-0.016088056,0.129910473
stanlib_global_property_feeder_fund,14,0.068411451,-0.014092886,0.12667689
stanlib_global_property_feeder_fund,15,0.068339351,-0.011297593,0.125361408
stanlib_global_property_feeder_fund,16,0.067969269,-0.008959536,0.12234267
stanlib_global_property_feeder_fund,17,0.068107916,-0.0067385,0.12017471
stanlib_global_property_feeder_fund,18,0.068284678,-0.005131397,0.118516805
stanlib_global_property_feeder_fund,19,0.068407836,-0.003697976,0.117101716
stanlib_global_property_feeder_fund,20,0.068257605,-0.002512276,0.116184282
stanlib_global_property_feeder_fund,21,0.068207629,-7.38E-05,0.114191326
stanlib_global_property_feeder_fund,22,0.068196943,0.000393316,0.112154612
stanlib_global_property_feeder_fund,23,0.068313138,0.001599243,0.112028376
stanlib_global_property_feeder_fund,24,0.068423615,0.002396056,0.111144051
stanlib_global_property_feeder_fund,25,0.068444338,0.003439279,0.109999215
stanlib_global_property_feeder_fund,26,0.068492314,0.004852552,0.1082262
stanlib_global_property_feeder_fund,27,0.068472346,0.005515238,0.106798602
stanlib_global_property_feeder_fund,28,0.068350504,0.006554301,0.106220335
stanlib_global_property_feeder_fund,29,0.068262854,0.007474814,0.105701686
stanlib_global_property_feeder_fund,30,0.06822649,0.008589058,0.105120318
stanlib_global_property_feeder_fund,31,0.068275249,0.008486881,0.104408844
stanlib_global_property_feeder_fund,32,0.068366283,0.009105732,0.10373314
stanlib_global_property_feeder_fund,33,0.068348405,0.010202857,0.103070359
stanlib_global_property_feeder_fund,34,0.068385945,0.01050256,0.102162182
stanlib_global_property_feeder_fund,35,0.068502542,0.011559861,0.10135987
stanlib_global_property_feeder_fund,36,0.068565466,0.01222286,0.101019088
stanlib_global_property_feeder_fund,37,0.068559237,0.012734958,0.100271798
stanlib_global_property_feeder_fund,38,0.068570997,0.013425077,0.099645924
stanlib_global_property_feeder_fund,39,0.068601219,0.013748002,0.099366729
stanlib_global_property_feeder_fund,40,0.068635365,0.014175922,0.098758767
stanlib_global_property_feeder_fund,41,0.068562474,0.014952785,0.098178366
stanlib_global_property_feeder_fund,42,0.068494528,0.014908721,0.097667941
stanlib_global_property_feeder_fund,43,0.068478814,0.016056145,0.097416034
stanlib_global_property_feeder_fund,44,0.068312868,0.016437868,0.096404213
stanlib_global_property_feeder_fund,45,0.068345085,0.016175829,0.095932005
stanlib_global_property_feeder_fund,46,0.068338073,0.016787188,0.095669967
stanlib_global_property_feeder_fund,47,0.068365742,0.017275849,0.095318133
stanlib_global_property_feeder_fund,48,0.068357242,0.018199855,0.095099304
stanlib_global_property_feeder_fund,49,0.068281092,0.018716097,0.095032069
stanlib_global_property_feeder_fund,50,0.06838059,0.019151893,0.094609796
stanlib_global_property_feeder_fund,51,0.068354478,0.019323699,0.094364231
stanlib_global_property_feeder_fund,52,0.068364832,0.019829528,0.093841317
stanlib_global_property_feeder_fund,53,0.068321787,0.020257153,0.093288423
stanlib_global_property_feeder_fund,54,0.068314795,0.020525612,0.092778523
stanlib_global_property_feeder_fund,55,0.068301675,0.020188215,0.092150683
stanlib_global_property_feeder_fund,56,0.068316037,0.020683377,0.091892029
stanlib_global_property_feeder_fund,57,0.068341885,0.021113215,0.091708946
stanlib_global_property_feeder_fund,58,0.068282654,0.021227178,0.091500177
stanlib_global_property_feeder_fund,59,0.068253969,0.021487336,0.090887359
stanlib_global_property_feeder_fund,60,0.068208366,0.022143549,0.09056545
stanlib_global_property_feeder_fund,61,0.068262596,0.022274329,0.090708034
stanlib_global_property_feeder_fund,62,0.068285314,0.022134141,0.090340838
stanlib_global_property_feeder_fund,63,0.068349066,0.022272155,0.089897626
stanlib_global_property_feeder_fund,64,0.068323383,0.022719632,0.089689713
stanlib_global_property_feeder_fund,65,0.068427426,0.023060161,0.089577328
stanlib_global_property_feeder_fund,66,0.068515371,0.023152244,0.089437619
stanlib_global_property_feeder_fund,67,0.068502,0.023817096,0.089099953
stanlib_global_property_feeder_fund,68,0.068501216,0.023866575,0.089001541
stanlib_global_property_feeder_fund,69,0.068518917,0.024236911,0.088680652
stanlib_global_property_feeder_fund,70,0.068548779,0.024483036,0.088493129
stanlib_global_property_feeder_fund,71,0.068563938,0.024921384,0.088321873
stanlib_global_property_feeder_fund,72,0.068562112,0.025123037,0.087821434
stanlib_global_property_feeder_fund,73,0.068600448,0.025236042,0.087744098
stanlib_global_property_feeder_fund,74,0.068591698,0.02536705,0.087934265
stanlib_global_property_feeder_fund,75,0.068619777,0.02562126,0.087697596
stanlib_global_property_feeder_fund,76,0.068685325,0.025693281,0.087445848
stanlib_global_property_feeder_fund,77,0.068642267,0.026101952,0.086875221
stanlib_global_property_feeder_fund,78,0.068667624,0.026025165,0.086862047
stanlib_global_property_feeder_fund,79,0.068677956,0.026294065,0.086494528
stanlib_global_property_feeder_fund,80,0.068712366,0.026342487,0.086124086
stanlib_global_property_feeder_fund,81,0.068688438,0.02670834,0.086004643
stanlib_global_property_feeder_fund,82,0.068687437,0.026781461,0.085812124
stanlib_global_property_feeder_fund,83,0.068603036,0.027095589,0.085439798
stanlib_global_property_feeder_fund,84,0.068535047,0.027202766,0.085257073
stanlib_global_property_feeder_fund,85,0.06855245,0.027443634,0.085080336
stanlib_global_property_feeder_fund,86,0.068554161,0.027711263,0.084890247
stanlib_global_property_feeder_fund,87,0.068575516,0.028029403,0.084773336
stanlib_global_property_feeder_fund,88,0.068553145,0.02805263,0.084724261
stanlib_global_property_feeder_fund,89,0.068522052,0.028242985,0.08448255
stanlib_global_property_feeder_fund,90,0.068495315,0.028324114,0.084338354
stanlib_global_property_feeder_fund,91,0.06842079,0.028534233,0.084177843
stanlib_global_property_feeder_fund,92,0.068441007,0.028840032,0.083973647
stanlib_global_property_feeder_fund,93,0.068509296,0.028900046,0.083728432
stanlib_global_property_feeder_fund,94,0.068400629,0.028908295,0.083308021
stanlib_global_property_feeder_fund,95,0.068487355,0.029033621,0.083196584
stanlib_global_property_feeder_fund,96,0.068445903,0.029043242,0.083136466
stanlib_global_property_feeder_fund,97,0.068457284,0.029211145,0.083120938
stanlib_global_property_feeder_fund,98,0.068614659,0.029471942,0.083034511
stanlib_global_property_feeder_fund,99,0.068668962,0.029647026,0.083078863
stanlib_global_property_feeder_fund,100,0.068626981,0.02976161,0.082824403
stanlib_income_fund,1,0.059530415,-0.084500524,0.206242523
stanlib_income_fund,2,0.059371104,-0.044690655,0.160915725
stanlib_income_fund,3,0.059389923,-0.02647795,0.141681778
stanlib_income_fund,4,0.059157034,-0.017350737,0.129664597
stanlib_income_fund,5,0.059146395,-0.009181676,0.120506428
stanlib_income_fund,6,0.059172621,-0.004041733,0.115103606
stanlib_income_fund,7,0.059165362,0.000922461,0.10964997
stanlib_income_fund,8,0.059245393,0.004139499,0.106101368
stanlib_income_fund,9,0.059141888,0.006948906,0.103736169
stanlib_income_fund,10,0.059085569,0.009482655,0.100803762
stanlib_income_fund,11,0.059083047,0.011841626,0.099043048
stanlib_income_fund,12,0.059019009,0.013615826,0.097061375
stanlib_income_fund,13,0.059063729,0.015399499,0.095773338
stanlib_income_fund,14,0.059092325,0.017001862,0.093969307
stanlib_income_fund,15,0.058940875,0.01815829,0.092752385
stanlib_income_fund,16,0.058926502,0.01972956,0.091794461
stanlib_income_fund,17,0.058886537,0.020052162,0.090415796
stanlib_income_fund,18,0.058865179,0.02119343,0.089079217
stanlib_income_fund,19,0.058946833,0.021853069,0.088396859
stanlib_income_fund,20,0.058955935,0.023190648,0.08739805
stanlib_income_fund,21,0.059012563,0.024037547,0.086718655
stanlib_income_fund,22,0.058991912,0.024805119,0.0862202
stanlib_income_fund,23,0.058984265,0.025799908,0.084909257
stanlib_income_fund,24,0.058939966,0.026116794,0.084544091
stanlib_income_fund,25,0.058981584,0.027008387,0.084245944
stanlib_income_fund,26,0.05890874,0.027230664,0.08329963
stanlib_income_fund,27,0.058937175,0.027913344,0.083020183
stanlib_income_fund,28,0.058959105,0.028310992,0.082673868
stanlib_income_fund,29,0.059017996,0.028724928,0.082310199
stanlib_income_fund,30,0.058962824,0.029131967,0.081699523
stanlib_income_fund,31,0.05900846,0.029553272,0.081264855
stanlib_income_fund,32,0.059038229,0.029622096,0.08107273
stanlib_income_fund,33,0.05902716,0.030060501,0.080589431
stanlib_income_fund,34,0.05904412,0.030307754,0.080442446
stanlib_income_fund,35,0.05907348,0.030509152,0.07976146
stanlib_income_fund,36,0.059122794,0.030951852,0.079483437
stanlib_income_fund,37,0.059120408,0.031234299,0.078846919
stanlib_income_fund,38,0.059147466,0.031469113,0.078411073
stanlib_income_fund,39,0.059184597,0.032163498,0.078015202
stanlib_income_fund,40,0.059208008,0.032351392,0.077760515
stanlib_income_fund,41,0.059197949,0.032705726,0.077655228
stanlib_income_fund,42,0.059195172,0.032750316,0.077388111
stanlib_income_fund,43,0.059219248,0.033170914,0.077093749
stanlib_income_fund,44,0.059232506,0.033235865,0.07684585
stanlib_income_fund,45,0.059227296,0.033582269,0.076582671
stanlib_income_fund,46,0.059270913,0.033711785,0.076415918
stanlib_income_fund,47,0.059257754,0.033960495,0.076284444
stanlib_income_fund,48,0.059269628,0.034043005,0.07624689
stanlib_income_fund,49,0.05924662,0.034276419,0.075706708
stanlib_income_fund,50,0.059276653,0.034147609,0.075767755
stanlib_income_fund,51,0.059259965,0.034332026,0.075571141
stanlib_income_fund,52,0.059263927,0.034770051,0.075183321
stanlib_income_fund,53,0.059247179,0.035042362,0.075108094
stanlib_income_fund,54,0.059239429,0.03502936,0.074987837
stanlib_income_fund,55,0.059234677,0.035334404,0.074663607
stanlib_income_fund,56,0.05920966,0.035685316,0.07467899
stanlib_income_fund,57,0.059219698,0.035846923,0.074319747
stanlib_income_fund,58,0.059234797,0.036042229,0.074293133
stanlib_income_fund,59,0.059196211,0.036057892,0.074184843
stanlib_income_fund,60,0.059198477,0.03622432,0.073719102
stanlib_income_fund,61,0.059192027,0.036454778,0.073552471
stanlib_income_fund,62,0.059211557,0.03665343,0.073383146
stanlib_income_fund,63,0.059207781,0.036616766,0.073420644
stanlib_income_fund,64,0.059224333,0.036668042,0.073300718
stanlib_income_fund,65,0.05921881,0.036699086,0.073044323
stanlib_income_fund,66,0.059221814,0.036869058,0.072992257
stanlib_income_fund,67,0.059206724,0.037116341,0.072868369
stanlib_income_fund,68,0.059175544,0.037306411,0.072618309
stanlib_income_fund,69,0.059177445,0.037507725,0.072537175
stanlib_income_fund,70,0.059199631,0.037530427,0.072401735
stanlib_income_fund,71,0.059216654,0.03787148,0.072324979
stanlib_income_fund,72,0.059213768,0.037890266,0.07221071
stanlib_income_fund,73,0.059194889,0.037906746,0.072125595
stanlib_income_fund,74,0.059188457,0.037981676,0.071983094
stanlib_income_fund,75,0.05915933,0.038085725,0.071764336
stanlib_income_fund,76,0.05916513,0.038299634,0.071739445
stanlib_income_fund,77,0.059182084,0.03839763,0.071709338
stanlib_income_fund,78,0.059183622,0.038383143,0.071637956
stanlib_income_fund,79,0.059172231,0.038463597,0.071425204
stanlib_income_fund,80,0.059175223,0.038725096,0.071337942
stanlib_income_fund,81,0.059190327,0.038686117,0.071256049
stanlib_income_fund,82,0.059201074,0.038729068,0.071030663
stanlib_income_fund,83,0.059195864,0.038951855,0.070984699
stanlib_income_fund,84,0.059188941,0.038896596,0.070915948
stanlib_income_fund,85,0.059165594,0.039126475,0.070765345
stanlib_income_fund,86,0.059178761,0.039244367,0.070694621
stanlib_income_fund,87,0.059200381,0.039470402,0.070866027
stanlib_income_fund,88,0.05921783,0.039620195,0.070745207
stanlib_income_fund,89,0.059225816,0.0397498,0.070611635
stanlib_income_fund,90,0.059226451,0.039848241,0.070513485
stanlib_income_fund,91,0.059227806,0.039902989,0.070390325
stanlib_income_fund,92,0.059223294,0.039908884,0.070249736
stanlib_income_fund,93,0.059205704,0.039881285,0.070147648
stanlib_income_fund,94,0.059210934,0.039887764,0.070088723
stanlib_income_fund,95,0.059215536,0.039899685,0.069989762
stanlib_income_fund,96,0.059222176,0.040018299,0.069937727
stanlib_income_fund,97,0.059221532,0.040068929,0.069822606
stanlib_income_fund,98,0.05922632,0.040040844,0.069717195
stanlib_income_fund,99,0.059260648,0.040208105,0.069754667
stanlib_income_fund,100,0.059257985,0.040337411,0.069680359
stanlib_mm_global_equity_feeder_fund,1,0.08749329,-0.146622368,0.32073899
stanlib_mm_global_equity_feeder_fund,2,0.08873438,-0.079564706,0.248697568
stanlib_mm_global_equity_feeder_fund,3,0.088807373,-0.051536158,0.216606503
stanlib_mm_global_equity_feeder_fund,4,0.088420196,-0.033871392,0.197351206
stanlib_mm_global_equity_feeder_fund,5,0.087939334,-0.0229902,0.185174337
stanlib_mm_global_equity_feeder_fund,6,0.08759138,-0.013458372,0.17476113
stanlib_mm_global_equity_feeder_fund,7,0.087664217,-0.007418744,0.167722258
stanlib_mm_global_equity_feeder_fund,8,0.087581116,-0.000964032,0.161041129
stanlib_mm_global_equity_feeder_fund,9,0.087817157,0.004286928,0.156702116
stanlib_mm_global_equity_feeder_fund,10,0.087816242,0.008416169,0.152306312
stanlib_mm_global_equity_feeder_fund,11,0.087969271,0.01221929,0.149126313
stanlib_mm_global_equity_feeder_fund,12,0.088044836,0.014605193,0.14643534
stanlib_mm_global_equity_feeder_fund,13,0.088062662,0.017201849,0.143724801
stanlib_mm_global_equity_feeder_fund,14,0.088248161,0.019198699,0.141857895
stanlib_mm_global_equity_feeder_fund,15,0.088113651,0.020926375,0.13946422
stanlib_mm_global_equity_feeder_fund,16,0.088173683,0.022688896,0.137365543
stanlib_mm_global_equity_feeder_fund,17,0.088083634,0.023404371,0.135278435
stanlib_mm_global_equity_feeder_fund,18,0.087966124,0.025454267,0.13375093
stanlib_mm_global_equity_feeder_fund,19,0.08799873,0.027049333,0.131840816
stanlib_mm_global_equity_feeder_fund,20,0.087950524,0.028187699,0.130825513
stanlib_mm_global_equity_feeder_fund,21,0.087988632,0.029384266,0.129906892
stanlib_mm_global_equity_feeder_fund,22,0.088094009,0.030561876,0.128530109
stanlib_mm_global_equity_feeder_fund,23,0.088077991,0.031377638,0.12697091
stanlib_mm_global_equity_feeder_fund,24,0.0881247,0.032036725,0.126506484
stanlib_mm_global_equity_feeder_fund,25,0.088168498,0.03360516,0.125591754
stanlib_mm_global_equity_feeder_fund,26,0.088118184,0.034065454,0.124887472
stanlib_mm_global_equity_feeder_fund,27,0.088143289,0.035145222,0.123984392
stanlib_mm_global_equity_feeder_fund,28,0.088115928,0.035708713,0.122496258
stanlib_mm_global_equity_feeder_fund,29,0.0881391,0.03638513,0.121664017
stanlib_mm_global_equity_feeder_fund,30,0.088218385,0.037296332,0.121414846
stanlib_mm_global_equity_feeder_fund,31,0.088192899,0.038074917,0.120336516
stanlib_mm_global_equity_feeder_fund,32,0.08816312,0.038742866,0.11948343
stanlib_mm_global_equity_feeder_fund,33,0.08817015,0.039385156,0.118850442
stanlib_mm_global_equity_feeder_fund,34,0.088163831,0.039958713,0.118730907
stanlib_mm_global_equity_feeder_fund,35,0.088175165,0.040656962,0.117812319
stanlib_mm_global_equity_feeder_fund,36,0.088253673,0.041339564,0.117537892
stanlib_mm_global_equity_feeder_fund,37,0.088284717,0.041675443,0.116942802
stanlib_mm_global_equity_feeder_fund,38,0.088231557,0.042304242,0.116438007
stanlib_mm_global_equity_feeder_fund,39,0.08817732,0.042698171,0.115796419
stanlib_mm_global_equity_feeder_fund,40,0.088169646,0.042734064,0.115376702
stanlib_mm_global_equity_feeder_fund,41,0.088183133,0.043546261,0.115036075
stanlib_mm_global_equity_feeder_fund,42,0.088138886,0.043848614,0.114634871
stanlib_mm_global_equity_feeder_fund,43,0.088205507,0.044101769,0.114105919
stanlib_mm_global_equity_feeder_fund,44,0.088175801,0.044681898,0.114060278
stanlib_mm_global_equity_feeder_fund,45,0.088138581,0.044835676,0.11384831
stanlib_mm_global_equity_feeder_fund,46,0.088145322,0.045322599,0.113662035
stanlib_mm_global_equity_feeder_fund,47,0.088140018,0.045612139,0.113386219
stanlib_mm_global_equity_feeder_fund,48,0.088108142,0.046013863,0.112825396
stanlib_mm_global_equity_feeder_fund,49,0.088123446,0.046118834,0.112682789
stanlib_mm_global_equity_feeder_fund,50,0.088159208,0.046566611,0.112300796
stanlib_mm_global_equity_feeder_fund,51,0.088159829,0.046821446,0.112047843
stanlib_mm_global_equity_feeder_fund,52,0.088173992,0.047337574,0.111615695
stanlib_mm_global_equity_feeder_fund,53,0.088224578,0.047458552,0.111306794
stanlib_mm_global_equity_feeder_fund,54,0.088167684,0.047794254,0.110775647
stanlib_mm_global_equity_feeder_fund,55,0.088173557,0.048179661,0.110647929
stanlib_mm_global_equity_feeder_fund,56,0.088184859,0.048325657,0.110075701
stanlib_mm_global_equity_feeder_fund,57,0.08820704,0.048481442,0.109997544
stanlib_mm_global_equity_feeder_fund,58,0.088204921,0.048632019,0.109658508
stanlib_mm_global_equity_feeder_fund,59,0.088197172,0.04917073,0.109000799
stanlib_mm_global_equity_feeder_fund,60,0.088240973,0.049262738,0.108931157
stanlib_mm_global_equity_feeder_fund,61,0.088242307,0.049374587,0.10892476
stanlib_mm_global_equity_feeder_fund,62,0.088258197,0.04978464,0.108510488
stanlib_mm_global_equity_feeder_fund,63,0.08824184,0.049931864,0.10798785
stanlib_mm_global_equity_feeder_fund,64,0.088221689,0.050170656,0.107692473
stanlib_mm_global_equity_feeder_fund,65,0.088225377,0.050185094,0.107639898
stanlib_mm_global_equity_feeder_fund,66,0.088222909,0.050172342,0.107233429
stanlib_mm_global_equity_feeder_fund,67,0.088247924,0.05064058,0.106888117
stanlib_mm_global_equity_feeder_fund,68,0.088228907,0.050706084,0.10689237
stanlib_mm_global_equity_feeder_fund,69,0.088212323,0.050890368,0.106703537
stanlib_mm_global_equity_feeder_fund,70,0.088217135,0.051176201,0.1067268
stanlib_mm_global_equity_feeder_fund,71,0.088230261,0.051414204,0.106321208
stanlib_mm_global_equity_feeder_fund,72,0.088283942,0.051767522,0.106312401
stanlib_mm_global_equity_feeder_fund,73,0.088219244,0.05209421,0.106224577
stanlib_mm_global_equity_feeder_fund,74,0.088196186,0.052245593,0.105913991
stanlib_mm_global_equity_feeder_fund,75,0.088148251,0.052340194,0.105610754
stanlib_mm_global_equity_feeder_fund,76,0.088155638,0.052724819,0.105351026
stanlib_mm_global_equity_feeder_fund,77,0.088142266,0.052730823,0.105143772
stanlib_mm_global_equity_feeder_fund,78,0.088060941,0.052993516,0.104838019
stanlib_mm_global_equity_feeder_fund,79,0.088011416,0.052800314,0.104773525
stanlib_mm_global_equity_feeder_fund,80,0.088002698,0.05277229,0.104848065
stanlib_mm_global_equity_feeder_fund,81,0.088008482,0.052974638,0.104558141
stanlib_mm_global_equity_feeder_fund,82,0.08806185,0.053416735,0.104671587
stanlib_mm_global_equity_feeder_fund,83,0.0880344,0.053393489,0.104420975
stanlib_mm_global_equity_feeder_fund,84,0.088063626,0.053509648,0.104321289
stanlib_mm_global_equity_feeder_fund,85,0.088056907,0.053747088,0.104103137
stanlib_mm_global_equity_feeder_fund,86,0.088061025,0.053814181,0.103919961
stanlib_mm_global_equity_feeder_fund,87,0.088081029,0.054328368,0.103977879
stanlib_mm_global_equity_feeder_fund,88,0.088178626,0.054287473,0.103908508
stanlib_mm_global_equity_feeder_fund,89,0.088175327,0.054480472,0.103538798
stanlib_mm_global_equity_feeder_fund,90,0.088225816,0.054624444,0.103449944
stanlib_mm_global_equity_feeder_fund,91,0.088279377,0.054791943,0.103424355
stanlib_mm_global_equity_feeder_fund,92,0.088274514,0.054749696,0.103203254
stanlib_mm_global_equity_feeder_fund,93,0.088242362,0.05492599,0.103104523
stanlib_mm_global_equity_feeder_fund,94,0.088225744,0.055067427,0.102876386
stanlib_mm_global_equity_feeder_fund,95,0.088221429,0.05515789,0.10268083
stanlib_mm_global_equity_feeder_fund,96,0.08824785,0.055107833,0.102676292
stanlib_mm_global_equity_feeder_fund,97,0.088285008,0.055207651,0.10240072
stanlib_mm_global_equity_feeder_fund,98,0.088290861,0.055476952,0.102364616
stanlib_mm_global_equity_feeder_fund,99,0.088281275,0.055788071,0.102170769
stanlib_mm_global_equity_feeder_fund,100,0.088279322,0.055879947,0.102175886
stanlib_mm_shari_ah_balanced_fund_of_funds,1,0.06364939,-0.164572723,0.293913227
stanlib_mm_shari_ah_balanced_fund_of_funds,2,0.062743608,-0.106991599,0.222648015
stanlib_mm_shari_ah_balanced_fund_of_funds,3,0.063113278,-0.07803196,0.19044088
stanlib_mm_shari_ah_balanced_fund_of_funds,4,0.062820662,-0.061353826,0.171694078
stanlib_mm_shari_ah_balanced_fund_of_funds,5,0.062831757,-0.048357868,0.158322169
stanlib_mm_shari_ah_balanced_fund_of_funds,6,0.063000137,-0.04009095,0.149219801
stanlib_mm_shari_ah_balanced_fund_of_funds,7,0.062913208,-0.033065203,0.141918162
stanlib_mm_shari_ah_balanced_fund_of_funds,8,0.063153777,-0.027283042,0.136534032
stanlib_mm_shari_ah_balanced_fund_of_funds,9,0.06314554,-0.023703068,0.132113087
stanlib_mm_shari_ah_balanced_fund_of_funds,10,0.063172614,-0.019540288,0.127849127
stanlib_mm_shari_ah_balanced_fund_of_funds,11,0.063234615,-0.016335238,0.12416786
stanlib_mm_shari_ah_balanced_fund_of_funds,12,0.063142228,-0.013559058,0.120854723
stanlib_mm_shari_ah_balanced_fund_of_funds,13,0.063201284,-0.010807561,0.118553815
stanlib_mm_shari_ah_balanced_fund_of_funds,14,0.063188439,-0.008724459,0.115905655
stanlib_mm_shari_ah_balanced_fund_of_funds,15,0.063181732,-0.006334378,0.114193126
stanlib_mm_shari_ah_balanced_fund_of_funds,16,0.06303226,-0.004476486,0.112192192
stanlib_mm_shari_ah_balanced_fund_of_funds,17,0.062952706,-0.002788731,0.110240988
stanlib_mm_shari_ah_balanced_fund_of_funds,18,0.063034747,-0.00106208,0.108640981
stanlib_mm_shari_ah_balanced_fund_of_funds,19,0.063097339,0.000396972,0.106879223
stanlib_mm_shari_ah_balanced_fund_of_funds,20,0.063045033,0.001675937,0.105603099
stanlib_mm_shari_ah_balanced_fund_of_funds,21,0.063012052,0.003556521,0.104357189
stanlib_mm_shari_ah_balanced_fund_of_funds,22,0.06296323,0.004149424,0.102798652
stanlib_mm_shari_ah_balanced_fund_of_funds,23,0.06298442,0.005213508,0.102010845
stanlib_mm_shari_ah_balanced_fund_of_funds,24,0.063006362,0.00591753,0.100866588
stanlib_mm_shari_ah_balanced_fund_of_funds,25,0.063061055,0.006931917,0.099938408
stanlib_mm_shari_ah_balanced_fund_of_funds,26,0.063046294,0.00757697,0.098655287
stanlib_mm_shari_ah_balanced_fund_of_funds,27,0.063052399,0.008457332,0.097798829
stanlib_mm_shari_ah_balanced_fund_of_funds,28,0.063038586,0.009337894,0.097181808
stanlib_mm_shari_ah_balanced_fund_of_funds,29,0.063011027,0.01015977,0.096805572
stanlib_mm_shari_ah_balanced_fund_of_funds,30,0.063007455,0.010937947,0.096036936
stanlib_mm_shari_ah_balanced_fund_of_funds,31,0.062973224,0.011361382,0.095131314
stanlib_mm_shari_ah_balanced_fund_of_funds,32,0.062997335,0.011767632,0.094626639
stanlib_mm_shari_ah_balanced_fund_of_funds,33,0.062982072,0.012514435,0.093829784
stanlib_mm_shari_ah_balanced_fund_of_funds,34,0.062998063,0.012944853,0.093217764
stanlib_mm_shari_ah_balanced_fund_of_funds,35,0.063027414,0.013544967,0.092524309
stanlib_mm_shari_ah_balanced_fund_of_funds,36,0.063084865,0.014153426,0.092077958
stanlib_mm_shari_ah_balanced_fund_of_funds,37,0.063051727,0.014645825,0.091151872
stanlib_mm_shari_ah_balanced_fund_of_funds,38,0.063062626,0.015123773,0.090711315
stanlib_mm_shari_ah_balanced_fund_of_funds,39,0.063107292,0.015568043,0.090191676
stanlib_mm_shari_ah_balanced_fund_of_funds,40,0.063131186,0.016048155,0.089770563
stanlib_mm_shari_ah_balanced_fund_of_funds,41,0.063112723,0.01661981,0.089320364
stanlib_mm_shari_ah_balanced_fund_of_funds,42,0.063118886,0.016844791,0.089067019
stanlib_mm_shari_ah_balanced_fund_of_funds,43,0.063117639,0.017632542,0.088793293
stanlib_mm_shari_ah_balanced_fund_of_funds,44,0.06303799,0.017965962,0.088254062
stanlib_mm_shari_ah_balanced_fund_of_funds,45,0.063038977,0.018099248,0.087712488
stanlib_mm_shari_ah_balanced_fund_of_funds,46,0.063035502,0.01839353,0.087248432
stanlib_mm_shari_ah_balanced_fund_of_funds,47,0.063055175,0.018820513,0.086894678
stanlib_mm_shari_ah_balanced_fund_of_funds,48,0.0630655,0.019345086,0.086856998
stanlib_mm_shari_ah_balanced_fund_of_funds,49,0.063044292,0.019571632,0.086475571
stanlib_mm_shari_ah_balanced_fund_of_funds,50,0.0630957,0.019945615,0.086258131
stanlib_mm_shari_ah_balanced_fund_of_funds,51,0.063089483,0.020226045,0.08595679
stanlib_mm_shari_ah_balanced_fund_of_funds,52,0.063090572,0.020686394,0.085565671
stanlib_mm_shari_ah_balanced_fund_of_funds,53,0.063089383,0.020928424,0.085188425
stanlib_mm_shari_ah_balanced_fund_of_funds,54,0.063072274,0.021182099,0.084955729
stanlib_mm_shari_ah_balanced_fund_of_funds,55,0.063082232,0.021158644,0.084544344
stanlib_mm_shari_ah_balanced_fund_of_funds,56,0.063093111,0.02158456,0.084492045
stanlib_mm_shari_ah_balanced_fund_of_funds,57,0.063103924,0.021841159,0.084201284
stanlib_mm_shari_ah_balanced_fund_of_funds,58,0.063076343,0.02204152,0.083909996
stanlib_mm_shari_ah_balanced_fund_of_funds,59,0.063042514,0.022317727,0.083556979
stanlib_mm_shari_ah_balanced_fund_of_funds,60,0.063039909,0.022683094,0.083162261
stanlib_mm_shari_ah_balanced_fund_of_funds,61,0.063091805,0.022967712,0.083156988
stanlib_mm_shari_ah_balanced_fund_of_funds,62,0.063085429,0.023016566,0.082863346
stanlib_mm_shari_ah_balanced_fund_of_funds,63,0.063115556,0.023198435,0.08259987
stanlib_mm_shari_ah_balanced_fund_of_funds,64,0.063110234,0.023320301,0.08238969
stanlib_mm_shari_ah_balanced_fund_of_funds,65,0.06315416,0.023618207,0.082338137
stanlib_mm_shari_ah_balanced_fund_of_funds,66,0.063194667,0.023838666,0.082147029
stanlib_mm_shari_ah_balanced_fund_of_funds,67,0.063199216,0.024144169,0.081834272
stanlib_mm_shari_ah_balanced_fund_of_funds,68,0.063201869,0.024416028,0.081680877
stanlib_mm_shari_ah_balanced_fund_of_funds,69,0.063209331,0.024689654,0.081426663
stanlib_mm_shari_ah_balanced_fund_of_funds,70,0.063219727,0.02478046,0.08121644
stanlib_mm_shari_ah_balanced_fund_of_funds,71,0.063257627,0.025118865,0.081062775
stanlib_mm_shari_ah_balanced_fund_of_funds,72,0.063281993,0.025273102,0.08076806
stanlib_mm_shari_ah_balanced_fund_of_funds,73,0.063289483,0.025342974,0.080598255
stanlib_mm_shari_ah_balanced_fund_of_funds,74,0.063273493,0.025516902,0.08055232
stanlib_mm_shari_ah_balanced_fund_of_funds,75,0.063297776,0.025824987,0.080357877
stanlib_mm_shari_ah_balanced_fund_of_funds,76,0.063294576,0.025932448,0.080167329
stanlib_mm_shari_ah_balanced_fund_of_funds,77,0.063241384,0.026270434,0.079819206
stanlib_mm_shari_ah_balanced_fund_of_funds,78,0.063250072,0.026291223,0.079717286
stanlib_mm_shari_ah_balanced_fund_of_funds,79,0.06325601,0.026486285,0.079458947
stanlib_mm_shari_ah_balanced_fund_of_funds,80,0.063266151,0.026651496,0.079292347
stanlib_mm_shari_ah_balanced_fund_of_funds,81,0.063269805,0.026837853,0.079093961
stanlib_mm_shari_ah_balanced_fund_of_funds,82,0.063298936,0.026932984,0.078922301
stanlib_mm_shari_ah_balanced_fund_of_funds,83,0.063283689,0.02708545,0.078734137
stanlib_mm_shari_ah_balanced_fund_of_funds,84,0.063249687,0.027197036,0.078621955
stanlib_mm_shari_ah_balanced_fund_of_funds,85,0.063242717,0.027395715,0.078455462
stanlib_mm_shari_ah_balanced_fund_of_funds,86,0.06326445,0.027573187,0.078337742
stanlib_mm_shari_ah_balanced_fund_of_funds,87,0.063284693,0.027771572,0.078301742
stanlib_mm_shari_ah_balanced_fund_of_funds,88,0.063263145,0.027937363,0.078148921
stanlib_mm_shari_ah_balanced_fund_of_funds,89,0.063258227,0.028088716,0.077938404
stanlib_mm_shari_ah_balanced_fund_of_funds,90,0.063262914,0.028145974,0.07790376
stanlib_mm_shari_ah_balanced_fund_of_funds,91,0.063232477,0.028334993,0.077754962
stanlib_mm_shari_ah_balanced_fund_of_funds,92,0.063228112,0.02855069,0.077518193
stanlib_mm_shari_ah_balanced_fund_of_funds,93,0.063268268,0.028605659,0.077283165
stanlib_mm_shari_ah_balanced_fund_of_funds,94,0.063215826,0.028679048,0.077122451
stanlib_mm_shari_ah_balanced_fund_of_funds,95,0.063245403,0.028880636,0.076921614
stanlib_mm_shari_ah_balanced_fund_of_funds,96,0.063238011,0.028961919,0.076803818
stanlib_mm_shari_ah_balanced_fund_of_funds,97,0.063234576,0.029054235,0.076716204
stanlib_mm_shari_ah_balanced_fund_of_funds,98,0.063300566,0.029206197,0.076680054
stanlib_mm_shari_ah_balanced_fund_of_funds,99,0.063331716,0.02936345,0.076630759
stanlib_mm_shari_ah_balanced_fund_of_funds,100,0.063318582,0.029436507,0.076466891
stanlib_money_market_fund,1,0.050945962,0.030237089,0.071862627
stanlib_money_market_fund,2,0.050865751,0.035978816,0.065545111
stanlib_money_market_fund,3,0.050848013,0.038717298,0.062711419
stanlib_money_market_fund,4,0.05082256,0.040077971,0.061040622
stanlib_money_market_fund,5,0.050823271,0.041208176,0.059861807
stanlib_money_market_fund,6,0.050837078,0.041950158,0.059091473
stanlib_money_market_fund,7,0.050836368,0.042621886,0.058342122
stanlib_money_market_fund,8,0.050848248,0.043090339,0.057857625
stanlib_money_market_fund,9,0.05084131,0.043491973,0.05747149
stanlib_money_market_fund,10,0.05083678,0.043897088,0.057046955
stanlib_money_market_fund,11,0.050834027,0.044210677,0.05677865
stanlib_money_market_fund,12,0.050826686,0.044451513,0.056481521
stanlib_money_market_fund,13,0.050835834,0.044757642,0.056277884
stanlib_money_market_fund,14,0.05084048,0.044954783,0.056022001
stanlib_money_market_fund,15,0.050829991,0.045137797,0.05586293
stanlib_money_market_fund,16,0.050828677,0.04534455,0.055688415
stanlib_money_market_fund,17,0.050824987,0.045424512,0.055509568
stanlib_money_market_fund,18,0.050824305,0.045581644,0.055326907
stanlib_money_market_fund,19,0.050833856,0.045679877,0.055226926
stanlib_money_market_fund,20,0.050831736,0.045842158,0.055103275
stanlib_money_market_fund,21,0.050833699,0.045956142,0.054993533
stanlib_money_market_fund,22,0.050825098,0.046076104,0.05490702
stanlib_money_market_fund,23,0.050822543,0.046192862,0.054734894
stanlib_money_market_fund,24,0.0508184,0.046267735,0.054692987
stanlib_money_market_fund,25,0.050823537,0.046381809,0.054641911
stanlib_money_market_fund,26,0.050816558,0.046411831,0.054517347
stanlib_money_market_fund,27,0.050820668,0.046516901,0.054465786
stanlib_money_market_fund,28,0.050821903,0.046573561,0.054404038
stanlib_money_market_fund,29,0.050829006,0.046623441,0.05435852
stanlib_money_market_fund,30,0.050825924,0.046698704,0.054274159
stanlib_money_market_fund,31,0.050826979,0.046755438,0.054204114
stanlib_money_market_fund,32,0.050827188,0.046786666,0.054160083
stanlib_money_market_fund,33,0.050825821,0.0468483,0.05409512
stanlib_money_market_fund,34,0.050828254,0.046887029,0.054078167
stanlib_money_market_fund,35,0.05083103,0.046928253,0.053997063
stanlib_money_market_fund,36,0.050833435,0.046978972,0.053951565
stanlib_money_market_fund,37,0.050833922,0.047022234,0.053870917
stanlib_money_market_fund,38,0.050837447,0.047044117,0.053809688
stanlib_money_market_fund,39,0.050839313,0.047136314,0.053754504
stanlib_money_market_fund,40,0.050842181,0.047150464,0.053713847
stanlib_money_market_fund,41,0.050842133,0.047207012,0.053699328
stanlib_money_market_fund,42,0.050842731,0.047213191,0.05366403
stanlib_money_market_fund,43,0.050844693,0.047275346,0.053619944
stanlib_money_market_fund,44,0.050845554,0.047301831,0.053593259
stanlib_money_market_fund,45,0.050844939,0.047338908,0.053557148
stanlib_money_market_fund,46,0.050848701,0.04736138,0.053524998
stanlib_money_market_fund,47,0.050847621,0.047395016,0.053500485
stanlib_money_market_fund,48,0.050850684,0.047426169,0.053487768
stanlib_money_market_fund,49,0.050848936,0.047458868,0.053437459
stanlib_money_market_fund,50,0.0508529,0.047459095,0.053435649
stanlib_money_market_fund,51,0.050852133,0.047482529,0.053407459
stanlib_money_market_fund,52,0.050852938,0.047534381,0.053362099
stanlib_money_market_fund,53,0.050852304,0.04755485,0.05334344
stanlib_money_market_fund,54,0.050850906,0.047575368,0.053319432
stanlib_money_market_fund,55,0.050850423,0.047619951,0.053282916
stanlib_money_market_fund,56,0.050846254,0.04765944,0.05326735
stanlib_money_market_fund,57,0.050847267,0.047681772,0.053225652
stanlib_money_market_fund,58,0.050848996,0.04769313,0.053211077
stanlib_money_market_fund,59,0.050846316,0.047717816,0.05318275
stanlib_money_market_fund,60,0.050846541,0.047736517,0.053135336
stanlib_money_market_fund,61,0.050845967,0.04776294,0.053116393
stanlib_money_market_fund,62,0.050847821,0.047789278,0.053094538
stanlib_money_market_fund,63,0.050847227,0.04778796,0.053088702
stanlib_money_market_fund,64,0.050848075,0.047804945,0.053069108
stanlib_money_market_fund,65,0.050846807,0.047810228,0.053037484
stanlib_money_market_fund,66,0.050847809,0.047840057,0.053031267
stanlib_money_market_fund,67,0.050846245,0.047873969,0.053002494
stanlib_money_market_fund,68,0.050843835,0.047896504,0.05297419
stanlib_money_market_fund,69,0.05084385,0.047930912,0.052967984
stanlib_money_market_fund,70,0.050845783,0.047934936,0.052947337
stanlib_money_market_fund,71,0.050848222,0.047980594,0.052937477
stanlib_money_market_fund,72,0.050847792,0.047987253,0.05292176
stanlib_money_market_fund,73,0.050847367,0.047990905,0.05290872
stanlib_money_market_fund,74,0.050846712,0.048004031,0.052881773
stanlib_money_market_fund,75,0.050843444,0.048017697,0.052855767
stanlib_money_market_fund,76,0.050844303,0.048045387,0.052846405
stanlib_money_market_fund,77,0.050845557,0.048055027,0.052842033
stanlib_money_market_fund,78,0.050845209,0.048064104,0.052825989
stanlib_money_market_fund,79,0.050843367,0.048080298,0.052795854
stanlib_money_market_fund,80,0.05084321,0.048107084,0.052782709
stanlib_money_market_fund,81,0.05084426,0.04810653,0.052771325
stanlib_money_market_fund,82,0.050845353,0.04810969,0.052739021
stanlib_money_market_fund,83,0.050844446,0.048141932,0.052733082
stanlib_money_market_fund,84,0.050844049,0.048143954,0.052719467
stanlib_money_market_fund,85,0.05084293,0.048182333,0.052696888
stanlib_money_market_fund,86,0.05084389,0.048192978,0.052680234
stanlib_money_market_fund,87,0.050846265,0.048218429,0.05270606
stanlib_money_market_fund,88,0.050848607,0.04822989,0.052687254
stanlib_money_market_fund,89,0.050849515,0.048249193,0.052675336
stanlib_money_market_fund,90,0.050850318,0.048261323,0.052663006
stanlib_money_market_fund,91,0.050849727,0.048271149,0.052639423
stanlib_money_market_fund,92,0.050848824,0.048272699,0.052626308
stanlib_money_market_fund,93,0.050847441,0.048277806,0.052617467
stanlib_money_market_fund,94,0.050847268,0.048284844,0.052604277
stanlib_money_market_fund,95,0.05084815,0.048292601,0.052592801
stanlib_money_market_fund,96,0.05084871,0.048300311,0.052585703
stanlib_money_market_fund,97,0.050848676,0.048309676,0.052581644
stanlib_money_market_fund,98,0.050849056,0.048315733,0.052562994
stanlib_money_market_fund,99,0.050850709,0.048334663,0.052563945
stanlib_money_market_fund,100,0.050850434,0.048346414,0.052545699
stanlib_money_market_phasing_fund,1,0.050945962,0.030237089,0.071862627
stanlib_money_market_phasing_fund,2,0.050865751,0.035978816,0.065545111
stanlib_money_market_phasing_fund,3,0.050848013,0.038717298,0.062711419
stanlib_money_market_phasing_fund,4,0.05082256,0.040077971,0.061040622
stanlib_money_market_phasing_fund,5,0.050823271,0.041208176,0.059861807
stanlib_money_market_phasing_fund,6,0.050837078,0.041950158,0.059091473
stanlib_money_market_phasing_fund,7,0.050836368,0.042621886,0.058342122
stanlib_money_market_phasing_fund,8,0.050848248,0.043090339,0.057857625
stanlib_money_market_phasing_fund,9,0.05084131,0.043491973,0.05747149
stanlib_money_market_phasing_fund,10,0.05083678,0.043897088,0.057046955
stanlib_money_market_phasing_fund,11,0.050834027,0.044210677,0.05677865
stanlib_money_market_phasing_fund,12,0.050826686,0.044451513,0.056481521
stanlib_money_market_phasing_fund,13,0.050835834,0.044757642,0.056277884
stanlib_money_market_phasing_fund,14,0.05084048,0.044954783,0.056022001
stanlib_money_market_phasing_fund,15,0.050829991,0.045137797,0.05586293
stanlib_money_market_phasing_fund,16,0.050828677,0.04534455,0.055688415
stanlib_money_market_phasing_fund,17,0.050824987,0.045424512,0.055509568
stanlib_money_market_phasing_fund,18,0.050824305,0.045581644,0.055326907
stanlib_money_market_phasing_fund,19,0.050833856,0.045679877,0.055226926
stanlib_money_market_phasing_fund,20,0.050831736,0.045842158,0.055103275
stanlib_money_market_phasing_fund,21,0.050833699,0.045956142,0.054993533
stanlib_money_market_phasing_fund,22,0.050825098,0.046076104,0.05490702
stanlib_money_market_phasing_fund,23,0.050822543,0.046192862,0.054734894
stanlib_money_market_phasing_fund,24,0.0508184,0.046267735,0.054692987
stanlib_money_market_phasing_fund,25,0.050823537,0.046381809,0.054641911
stanlib_money_market_phasing_fund,26,0.050816558,0.046411831,0.054517347
stanlib_money_market_phasing_fund,27,0.050820668,0.046516901,0.054465786
stanlib_money_market_phasing_fund,28,0.050821903,0.046573561,0.054404038
stanlib_money_market_phasing_fund,29,0.050829006,0.046623441,0.05435852
stanlib_money_market_phasing_fund,30,0.050825924,0.046698704,0.054274159
stanlib_money_market_phasing_fund,31,0.050826979,0.046755438,0.054204114
stanlib_money_market_phasing_fund,32,0.050827188,0.046786666,0.054160083
stanlib_money_market_phasing_fund,33,0.050825821,0.0468483,0.05409512
stanlib_money_market_phasing_fund,34,0.050828254,0.046887029,0.054078167
stanlib_money_market_phasing_fund,35,0.05083103,0.046928253,0.053997063
stanlib_money_market_phasing_fund,36,0.050833435,0.046978972,0.053951565
stanlib_money_market_phasing_fund,37,0.050833922,0.047022234,0.053870917
stanlib_money_market_phasing_fund,38,0.050837447,0.047044117,0.053809688
stanlib_money_market_phasing_fund,39,0.050839313,0.047136314,0.053754504
stanlib_money_market_phasing_fund,40,0.050842181,0.047150464,0.053713847
stanlib_money_market_phasing_fund,41,0.050842133,0.047207012,0.053699328
stanlib_money_market_phasing_fund,42,0.050842731,0.047213191,0.05366403
stanlib_money_market_phasing_fund,43,0.050844693,0.047275346,0.053619944
stanlib_money_market_phasing_fund,44,0.050845554,0.047301831,0.053593259
stanlib_money_market_phasing_fund,45,0.050844939,0.047338908,0.053557148
stanlib_money_market_phasing_fund,46,0.050848701,0.04736138,0.053524998
stanlib_money_market_phasing_fund,47,0.050847621,0.047395016,0.053500485
stanlib_money_market_phasing_fund,48,0.050850684,0.047426169,0.053487768
stanlib_money_market_phasing_fund,49,0.050848936,0.047458868,0.053437459
stanlib_money_market_phasing_fund,50,0.0508529,0.047459095,0.053435649
stanlib_money_market_phasing_fund,51,0.050852133,0.047482529,0.053407459
stanlib_money_market_phasing_fund,52,0.050852938,0.047534381,0.053362099
stanlib_money_market_phasing_fund,53,0.050852304,0.04755485,0.05334344
stanlib_money_market_phasing_fund,54,0.050850906,0.047575368,0.053319432
stanlib_money_market_phasing_fund,55,0.050850423,0.047619951,0.053282916
stanlib_money_market_phasing_fund,56,0.050846254,0.04765944,0.05326735
stanlib_money_market_phasing_fund,57,0.050847267,0.047681772,0.053225652
stanlib_money_market_phasing_fund,58,0.050848996,0.04769313,0.053211077
stanlib_money_market_phasing_fund,59,0.050846316,0.047717816,0.05318275
stanlib_money_market_phasing_fund,60,0.050846541,0.047736517,0.053135336
stanlib_money_market_phasing_fund,61,0.050845967,0.04776294,0.053116393
stanlib_money_market_phasing_fund,62,0.050847821,0.047789278,0.053094538
stanlib_money_market_phasing_fund,63,0.050847227,0.04778796,0.053088702
stanlib_money_market_phasing_fund,64,0.050848075,0.047804945,0.053069108
stanlib_money_market_phasing_fund,65,0.050846807,0.047810228,0.053037484
stanlib_money_market_phasing_fund,66,0.050847809,0.047840057,0.053031267
stanlib_money_market_phasing_fund,67,0.050846245,0.047873969,0.053002494
stanlib_money_market_phasing_fund,68,0.050843835,0.047896504,0.05297419
stanlib_money_market_phasing_fund,69,0.05084385,0.047930912,0.052967984
stanlib_money_market_phasing_fund,70,0.050845783,0.047934936,0.052947337
stanlib_money_market_phasing_fund,71,0.050848222,0.047980594,0.052937477
stanlib_money_market_phasing_fund,72,0.050847792,0.047987253,0.05292176
stanlib_money_market_phasing_fund,73,0.050847367,0.047990905,0.05290872
stanlib_money_market_phasing_fund,74,0.050846712,0.048004031,0.052881773
stanlib_money_market_phasing_fund,75,0.050843444,0.048017697,0.052855767
stanlib_money_market_phasing_fund,76,0.050844303,0.048045387,0.052846405
stanlib_money_market_phasing_fund,77,0.050845557,0.048055027,0.052842033
stanlib_money_market_phasing_fund,78,0.050845209,0.048064104,0.052825989
stanlib_money_market_phasing_fund,79,0.050843367,0.048080298,0.052795854
stanlib_money_market_phasing_fund,80,0.05084321,0.048107084,0.052782709
stanlib_money_market_phasing_fund,81,0.05084426,0.04810653,0.052771325
stanlib_money_market_phasing_fund,82,0.050845353,0.04810969,0.052739021
stanlib_money_market_phasing_fund,83,0.050844446,0.048141932,0.052733082
stanlib_money_market_phasing_fund,84,0.050844049,0.048143954,0.052719467
stanlib_money_market_phasing_fund,85,0.05084293,0.048182333,0.052696888
stanlib_money_market_phasing_fund,86,0.05084389,0.048192978,0.052680234
stanlib_money_market_phasing_fund,87,0.050846265,0.048218429,0.05270606
stanlib_money_market_phasing_fund,88,0.050848607,0.04822989,0.052687254
stanlib_money_market_phasing_fund,89,0.050849515,0.048249193,0.052675336
stanlib_money_market_phasing_fund,90,0.050850318,0.048261323,0.052663006
stanlib_money_market_phasing_fund,91,0.050849727,0.048271149,0.052639423
stanlib_money_market_phasing_fund,92,0.050848824,0.048272699,0.052626308
stanlib_money_market_phasing_fund,93,0.050847441,0.048277806,0.052617467
stanlib_money_market_phasing_fund,94,0.050847268,0.048284844,0.052604277
stanlib_money_market_phasing_fund,95,0.05084815,0.048292601,0.052592801
stanlib_money_market_phasing_fund,96,0.05084871,0.048300311,0.052585703
stanlib_money_market_phasing_fund,97,0.050848676,0.048309676,0.052581644
stanlib_money_market_phasing_fund,98,0.050849056,0.048315733,0.052562994
stanlib_money_market_phasing_fund,99,0.050850709,0.048334663,0.052563945
stanlib_money_market_phasing_fund,100,0.050850434,0.048346414,0.052545699
stanlib_multi_asset_growth_fund,1,0.061581045,-0.157939456,0.282919396
stanlib_multi_asset_growth_fund,2,0.060611797,-0.102546681,0.214614431
stanlib_multi_asset_growth_fund,3,0.060880109,-0.074701864,0.18341154
stanlib_multi_asset_growth_fund,4,0.060552962,-0.058508002,0.16519641
stanlib_multi_asset_growth_fund,5,0.060602164,-0.04600344,0.152560213
stanlib_multi_asset_growth_fund,6,0.060790966,-0.038102328,0.143862308
stanlib_multi_asset_growth_fund,7,0.06068178,-0.031425907,0.136932566
stanlib_multi_asset_growth_fund,8,0.060940481,-0.025781563,0.131674479
stanlib_multi_asset_growth_fund,9,0.060960881,-0.02243755,0.127453214
stanlib_multi_asset_growth_fund,10,0.061020695,-0.018323198,0.123525302
stanlib_multi_asset_growth_fund,11,0.061097303,-0.01531414,0.119926737
stanlib_multi_asset_growth_fund,12,0.061028329,-0.012551963,0.116713571
stanlib_multi_asset_growth_fund,13,0.061063877,-0.010053079,0.114448813
stanlib_multi_asset_growth_fund,14,0.06104597,-0.008006365,0.111981533
stanlib_multi_asset_growth_fund,15,0.061072895,-0.005712412,0.110218175
stanlib_multi_asset_growth_fund,16,0.060951036,-0.003970509,0.108423397
stanlib_multi_asset_growth_fund,17,0.060847274,-0.002324366,0.106590761
stanlib_multi_asset_growth_fund,18,0.060927463,-0.000622644,0.105045499
stanlib_multi_asset_growth_fund,19,0.060976324,0.000836059,0.103212038
stanlib_multi_asset_growth_fund,20,0.060931771,0.002096356,0.101956843
stanlib_multi_asset_growth_fund,21,0.060875057,0.003941127,0.100838675
stanlib_multi_asset_growth_fund,22,0.060820976,0.004441757,0.099241876
stanlib_multi_asset_growth_fund,23,0.06083651,0.00544021,0.098528098
stanlib_multi_asset_growth_fund,24,0.06085391,0.006026347,0.097335285
stanlib_multi_asset_growth_fund,25,0.060905972,0.007031974,0.09641484
stanlib_multi_asset_growth_fund,26,0.060885145,0.007634039,0.095203264
stanlib_multi_asset_growth_fund,27,0.06090006,0.008470983,0.094423847
stanlib_multi_asset_growth_fund,28,0.060904025,0.009338863,0.093820833
stanlib_multi_asset_growth_fund,29,0.060868475,0.010139876,0.093512124
stanlib_multi_asset_growth_fund,30,0.060878605,0.01084932,0.092769982
stanlib_multi_asset_growth_fund,31,0.060834733,0.011336496,0.091841556
stanlib_multi_asset_growth_fund,32,0.06084937,0.011726352,0.091325892
stanlib_multi_asset_growth_fund,33,0.060840486,0.012420433,0.090559197
stanlib_multi_asset_growth_fund,34,0.060849735,0.01284064,0.0898796
stanlib_multi_asset_growth_fund,35,0.060867841,0.013417398,0.089328075
stanlib_multi_asset_growth_fund,36,0.060926435,0.014008719,0.088825866
stanlib_multi_asset_growth_fund,37,0.060896714,0.014483129,0.087904263
stanlib_multi_asset_growth_fund,38,0.060906789,0.014908356,0.08752387
stanlib_multi_asset_growth_fund,39,0.060950515,0.015287116,0.086977228
stanlib_multi_asset_growth_fund,40,0.060974506,0.015767524,0.086648615
stanlib_multi_asset_growth_fund,41,0.060966582,0.016315824,0.086215234
stanlib_multi_asset_growth_fund,42,0.060988639,0.016541277,0.085968582
stanlib_multi_asset_growth_fund,43,0.060991877,0.017318088,0.085745261
stanlib_multi_asset_growth_fund,44,0.060917068,0.017622044,0.085289804
stanlib_multi_asset_growth_fund,45,0.060914077,0.017752202,0.084731048
stanlib_multi_asset_growth_fund,46,0.06089672,0.018017017,0.084193622
stanlib_multi_asset_growth_fund,47,0.060914744,0.018439884,0.083842312
stanlib_multi_asset_growth_fund,48,0.060935273,0.01892217,0.083839526
stanlib_multi_asset_growth_fund,49,0.060924504,0.019099643,0.083467883
stanlib_multi_asset_growth_fund,50,0.060969124,0.019497575,0.083277315
stanlib_multi_asset_growth_fund,51,0.060968502,0.019792951,0.082988121
stanlib_multi_asset_growth_fund,52,0.060975418,0.020209783,0.082644656
stanlib_multi_asset_growth_fund,53,0.060976926,0.020434408,0.082266132
stanlib_multi_asset_growth_fund,54,0.060949554,0.020698156,0.082040372
stanlib_multi_asset_growth_fund,55,0.060957642,0.020655081,0.081665419
stanlib_multi_asset_growth_fund,56,0.060970715,0.021066079,0.081649336
stanlib_multi_asset_growth_fund,57,0.060981151,0.02128899,0.081383696
stanlib_multi_asset_growth_fund,58,0.06095116,0.021459194,0.08107884
stanlib_multi_asset_growth_fund,59,0.060918486,0.021737143,0.080719525
stanlib_multi_asset_growth_fund,60,0.060915932,0.022072071,0.080339329
stanlib_multi_asset_growth_fund,61,0.060977278,0.022371431,0.08035948
stanlib_multi_asset_growth_fund,62,0.060966558,0.022409832,0.080063521
stanlib_multi_asset_growth_fund,63,0.06099932,0.02261699,0.079805988
stanlib_multi_asset_growth_fund,64,0.060997101,0.022688376,0.079595317
stanlib_multi_asset_growth_fund,65,0.061039018,0.023030674,0.079582205
stanlib_multi_asset_growth_fund,66,0.061081558,0.02326202,0.079391488
stanlib_multi_asset_growth_fund,67,0.06108519,0.023511638,0.079060782
stanlib_multi_asset_growth_fund,68,0.061095227,0.0237907,0.078951581
stanlib_multi_asset_growth_fund,69,0.061099574,0.024057685,0.078700099
stanlib_multi_asset_growth_fund,70,0.06110873,0.02414229,0.078483874
stanlib_multi_asset_growth_fund,71,0.061151702,0.024455506,0.078321663
stanlib_multi_asset_growth_fund,72,0.061180684,0.024597089,0.07804915
stanlib_multi_asset_growth_fund,73,0.0611826,0.024661395,0.077877005
stanlib_multi_asset_growth_fund,74,0.061161314,0.024840431,0.077862823
stanlib_multi_asset_growth_fund,75,0.061194291,0.025159417,0.077644317
stanlib_multi_asset_growth_fund,76,0.061177554,0.025275288,0.077460512
stanlib_multi_asset_growth_fund,77,0.061121275,0.025614073,0.077122839
stanlib_multi_asset_growth_fund,78,0.061125842,0.025643333,0.077013988
stanlib_multi_asset_growth_fund,79,0.061135241,0.025830184,0.076793136
stanlib_multi_asset_growth_fund,80,0.061141743,0.026007449,0.076620442
stanlib_multi_asset_growth_fund,81,0.061139226,0.02617447,0.076409565
stanlib_multi_asset_growth_fund,82,0.061175948,0.026293999,0.076263215
stanlib_multi_asset_growth_fund,83,0.061165757,0.026405073,0.076103027
stanlib_multi_asset_growth_fund,84,0.061136399,0.026521624,0.076010095
stanlib_multi_asset_growth_fund,85,0.061129023,0.026707774,0.075845063
stanlib_multi_asset_growth_fund,86,0.061150923,0.026877631,0.075744207
stanlib_multi_asset_growth_fund,87,0.061171063,0.027057524,0.075717714
stanlib_multi_asset_growth_fund,88,0.061141764,0.027229796,0.075554491
stanlib_multi_asset_growth_fund,89,0.061137533,0.027363386,0.075382158
stanlib_multi_asset_growth_fund,90,0.061141379,0.027409217,0.075357254
stanlib_multi_asset_growth_fund,91,0.061117577,0.027598161,0.075205646
stanlib_multi_asset_growth_fund,92,0.061114741,0.027815319,0.074983755
stanlib_multi_asset_growth_fund,93,0.061154994,0.027879915,0.074743313
stanlib_multi_asset_growth_fund,94,0.061099459,0.027946815,0.074591367
stanlib_multi_asset_growth_fund,95,0.061130708,0.028171273,0.074384817
stanlib_multi_asset_growth_fund,96,0.06111639,0.028244299,0.074252804
stanlib_multi_asset_growth_fund,97,0.061108431,0.028323258,0.074171024
stanlib_multi_asset_growth_fund,98,0.061179888,0.028474336,0.074121217
stanlib_multi_asset_growth_fund,99,0.061207005,0.028622097,0.07407079
stanlib_multi_asset_growth_fund,100,0.061194225,0.028657213,0.07389735
stanlib_multi_manager_shari_ah_balanced_fof,1,0.06364939,-0.164572723,0.293913227
stanlib_multi_manager_shari_ah_balanced_fof,2,0.062743608,-0.106991599,0.222648015
stanlib_multi_manager_shari_ah_balanced_fof,3,0.063113278,-0.07803196,0.19044088
stanlib_multi_manager_shari_ah_balanced_fof,4,0.062820662,-0.061353826,0.171694078
stanlib_multi_manager_shari_ah_balanced_fof,5,0.062831757,-0.048357868,0.158322169
stanlib_multi_manager_shari_ah_balanced_fof,6,0.063000137,-0.04009095,0.149219801
stanlib_multi_manager_shari_ah_balanced_fof,7,0.062913208,-0.033065203,0.141918162
stanlib_multi_manager_shari_ah_balanced_fof,8,0.063153777,-0.027283042,0.136534032
stanlib_multi_manager_shari_ah_balanced_fof,9,0.06314554,-0.023703068,0.132113087
stanlib_multi_manager_shari_ah_balanced_fof,10,0.063172614,-0.019540288,0.127849127
stanlib_multi_manager_shari_ah_balanced_fof,11,0.063234615,-0.016335238,0.12416786
stanlib_multi_manager_shari_ah_balanced_fof,12,0.063142228,-0.013559058,0.120854723
stanlib_multi_manager_shari_ah_balanced_fof,13,0.063201284,-0.010807561,0.118553815
stanlib_multi_manager_shari_ah_balanced_fof,14,0.063188439,-0.008724459,0.115905655
stanlib_multi_manager_shari_ah_balanced_fof,15,0.063181732,-0.006334378,0.114193126
stanlib_multi_manager_shari_ah_balanced_fof,16,0.06303226,-0.004476486,0.112192192
stanlib_multi_manager_shari_ah_balanced_fof,17,0.062952706,-0.002788731,0.110240988
stanlib_multi_manager_shari_ah_balanced_fof,18,0.063034747,-0.00106208,0.108640981
stanlib_multi_manager_shari_ah_balanced_fof,19,0.063097339,0.000396972,0.106879223
stanlib_multi_manager_shari_ah_balanced_fof,20,0.063045033,0.001675937,0.105603099
stanlib_multi_manager_shari_ah_balanced_fof,21,0.063012052,0.003556521,0.104357189
stanlib_multi_manager_shari_ah_balanced_fof,22,0.06296323,0.004149424,0.102798652
stanlib_multi_manager_shari_ah_balanced_fof,23,0.06298442,0.005213508,0.102010845
stanlib_multi_manager_shari_ah_balanced_fof,24,0.063006362,0.00591753,0.100866588
stanlib_multi_manager_shari_ah_balanced_fof,25,0.063061055,0.006931917,0.099938408
stanlib_multi_manager_shari_ah_balanced_fof,26,0.063046294,0.00757697,0.098655287
stanlib_multi_manager_shari_ah_balanced_fof,27,0.063052399,0.008457332,0.097798829
stanlib_multi_manager_shari_ah_balanced_fof,28,0.063038586,0.009337894,0.097181808
stanlib_multi_manager_shari_ah_balanced_fof,29,0.063011027,0.01015977,0.096805572
stanlib_multi_manager_shari_ah_balanced_fof,30,0.063007455,0.010937947,0.096036936
stanlib_multi_manager_shari_ah_balanced_fof,31,0.062973224,0.011361382,0.095131314
stanlib_multi_manager_shari_ah_balanced_fof,32,0.062997335,0.011767632,0.094626639
stanlib_multi_manager_shari_ah_balanced_fof,33,0.062982072,0.012514435,0.093829784
stanlib_multi_manager_shari_ah_balanced_fof,34,0.062998063,0.012944853,0.093217764
stanlib_multi_manager_shari_ah_balanced_fof,35,0.063027414,0.013544967,0.092524309
stanlib_multi_manager_shari_ah_balanced_fof,36,0.063084865,0.014153426,0.092077958
stanlib_multi_manager_shari_ah_balanced_fof,37,0.063051727,0.014645825,0.091151872
stanlib_multi_manager_shari_ah_balanced_fof,38,0.063062626,0.015123773,0.090711315
stanlib_multi_manager_shari_ah_balanced_fof,39,0.063107292,0.015568043,0.090191676
stanlib_multi_manager_shari_ah_balanced_fof,40,0.063131186,0.016048155,0.089770563
stanlib_multi_manager_shari_ah_balanced_fof,41,0.063112723,0.01661981,0.089320364
stanlib_multi_manager_shari_ah_balanced_fof,42,0.063118886,0.016844791,0.089067019
stanlib_multi_manager_shari_ah_balanced_fof,43,0.063117639,0.017632542,0.088793293
stanlib_multi_manager_shari_ah_balanced_fof,44,0.06303799,0.017965962,0.088254062
stanlib_multi_manager_shari_ah_balanced_fof,45,0.063038977,0.018099248,0.087712488
stanlib_multi_manager_shari_ah_balanced_fof,46,0.063035502,0.01839353,0.087248432
stanlib_multi_manager_shari_ah_balanced_fof,47,0.063055175,0.018820513,0.086894678
stanlib_multi_manager_shari_ah_balanced_fof,48,0.0630655,0.019345086,0.086856998
stanlib_multi_manager_shari_ah_balanced_fof,49,0.063044292,0.019571632,0.086475571
stanlib_multi_manager_shari_ah_balanced_fof,50,0.0630957,0.019945615,0.086258131
stanlib_multi_manager_shari_ah_balanced_fof,51,0.063089483,0.020226045,0.08595679
stanlib_multi_manager_shari_ah_balanced_fof,52,0.063090572,0.020686394,0.085565671
stanlib_multi_manager_shari_ah_balanced_fof,53,0.063089383,0.020928424,0.085188425
stanlib_multi_manager_shari_ah_balanced_fof,54,0.063072274,0.021182099,0.084955729
stanlib_multi_manager_shari_ah_balanced_fof,55,0.063082232,0.021158644,0.084544344
stanlib_multi_manager_shari_ah_balanced_fof,56,0.063093111,0.02158456,0.084492045
stanlib_multi_manager_shari_ah_balanced_fof,57,0.063103924,0.021841159,0.084201284
stanlib_multi_manager_shari_ah_balanced_fof,58,0.063076343,0.02204152,0.083909996
stanlib_multi_manager_shari_ah_balanced_fof,59,0.063042514,0.022317727,0.083556979
stanlib_multi_manager_shari_ah_balanced_fof,60,0.063039909,0.022683094,0.083162261
stanlib_multi_manager_shari_ah_balanced_fof,61,0.063091805,0.022967712,0.083156988
stanlib_multi_manager_shari_ah_balanced_fof,62,0.063085429,0.023016566,0.082863346
stanlib_multi_manager_shari_ah_balanced_fof,63,0.063115556,0.023198435,0.08259987
stanlib_multi_manager_shari_ah_balanced_fof,64,0.063110234,0.023320301,0.08238969
stanlib_multi_manager_shari_ah_balanced_fof,65,0.06315416,0.023618207,0.082338137
stanlib_multi_manager_shari_ah_balanced_fof,66,0.063194667,0.023838666,0.082147029
stanlib_multi_manager_shari_ah_balanced_fof,67,0.063199216,0.024144169,0.081834272
stanlib_multi_manager_shari_ah_balanced_fof,68,0.063201869,0.024416028,0.081680877
stanlib_multi_manager_shari_ah_balanced_fof,69,0.063209331,0.024689654,0.081426663
stanlib_multi_manager_shari_ah_balanced_fof,70,0.063219727,0.02478046,0.08121644
stanlib_multi_manager_shari_ah_balanced_fof,71,0.063257627,0.025118865,0.081062775
stanlib_multi_manager_shari_ah_balanced_fof,72,0.063281993,0.025273102,0.08076806
stanlib_multi_manager_shari_ah_balanced_fof,73,0.063289483,0.025342974,0.080598255
stanlib_multi_manager_shari_ah_balanced_fof,74,0.063273493,0.025516902,0.08055232
stanlib_multi_manager_shari_ah_balanced_fof,75,0.063297776,0.025824987,0.080357877
stanlib_multi_manager_shari_ah_balanced_fof,76,0.063294576,0.025932448,0.080167329
stanlib_multi_manager_shari_ah_balanced_fof,77,0.063241384,0.026270434,0.079819206
stanlib_multi_manager_shari_ah_balanced_fof,78,0.063250072,0.026291223,0.079717286
stanlib_multi_manager_shari_ah_balanced_fof,79,0.06325601,0.026486285,0.079458947
stanlib_multi_manager_shari_ah_balanced_fof,80,0.063266151,0.026651496,0.079292347
stanlib_multi_manager_shari_ah_balanced_fof,81,0.063269805,0.026837853,0.079093961
stanlib_multi_manager_shari_ah_balanced_fof,82,0.063298936,0.026932984,0.078922301
stanlib_multi_manager_shari_ah_balanced_fof,83,0.063283689,0.02708545,0.078734137
stanlib_multi_manager_shari_ah_balanced_fof,84,0.063249687,0.027197036,0.078621955
stanlib_multi_manager_shari_ah_balanced_fof,85,0.063242717,0.027395715,0.078455462
stanlib_multi_manager_shari_ah_balanced_fof,86,0.06326445,0.027573187,0.078337742
stanlib_multi_manager_shari_ah_balanced_fof,87,0.063284693,0.027771572,0.078301742
stanlib_multi_manager_shari_ah_balanced_fof,88,0.063263145,0.027937363,0.078148921
stanlib_multi_manager_shari_ah_balanced_fof,89,0.063258227,0.028088716,0.077938404
stanlib_multi_manager_shari_ah_balanced_fof,90,0.063262914,0.028145974,0.07790376
stanlib_multi_manager_shari_ah_balanced_fof,91,0.063232477,0.028334993,0.077754962
stanlib_multi_manager_shari_ah_balanced_fof,92,0.063228112,0.02855069,0.077518193
stanlib_multi_manager_shari_ah_balanced_fof,93,0.063268268,0.028605659,0.077283165
stanlib_multi_manager_shari_ah_balanced_fof,94,0.063215826,0.028679048,0.077122451
stanlib_multi_manager_shari_ah_balanced_fof,95,0.063245403,0.028880636,0.076921614
stanlib_multi_manager_shari_ah_balanced_fof,96,0.063238011,0.028961919,0.076803818
stanlib_multi_manager_shari_ah_balanced_fof,97,0.063234576,0.029054235,0.076716204
stanlib_multi_manager_shari_ah_balanced_fof,98,0.063300566,0.029206197,0.076680054
stanlib_multi_manager_shari_ah_balanced_fof,99,0.063331716,0.02936345,0.076630759
stanlib_multi_manager_shari_ah_balanced_fof,100,0.063318582,0.029436507,0.076466891
stanlib_property_income_fund,1,0.009902805,-0.272245621,0.297729007
stanlib_property_income_fund,2,0.00929853,-0.199635523,0.207515168
stanlib_property_income_fund,3,0.009407131,-0.166358218,0.166032217
stanlib_property_income_fund,4,0.009462905,-0.148054666,0.144962764
stanlib_property_income_fund,5,0.009919164,-0.133633162,0.129864979
stanlib_property_income_fund,6,0.009944138,-0.121856401,0.116926194
stanlib_property_income_fund,7,0.009773877,-0.112980519,0.104593064
stanlib_property_income_fund,8,0.009893667,-0.107060395,0.099910911
stanlib_property_income_fund,9,0.009605479,-0.102311009,0.094117661
stanlib_property_income_fund,10,0.009958709,-0.097103432,0.088373767
stanlib_property_income_fund,11,0.009747383,-0.092783904,0.084249533
stanlib_property_income_fund,12,0.009916514,-0.089404089,0.079393827
stanlib_property_income_fund,13,0.009862546,-0.086029663,0.076893669
stanlib_property_income_fund,14,0.00965215,-0.083487105,0.073087046
stanlib_property_income_fund,15,0.009812546,-0.079573139,0.070715663
stanlib_property_income_fund,16,0.009909229,-0.076563695,0.068558754
stanlib_property_income_fund,17,0.009959374,-0.074763648,0.066643676
stanlib_property_income_fund,18,0.010043448,-0.073440508,0.064965706
stanlib_property_income_fund,19,0.009982236,-0.071493368,0.062970277
stanlib_property_income_fund,20,0.009813041,-0.070224733,0.06045903
stanlib_property_income_fund,21,0.009905912,-0.068421457,0.059489766
stanlib_property_income_fund,22,0.009806303,-0.066927125,0.057609953
stanlib_property_income_fund,23,0.009648082,-0.06602661,0.05518969
stanlib_property_income_fund,24,0.009886522,-0.065281679,0.054082849
stanlib_property_income_fund,25,0.009993647,-0.064121503,0.053220115
stanlib_property_income_fund,26,0.009986639,-0.062201851,0.052214916
stanlib_property_income_fund,27,0.009966269,-0.061271123,0.051250476
stanlib_property_income_fund,28,0.009983143,-0.06056429,0.049735465
stanlib_property_income_fund,29,0.010064231,-0.059063292,0.049360933
stanlib_property_income_fund,30,0.010024472,-0.058571528,0.048347959
stanlib_property_income_fund,31,0.010027126,-0.058185704,0.047464096
stanlib_property_income_fund,32,0.010042384,-0.057526616,0.046871788
stanlib_property_income_fund,33,0.010083614,-0.056886139,0.045957706
stanlib_property_income_fund,34,0.010144784,-0.056187422,0.045255345
stanlib_property_income_fund,35,0.010293225,-0.055284845,0.044664451
stanlib_property_income_fund,36,0.010193404,-0.055063062,0.04398513
stanlib_property_income_fund,37,0.010139732,-0.054559142,0.042923817
stanlib_property_income_fund,38,0.010048925,-0.053717044,0.042666133
stanlib_property_income_fund,39,0.010040784,-0.053054001,0.041968883
stanlib_property_income_fund,40,0.010060172,-0.052006932,0.041633355
stanlib_property_income_fund,41,0.009990087,-0.051321134,0.041062765
stanlib_property_income_fund,42,0.010064879,-0.050386595,0.040593302
stanlib_property_income_fund,43,0.009964887,-0.049756206,0.039936964
stanlib_property_income_fund,44,0.010062959,-0.049461356,0.03913311
stanlib_property_income_fund,45,0.010013981,-0.049194785,0.038308269
stanlib_property_income_fund,46,0.009899681,-0.04883242,0.037898615
stanlib_property_income_fund,47,0.009907997,-0.048077871,0.037622743
stanlib_property_income_fund,48,0.009989347,-0.048141041,0.037306136
stanlib_property_income_fund,49,0.009858359,-0.04803153,0.037013174
stanlib_property_income_fund,50,0.009852277,-0.047858602,0.036573723
stanlib_property_income_fund,51,0.009798226,-0.047245542,0.036374879
stanlib_property_income_fund,52,0.009827468,-0.047013393,0.035505242
stanlib_property_income_fund,53,0.009894312,-0.046800567,0.034962198
stanlib_property_income_fund,54,0.009880217,-0.046366631,0.034644656
stanlib_property_income_fund,55,0.009771335,-0.045778086,0.034107614
stanlib_property_income_fund,56,0.009797578,-0.045325667,0.033942346
stanlib_property_income_fund,57,0.009781445,-0.044937115,0.033449804
stanlib_property_income_fund,58,0.009774185,-0.044733453,0.033348749
stanlib_property_income_fund,59,0.009845258,-0.044541894,0.032836096
stanlib_property_income_fund,60,0.009839463,-0.044123321,0.032698724
stanlib_property_income_fund,61,0.00976667,-0.043823451,0.032120255
stanlib_property_income_fund,62,0.00976892,-0.043170315,0.031704596
stanlib_property_income_fund,63,0.009748486,-0.042917392,0.031697747
stanlib_property_income_fund,64,0.009678323,-0.042364317,0.031180196
stanlib_property_income_fund,65,0.009666934,-0.042255494,0.030992046
stanlib_property_income_fund,66,0.009813069,-0.042022269,0.030613052
stanlib_property_income_fund,67,0.009834047,-0.041712475,0.030486319
stanlib_property_income_fund,68,0.009811579,-0.041448244,0.030130991
stanlib_property_income_fund,69,0.009779219,-0.041178645,0.029716753
stanlib_property_income_fund,70,0.009787617,-0.041258878,0.029306869
stanlib_property_income_fund,71,0.009889503,-0.041082756,0.029011445
stanlib_property_income_fund,72,0.009801504,-0.040410175,0.028915308
stanlib_property_income_fund,73,0.009841286,-0.040501726,0.029003054
stanlib_property_income_fund,74,0.009841841,-0.040052249,0.0285534
stanlib_property_income_fund,75,0.00989865,-0.039620547,0.028326066
stanlib_property_income_fund,76,0.009837962,-0.039583686,0.028135436
stanlib_property_income_fund,77,0.009870612,-0.039313021,0.027956014
stanlib_property_income_fund,78,0.009789895,-0.038945709,0.027860296
stanlib_property_income_fund,79,0.009755635,-0.039040076,0.027679736
stanlib_property_income_fund,80,0.009769558,-0.038919291,0.027548214
stanlib_property_income_fund,81,0.009729552,-0.038475463,0.027025896
stanlib_property_income_fund,82,0.009826476,-0.038109496,0.026649458
stanlib_property_income_fund,83,0.009870656,-0.03787773,0.026279304
stanlib_property_income_fund,84,0.009938139,-0.037707799,0.026161786
stanlib_property_income_fund,85,0.009913965,-0.037835893,0.026159329
stanlib_property_income_fund,86,0.009866436,-0.037453921,0.026218593
stanlib_property_income_fund,87,0.009882878,-0.037396864,0.025885403
stanlib_property_income_fund,88,0.009925446,-0.037501537,0.025681015
stanlib_property_income_fund,89,0.009866782,-0.037420801,0.025293365
stanlib_property_income_fund,90,0.009796403,-0.036980013,0.025077906
stanlib_property_income_fund,91,0.009772698,-0.036939268,0.025436418
stanlib_property_income_fund,92,0.00976185,-0.036639126,0.024941501
stanlib_property_income_fund,93,0.009740821,-0.036742928,0.024631692
stanlib_property_income_fund,94,0.009704037,-0.036384003,0.024803523
stanlib_property_income_fund,95,0.009667009,-0.036261982,0.024601257
stanlib_property_income_fund,96,0.009659946,-0.036148518,0.024417166
stanlib_property_income_fund,97,0.009700043,-0.035834935,0.024385305
stanlib_property_income_fund,98,0.009659789,-0.035568269,0.024070514
stanlib_property_income_fund,99,0.009624441,-0.035806496,0.024039742
stanlib_property_income_fund,100,0.009749483,-0.035343625,0.023739593
templeton_global_balanced,1,0.046738833,-0.15482337,0.25148423
templeton_global_balanced,2,0.046699497,-0.104561136,0.188516424
templeton_global_balanced,3,0.047511356,-0.078231157,0.16065686
templeton_global_balanced,4,0.047776667,-0.062411546,0.145258081
templeton_global_balanced,5,0.047804603,-0.051199418,0.133012652
templeton_global_balanced,6,0.04797528,-0.043502733,0.124743716
templeton_global_balanced,7,0.047887082,-0.038231945,0.117832436
templeton_global_balanced,8,0.048021355,-0.033209724,0.113511296
templeton_global_balanced,9,0.04795199,-0.029470572,0.109606514
templeton_global_balanced,10,0.0478923,-0.025956228,0.105427704
templeton_global_balanced,11,0.048043946,-0.023081886,0.102444282
templeton_global_balanced,12,0.047879463,-0.020570578,0.099332156
templeton_global_balanced,13,0.047908299,-0.017678911,0.097111653
templeton_global_balanced,14,0.047898096,-0.016056532,0.094747426
templeton_global_balanced,15,0.04787638,-0.013933975,0.093577002
templeton_global_balanced,16,0.047620732,-0.012056039,0.091454313
templeton_global_balanced,17,0.047727356,-0.010381392,0.089779403
templeton_global_balanced,18,0.047851347,-0.009147061,0.088426218
templeton_global_balanced,19,0.047950255,-0.007852417,0.087229337
templeton_global_balanced,20,0.047865441,-0.006851102,0.086477584
templeton_global_balanced,21,0.047823812,-0.005113012,0.084933373
templeton_global_balanced,22,0.04781116,-0.004598557,0.083438625
templeton_global_balanced,23,0.047884602,-0.003658208,0.083216981
templeton_global_balanced,24,0.047961804,-0.003086915,0.08244062
templeton_global_balanced,25,0.0479654,-0.002212275,0.081573064
templeton_global_balanced,26,0.047991176,-0.001150134,0.080258823
templeton_global_balanced,27,0.047966155,-0.000605946,0.079195093
templeton_global_balanced,28,0.047894532,0.00020461,0.078717663
templeton_global_balanced,29,0.047830219,0.000940638,0.078244425
templeton_global_balanced,30,0.047813879,0.001734374,0.077786494
templeton_global_balanced,31,0.047855845,0.001793531,0.077272428
templeton_global_balanced,32,0.047907513,0.002292641,0.076664951
templeton_global_balanced,33,0.047894759,0.003126258,0.076209409
templeton_global_balanced,34,0.047919282,0.003457381,0.075450288
templeton_global_balanced,35,0.047996492,0.004247247,0.074914097
templeton_global_balanced,36,0.048032759,0.00476515,0.07452347
templeton_global_balanced,37,0.048041077,0.005118717,0.073948604
templeton_global_balanced,38,0.048049922,0.005642935,0.07346847
templeton_global_balanced,39,0.048071618,0.005928989,0.073205511
templeton_global_balanced,40,0.048095039,0.006239714,0.072798888
templeton_global_balanced,41,0.048052503,0.006832145,0.07233626
templeton_global_balanced,42,0.048005374,0.006828701,0.071884615
templeton_global_balanced,43,0.047997969,0.007669488,0.071614131
templeton_global_balanced,44,0.047888689,0.007972221,0.070872937
templeton_global_balanced,45,0.047904972,0.007873615,0.070521559
templeton_global_balanced,46,0.047899686,0.008253285,0.070310908
templeton_global_balanced,47,0.047914745,0.008622845,0.070033681
templeton_global_balanced,48,0.047911414,0.009313288,0.069826128
templeton_global_balanced,49,0.047852158,0.009714622,0.069700832
templeton_global_balanced,50,0.047923121,0.010057422,0.069392005
templeton_global_balanced,51,0.04789749,0.010267563,0.06917241
templeton_global_balanced,52,0.047904785,0.010615304,0.068799701
templeton_global_balanced,53,0.04787978,0.01094201,0.068435629
templeton_global_balanced,54,0.04788392,0.011198518,0.068033657
templeton_global_balanced,55,0.047872928,0.010984461,0.067576608
templeton_global_balanced,56,0.047880533,0.011346498,0.067370307
templeton_global_balanced,57,0.047899334,0.011649165,0.067227227
templeton_global_balanced,58,0.047856512,0.011785746,0.067045522
templeton_global_balanced,59,0.047833189,0.011998232,0.066599806
templeton_global_balanced,60,0.047802729,0.012458535,0.066331344
templeton_global_balanced,61,0.047847194,0.012584776,0.066387806
templeton_global_balanced,62,0.047862774,0.012520108,0.066118727
templeton_global_balanced,63,0.047904493,0.012655089,0.065794588
templeton_global_balanced,64,0.047888067,0.01297385,0.065599584
templeton_global_balanced,65,0.047957448,0.013264612,0.06549434
templeton_global_balanced,66,0.048013802,0.013370713,0.065345059
templeton_global_balanced,67,0.048001055,0.01380342,0.065098559
templeton_global_balanced,68,0.048002447,0.013847957,0.064990508
templeton_global_balanced,69,0.048014431,0.014162733,0.06474723
templeton_global_balanced,70,0.048040736,0.014368978,0.064608947
templeton_global_balanced,71,0.048050092,0.014705328,0.064480625
templeton_global_balanced,72,0.048048104,0.014853114,0.064129754
templeton_global_balanced,73,0.048076843,0.014946989,0.064045777
templeton_global_balanced,74,0.048071906,0.015089637,0.064196501
templeton_global_balanced,75,0.04809461,0.01529334,0.063995086
templeton_global_balanced,76,0.048137822,0.01533807,0.063813873
templeton_global_balanced,77,0.048109336,0.015664779,0.063392019
templeton_global_balanced,78,0.048126819,0.015588495,0.063369609
templeton_global_balanced,79,0.048129112,0.015776425,0.06312203
templeton_global_balanced,80,0.048153607,0.015875163,0.062827575
templeton_global_balanced,81,0.048136368,0.016138752,0.06274711
templeton_global_balanced,82,0.048134703,0.016226039,0.062585738
templeton_global_balanced,83,0.048079383,0.016461207,0.062311845
templeton_global_balanced,84,0.048037948,0.016534943,0.062205299
templeton_global_balanced,85,0.048050244,0.016702234,0.062071236
templeton_global_balanced,86,0.048054277,0.016950032,0.061937762
templeton_global_balanced,87,0.04806683,0.017155801,0.061846969
templeton_global_balanced,88,0.048052436,0.017201979,0.061790923
templeton_global_balanced,89,0.048033941,0.017358249,0.061636329
templeton_global_balanced,90,0.04801318,0.017394025,0.061492823
templeton_global_balanced,91,0.047962471,0.017561205,0.061373752
templeton_global_balanced,92,0.047973316,0.017789883,0.061238986
templeton_global_balanced,93,0.048019361,0.017852141,0.06102556
templeton_global_balanced,94,0.047946962,0.017856987,0.060720012
templeton_global_balanced,95,0.048005322,0.017957228,0.060636735
templeton_global_balanced,96,0.047979338,0.017949093,0.060571783
templeton_global_balanced,97,0.047985965,0.018070397,0.060542446
templeton_global_balanced,98,0.048090902,0.018251192,0.060431922
templeton_global_balanced,99,0.048128434,0.018431422,0.060439415
templeton_global_balanced,100,0.048101146,0.018503087,0.060254755
trg_moderate_prescient_fund_of_funds,1,0.057073087,-0.147724567,0.26368934
trg_moderate_prescient_fund_of_funds,2,0.056320491,-0.095427866,0.199976551
trg_moderate_prescient_fund_of_funds,3,0.05657152,-0.069374949,0.171095829
trg_moderate_prescient_fund_of_funds,4,0.05630575,-0.054484034,0.154251395
trg_moderate_prescient_fund_of_funds,5,0.056344478,-0.042901143,0.142352354
trg_moderate_prescient_fund_of_funds,6,0.056506135,-0.035484627,0.134231827
trg_moderate_prescient_fund_of_funds,7,0.056417883,-0.029179108,0.127599807
trg_moderate_prescient_fund_of_funds,8,0.056628216,-0.024045377,0.122713211
trg_moderate_prescient_fund_of_funds,9,0.056622368,-0.020775259,0.118807243
trg_moderate_prescient_fund_of_funds,10,0.056660379,-0.016981078,0.115050872
trg_moderate_prescient_fund_of_funds,11,0.056722268,-0.014093437,0.111795163
trg_moderate_prescient_fund_of_funds,12,0.056653979,-0.011537544,0.108832982
trg_moderate_prescient_fund_of_funds,13,0.0566926,-0.009149708,0.106738485
trg_moderate_prescient_fund_of_funds,14,0.056683,-0.007218574,0.104424816
trg_moderate_prescient_fund_of_funds,15,0.056682848,-0.005136632,0.10278928
trg_moderate_prescient_fund_of_funds,16,0.056573765,-0.003425336,0.101106586
trg_moderate_prescient_fund_of_funds,17,0.056495786,-0.001982675,0.099383438
trg_moderate_prescient_fund_of_funds,18,0.056561255,-0.000423515,0.097915979
trg_moderate_prescient_fund_of_funds,19,0.056612446,0.000890718,0.096311368
trg_moderate_prescient_fund_of_funds,20,0.056573482,0.002112982,0.095118927
trg_moderate_prescient_fund_of_funds,21,0.056537897,0.003757833,0.094056698
trg_moderate_prescient_fund_of_funds,22,0.056491792,0.00433634,0.092668044
trg_moderate_prescient_fund_of_funds,23,0.056504951,0.00530187,0.091886688
trg_moderate_prescient_fund_of_funds,24,0.056516756,0.005865075,0.090854218
trg_moderate_prescient_fund_of_funds,25,0.056564685,0.006821006,0.090044275
trg_moderate_prescient_fund_of_funds,26,0.056541563,0.0073835,0.088904599
trg_moderate_prescient_fund_of_funds,27,0.056554606,0.008188243,0.088191788
trg_moderate_prescient_fund_of_funds,28,0.056554435,0.008968264,0.08762693
trg_moderate_prescient_fund_of_funds,29,0.056533506,0.009696416,0.08728796
trg_moderate_prescient_fund_of_funds,30,0.05653179,0.010350612,0.086592957
trg_moderate_prescient_fund_of_funds,31,0.056506835,0.010804398,0.085781469
trg_moderate_prescient_fund_of_funds,32,0.056522867,0.01115137,0.085303394
trg_moderate_prescient_fund_of_funds,33,0.05651349,0.011806433,0.084613207
trg_moderate_prescient_fund_of_funds,34,0.056524388,0.012187531,0.084032611
trg_moderate_prescient_fund_of_funds,35,0.056547119,0.0127183,0.083464991
trg_moderate_prescient_fund_of_funds,36,0.056597393,0.013262982,0.083008619
trg_moderate_prescient_fund_of_funds,37,0.056572671,0.013700139,0.082168426
trg_moderate_prescient_fund_of_funds,38,0.056584357,0.014115636,0.081776154
trg_moderate_prescient_fund_of_funds,39,0.056624387,0.014528126,0.081276002
trg_moderate_prescient_fund_of_funds,40,0.056645913,0.014957642,0.08095315
trg_moderate_prescient_fund_of_funds,41,0.056635651,0.015467051,0.080568897
trg_moderate_prescient_fund_of_funds,42,0.056648623,0.015655825,0.080309746
trg_moderate_prescient_fund_of_funds,43,0.056652154,0.016357964,0.080065217
trg_moderate_prescient_fund_of_funds,44,0.056592316,0.016625822,0.079624117
trg_moderate_prescient_fund_of_funds,45,0.056589841,0.016788417,0.079129889
trg_moderate_prescient_fund_of_funds,46,0.056582305,0.017028244,0.078681171
trg_moderate_prescient_fund_of_funds,47,0.056595654,0.017411612,0.078366662
trg_moderate_prescient_fund_of_funds,48,0.056612582,0.017838715,0.078334312
trg_moderate_prescient_fund_of_funds,49,0.056596853,0.018040555,0.077962555
trg_moderate_prescient_fund_of_funds,50,0.056638382,0.018360718,0.077799712
trg_moderate_prescient_fund_of_funds,51,0.056634136,0.018628181,0.077522975
trg_moderate_prescient_fund_of_funds,52,0.056639272,0.019026722,0.077186179
trg_moderate_prescient_fund_of_funds,53,0.056637767,0.019259837,0.07685628
trg_moderate_prescient_fund_of_funds,54,0.056618769,0.019488188,0.076643962
trg_moderate_prescient_fund_of_funds,55,0.056624056,0.01950398,0.076279104
trg_moderate_prescient_fund_of_funds,56,0.056630706,0.019888824,0.076247235
trg_moderate_prescient_fund_of_funds,57,0.056640588,0.020103279,0.075977329
trg_moderate_prescient_fund_of_funds,58,0.056617861,0.020281964,0.075720662
trg_moderate_prescient_fund_of_funds,59,0.056587591,0.020514044,0.075408898
trg_moderate_prescient_fund_of_funds,60,0.056585668,0.020822602,0.075038237
trg_moderate_prescient_fund_of_funds,61,0.056633088,0.021093425,0.07502118
trg_moderate_prescient_fund_of_funds,62,0.056628584,0.021153726,0.074756799
trg_moderate_prescient_fund_of_funds,63,0.056653518,0.021326497,0.07454321
trg_moderate_prescient_fund_of_funds,64,0.056651294,0.021416186,0.074341931
trg_moderate_prescient_fund_of_funds,65,0.056685568,0.021693129,0.074284941
trg_moderate_prescient_fund_of_funds,66,0.056721782,0.021905662,0.074118352
trg_moderate_prescient_fund_of_funds,67,0.056723446,0.022153532,0.073830505
trg_moderate_prescient_fund_of_funds,68,0.05672704,0.022408029,0.073695533
trg_moderate_prescient_fund_of_funds,69,0.056731303,0.022655249,0.073473025
trg_moderate_prescient_fund_of_funds,70,0.056742774,0.02273436,0.073278628
trg_moderate_prescient_fund_of_funds,71,0.056777707,0.023036721,0.073130026
trg_moderate_prescient_fund_of_funds,72,0.056798742,0.02316907,0.072883367
trg_moderate_prescient_fund_of_funds,73,0.056799558,0.023228536,0.072733407
trg_moderate_prescient_fund_of_funds,74,0.056783082,0.023395981,0.072697437
trg_moderate_prescient_fund_of_funds,75,0.056805734,0.023670059,0.072493226
trg_moderate_prescient_fund_of_funds,76,0.056794953,0.023792392,0.072332038
trg_moderate_prescient_fund_of_funds,77,0.056752744,0.024080708,0.072046736
trg_moderate_prescient_fund_of_funds,78,0.056756757,0.024105461,0.071946378
trg_moderate_prescient_fund_of_funds,79,0.056761822,0.024272294,0.07172518
trg_moderate_prescient_fund_of_funds,80,0.056769261,0.024448342,0.071569416
trg_moderate_prescient_fund_of_funds,81,0.056769362,0.024592878,0.071389044
trg_moderate_prescient_fund_of_funds,82,0.056798447,0.02469778,0.07123336
trg_moderate_prescient_fund_of_funds,83,0.056788382,0.024829406,0.07108429
trg_moderate_prescient_fund_of_funds,84,0.056763504,0.024922813,0.070993486
trg_moderate_prescient_fund_of_funds,85,0.056755193,0.025105386,0.070839245
trg_moderate_prescient_fund_of_funds,86,0.056773827,0.025268172,0.070738665
trg_moderate_prescient_fund_of_funds,87,0.056792659,0.025446937,0.070726847
trg_moderate_prescient_fund_of_funds,88,0.056773073,0.025609285,0.070581737
trg_moderate_prescient_fund_of_funds,89,0.056769469,0.025742731,0.070412693
trg_moderate_prescient_fund_of_funds,90,0.056772016,0.025797134,0.07036778
trg_moderate_prescient_fund_of_funds,91,0.056750482,0.025956351,0.070229124
trg_moderate_prescient_fund_of_funds,92,0.05674729,0.026140578,0.070025063
trg_moderate_prescient_fund_of_funds,93,0.056778079,0.026187293,0.069815356
trg_moderate_prescient_fund_of_funds,94,0.056734292,0.026248462,0.069676251
trg_moderate_prescient_fund_of_funds,95,0.056760519,0.026429388,0.06949936
trg_moderate_prescient_fund_of_funds,96,0.056750878,0.026504231,0.069384388
trg_moderate_prescient_fund_of_funds,97,0.056745674,0.026584083,0.06929783
trg_moderate_prescient_fund_of_funds,98,0.056803917,0.026711439,0.069244272
trg_moderate_prescient_fund_of_funds,99,0.05683028,0.026857065,0.069199708
trg_moderate_prescient_fund_of_funds,100,0.056820702,0.026916919,0.069049768
